Rank,Score,Autonomous Coding Skills,Driver Skills,Team Number,Team Name,Organization,Event Region
1,548,246,302,81777A,Spicy Noodle,Magikid Cupertino Robotics Lab,California - North
2,531,249,282,629Y,Red&Blue,SCBS,East China
3,504,201,303,2988A,Mecha Arbiter,Shanghai Fenghua Junior High School,East China
4,496,213,283,618X,XRaccoon,Minhang Experimental Primary School,East China
5,492,235,257,3988S,Echosong,Irvine Robotics,California - South
6,479,192,287,1512X,Hexagonal Artists,Shanghai Concord Bilingual School,East China
7,471,208,263,478M,Elevate-Mac and Cheese,Elevate Tech,Washington
8,466,203,263,81777X,Cupertino Cheese,Magikid Cupertino Robotics Lab,California - North
9,465,246,219,5571K,Starlight Elves,Qingdao Fuzhou Road Primary School,Middle China
10,464,229,235,6116M,innocence,wankechengxiaoxue,West China
11,461,230,231,3988D,Fried Egg,Irvine Robotics,California - South
12,458,201,257,252S,Sunshine,I Wonder Robotics,Ontario
13,455,218,237,81777B,Chomper,Magikid Cupertino Robotics Lab,California - North
14,454,229,225,65526X,65526x,wankecity,West China
15,454,229,225,33933M,friendship,chaonengshiyanshi,West China
16,454,201,253,81777R,RoboBananas,Magikid Cupertino Robotics Lab,California - North
17,451,201,250,286A,Techno Bananas,Magikid Tustin,California - South
18,448,219,229,97793A,Mecha Masters,HICKS CANYON ELEMENTARY,California - South
19,447,201,246,2675C,Psycho Mouse,Magikid Fremont,California - North
20,441,222,219,6104C,Chicken Buckets,Magikid San Diego,California - South
21,439,236,203,252G,Goodness,I Wonder Robotics,Ontario
22,437,229,208,636M,phoenix,chaonengshiyanshiwanke,West China
23,434,203,231,861A,Speedy Gears,中国农业科学院附属小学,North China
24,434,179,255,13A,Super Heroes,XI'AN GAOXIN EXPERIMENTAL PRIMARY SCHOOL,West China
25,431,230,201,95059A,Saltyfish,Shanghai High School International Division,East China
26,430,229,201,80077A,DFD-A,Dongfengdong Road Primary School(Tian Lun),South China
27,430,201,229,81777Y,Obsidian Drittens,Magikid Cupertino Robotics Lab,California - North
28,429,221,208,99130J,Ace Squad 王牌战队,潘家园科创中心,North China
29,429,190,239,986A,STEMSTAR-Ancient Gear,Shanghai Jincai Hongwen School,East China
30,429,126,303,9199A,STEMSTAR-Super Nuke,Baoshan District  Central Primary School,East China
31,425,175,250,478J,Elevate-478J,Elevate Tech,Washington
32,423,201,222,2675B,The DUCKS,Magikid Fremont,California - North
33,423,190,233,98831K,running boys,STEMSTAR-DaNing,East China
34,423,166,257,2737A,Blazing Bananas,Magikid Robotics Lab Redmond,Washington
35,420,190,230,895A,Pixel Star,NA,California - North
36,419,200,219,5090A,Dragon Team,北京市西城区师范学校附属小学,North China
37,418,201,217,2675F,Air Drone Basis Fremont,Magikid Fremont,California - North
38,416,190,226,838E,End Game,Blaze Robotics Academy,Washington
39,414,213,201,8299B,HZ.Club ,宁波浩泽科技培训有限公司,East China
40,413,128,285,88818A,Homology Alliance,Shanghai International Studies University Shangyang Foreign Language School,East China
41,412,220,192,1132C,RoboHive ACE,虚渊创客工作室,North China
42,412,155,257,839X,// Caution Tape //,Caution Tape Robotics ////,Ontario
43,411,190,221,61666C,Breakfast,Ustar STEM Lab,California - North
44,405,170,235,95133G,Gold Bears,San Jose Robotics Club,California - North
45,405,164,241,182A,AutoMato Robotics,AutoMato Robotics Club,Ontario
46,402,201,201,99291F,JZGC-1,JZGC,South China
47,402,201,201,60666A,Magikid Dream Builders,Magikid Lab,East China
48,402,201,201,636C,hope,chaonengshiyanshi,West China
49,401,190,211,1933M,Maverick Explorers,Shanghai Pinghe School,East China
50,400,192,208,7276X,朱雀IQ2队,Robot.X.Lab.JS,North China
51,398,190,208,62666A,HUA CHUANG Rockets,北京第二实验小学,North China
52,398,190,208,98911E,LittleFish,STEMSTAR-Shanghai,East China
53,398,190,208,98996G,Thunder Dragon,STEMSTAR-Pudong,East China
54,398,179,219,10492W,10492W,上海市教育学会宝山实验学校,East China
55,394,202,192,98226J,创造奇迹队,北京潘家园,North China
56,393,168,225,88788X,Apex Stars,北京未来源科技教育,North China
57,391,203,188,88299B,Science museum 2,Youth Science & Technology Center of Beijing Xicheng,North China
58,391,171,220,15B,Crescent Catastrophe,CRESCENT ELEMENTARY,California - South
59,389,164,225,4010E,◕CSAA◕ Emotional Engineers,CSAAFuture,Ontario
60,389,149,240,38413A,Tech Serpents,N/A,Virginia
61,387,208,179,8588C,QingDao Bymax Team,Qingdao Zhenjiang Road Primary School,Middle China
62,387,179,208,7231G,BASIS International School Shenzhen,BASIS International School Shenzhen,South China
63,384,168,216,95014A,bruh.,STEM Cupertino,California - North
64,384,128,256,8990X,Chronos,Private,California - North
65,382,174,208,94301A,Sandstorm Hedgies,Hoover robotics club,California - North
66,382,179,203,95122H,雷霆之翼,潘家园科技中心,North China
67,380,190,190,99287S,bbtc3,bbtc,South China
68,380,190,190,58051X,杭州二中白马湖教育集团,杭州二中白马湖教育集团,East China
69,379,167,212,897A,Happy Moments,The Second Affiliated School of Fudan University,East China
70,378,177,201,9812W,Wings of Thunder,旧货市场创客实验室,North China
71,376,201,175,88299E,Science museum 5,Youth Science & Technology Center of Beijing Xicheng,North China
72,374,201,173,2276A,robot,Youth Science & Technology Center Of Beijing Xicheng,North China
73,374,110,264,6699U,Super Dragon,Taiwan Robotics Lab,Chinese Taipei
74,373,170,203,58051A,杭州二中白马湖教育集团,杭州二中白马湖教育集团,East China
75,369,180,189,478Z,Elevate-Zero to Hero,Elevate Tech,Washington
76,369,168,201,9452M,Cyber Cookies,M&M,California - South
77,368,153,215,8988P,Penguin,张江高科实验小学&上海中学&福山外国语小学&浦东民办惠立学校联队,East China
78,368,126,242,8966B,Bat,Hangzhou Xuejun Primary School (Qiuzhi Campus),East China
79,363,123,240,6808X,→Southpointe←,Southpointe Academy,British Columbia (BC)
80,360,163,197,2613B,Innov8,The Innovation Story,India
81,357,63,294,69000E,Relax,上海市大宁国际小学,East China
82,356,179,177,838V,Victory,Blaze Robotics Academy,Washington
83,354,164,190,99287G,bbtc,bbtc,South China
84,354,112,242,8282X,Godspeed,GotRobotics,California - South
85,354,135,219,20160M,MINIONS,THCS LY TU TRONG,Vietnam
86,352,112,240,1002C,Dreamers.GC,嘉義喬智創意機器人,Chinese Taipei
87,351,137,214,6885X,Soda Pop,RoboPlanet Burnaby,British Columbia (BC)
88,350,132,218,81067A,81,华南师范大学附属广州大学城小学,South China
89,349,120,229,95133E,Robo Pandas,San Jose STEM,California - North
90,347,168,179,31051X,中国杭州低碳科技馆,"Hangzhou Low Carbon Science and Technology Museum, Hangzhou, China",East China
91,347,146,201,21136B,Gladiators,Magikid Highland Park,Texas - Region 2
92,346,218,128,50009E,LW-E,Guangzhou Liwan Children's Palace,South China
93,346,110,236,8866K,8866K,Xiuzhou Experimental School affiliated to Zhejiang Normal University,East China
94,345,110,235,95133X,NeRdS,San Jose STEM,California - North
95,344,130,214,95111F,Nova Phoenix ,Beijing Haidian District Renbei Experimental School,North China
96,343,173,170,98226W,翱翔吧！孩有翼之队,北京潘家园,North China
97,343,90,253,3668A,Sentient Robotics Club - Hypercharge,Macau Artificial Intelligence Education Center,Macau
98,341,144,197,58766B,Mad Engineers,Omotec,India
99,341,138,203,5004S,MechaCoding S,MechaCoding Academy,South Korea
100,340,110,230,3207F,Fried Chicken,Diamond Bar Robotics,California - South
101,339,138,201,93557Z,Zeus,FusionBot,New York-South
102,339,110,229,9919A,HUA CHUANG Rockets,五路通,North China
103,339,110,229,60065A,Motorized Militia,Motorized Militia,Louisiana
104,337,218,119,1244A,KunLun Lab,昆仑创客,North China
105,336,208,128,8588B,QingDao Bymax Team,Qingdao Laigao Science and Technology Training School,Middle China
106,336,110,226,81777C,Taro Titans,Magikid Cupertino Robotics Lab,California - North
107,335,121,214,839Y,// Caution Tape Y-Stack //,Caution Tape Robotics ////,Ontario
108,335,110,225,69699A,Dehydrated Water,Reddam House,Australia
109,334,222,112,2876A,极光,kb_group,North China
110,334,190,144,765X,RoboHive,RoboHive,North China
111,334,126,208,1311B,西安曲江德闳学校,西安曲江德闳学校,West China
112,334,115,219,295Z,Z-woks,Placer Robotics (PART),California - North
113,333,115,218,5366P,ALCTRON,ALCTRON,South China
114,333,120,213,15678W,Lightning Bots,Redwood Robotics @ Sandpiper School,California - North
115,333,115,218,7835S,Titanium Sharks,J2 Education,California - South
116,331,128,203,1100E,Cosmobots,GRASSY LAKE ELEMENTARY SCHOOL,Florida - North/Central
117,330,127,203,67733A,JoMaker,究匠學教學基地,Chinese Taipei
118,330,112,218,85278A,明瑄华创,明瑄华创瓦力教育科技有限公司,North China
119,329,110,219,17593X,HYPER BOT CNX,Simzone Robotics by ECU=Shop,Thailand
120,329,110,219,61666G,Dinner,Ustar STEM Lab,California - North
121,328,127,201,1686C,西安市曲江第一学校,西安市曲江第一学校,West China
122,328,110,218,2033A,Project Quantum ,Guardians Alliance ,Nevada
123,327,201,126,2675W,IQ 200 Basis Fremont,Magikid Fremont,California - North
124,326,136,190,2613F,CuriousCity,The Innovation Story,India
125,326,134,192,6593B,Stallionbots,Schilling Farms Elementary School,Tennessee
126,324,166,158,6183A,Xi'an  QBZ ,西安高新路小学/陕西省西安小学/西安高新东区小学,West China
127,324,127,197,21404A,Cyber Wizards ,Home Team ,North Carolina
128,324,114,210,21350H,Ravage Riceballs,Trinity Grammar Preparatory School,Australia
129,324,84,240,68039V,IronBots,Trường trung học cơ sở Cầu Giấy,Vietnam
130,323,149,174,372Z,372Z,上海音乐学院实验学校,East China
131,322,121,201,473A,Dragon Botz 2.0,FLAGSTAFF CHARTER ACADEMY,Colorado
132,321,84,237,9699P,Shen Wai International School,Shen Wai International School,South China
133,321,112,209,5877F,Da Potatoes,EDUBOT Inc.,California - South
134,320,201,119,99288W,JZGC-3,JZGC,South China
135,320,141,179,68888A,Anonymous,Shanghai Children`s Library,East China
136,320,110,210,87258A,华创,Beijing Huachuang Vali,North China
137,320,108,212,7323X,7323X,Shanghai Qiu Zhi Primary School,East China
138,319,146,173,683A,RoboHive,RoboHive,North China
139,319,94,225,82823A,Space Explorers,Hungry Rabbits Robotics,Texas - Region 2
140,318,127,191,689A,Tech Wizards,Davis Youth Robotics,California - North
141,318,110,208,4028T,Axolittles,Axolotls Robotics @ Sandpiper School,California - North
142,315,114,201,30707A,GL Robotix,Chickamauga Elementary School,Georgia
143,315,97,218,779G,FA-The Immortal Squad,Futurum Academy Singapore,Singapore
144,314,124,190,838B,Boom,Blaze Robotics Academy,Washington
145,314,110,204,80020A,The Bunting Bots,Rocky Robotiqs,Colorado
146,314,99,215,91429X,Prometheus,Prometheus Stem Labs,Florida - North/Central
147,313,201,112,99289D,JZGC-2,JZGC,South China
148,313,160,153,9608X,AE86,Shanghai Children`s Library,East China
149,313,112,201,19901A,Cooley Tigers,T. S. COOLEY ELEMENTARY MAGNET SCHOOL,Louisiana
150,313,110,203,1686A,西安市曲江第一学校,西安市曲江第一学校,West China
151,313,110,203,15159A,Science museum,Youth Science & Technology Center of Beijing Xicheng,North China
152,311,110,201,45654A,Egg Roll,Code surfer,California - North
153,311,80,231,26862A,Infinite,VEX ACADEMY@Suzhou,East China
154,311,80,231,80086C,Special Synergy,上海市虹口区凉城第三小学,East China
155,310,84,226,20259A,STALLION,THCS Cầu Giấy,Vietnam
156,310,91,219,22051B,Budding Genius,Robospark,Washington
157,309,117,192,73429A,A.I.M Bot,Nilis's Art Studio,Texas - Region 4
158,307,172,135,26862B,Quantum Master,VEX学苑苏州人民路校区,East China
159,307,126,181,804A,Pin Destroyers,BROOKWOOD ELEMENTARY SCHOOL,Texas - Region 3
160,307,110,197,1431A,TITANS,Sirius Dynamics,Florida - South
161,307,99,208,6565A,A+,RoboPlanet Richmond 02,British Columbia (BC)
162,307,86,221,9965E,Explosive Lightbulbs,AOE Robotics Club,Maryland
163,305,110,195,15C,Crescent Overdrive,CRESCENT ELEMENTARY,California - South
164,304,99,205,9175A,YCIS.BJ,华创瓦力,North China
165,303,128,175,46140A,Floating Hotdogs,Ketchup & Mustard Robotics,Indiana - Region 2 - Central
166,303,106,197,66162A,The Gear Pals,The Gear Pals,California - South
167,303,102,201,43631M,MechaVolt ,MechaVolt ,Texas - Region 3
168,302,110,192,97517A,Iron Man,好未来,North China
169,302,73,229,4010W,◕CSAA◕ Wobbly Water,CSAAFuture,Ontario
170,302,54,248,76527A,LaZ BoyZ,Solar Strikeforce,Texas - Region 3
171,300,110,190,15159C,Science museum,Youth Science & Technology Center of Beijing Xicheng,North China
172,300,110,190,95014B,Forsaken,STEM Cupertino,California - North
173,300,110,190,96000A,Wired Warriors,The Mind Spark,Pennsylvania - East
174,300,47,253,20259R,Venus,THCS Cầu Giấy,Vietnam
175,300,99,201,18533A,New Start Robotics Team A,北京市中关村第三小学,North China
176,299,112,187,99130W,凌云先锋,潘家园科创中心,North China
177,299,80,219,93557G,Artemis-8513,FusionBot,New York-South
178,299,35,264,839W,// Caution Tape Watermelon //,Caution Tape Robotics ////,Ontario
179,296,87,209,17222A,Royal Roboteers,Nysmith Independent Team,Virginia
180,296,97,199,8696B,Shura,"Gaoling District Chengguan Primary School, Xi'an",West China
181,295,127,168,8188A,Yuxiang Primary School,Beijing Yuxiang Primary School,North China
182,292,118,174,8882B,KMYLS,Kwong Ming Ying Loi School,Hong Kong
183,292,73,219,17750A,MBI,Davis Youth Robotics,California - North
184,292,84,208,26989B,TPCS RoboKnights B,TRADERS POINT CHRISTIAN ACADEMY,Indiana - Region 2 - Central
185,291,112,179,20159X,ZHM机器人实验室,ZHM机器人实验室,East China
186,291,110,181,2599A,广州华外vex战队,华外同文外国语,South China
187,291,84,207,16789K,Doraemonster,Archimedes School,Vietnam
188,289,179,110,99287P,bbtc3,bbtc,South China
189,289,110,179,9911Z,9911Z,Mech Studio,North China
190,289,99,190,10831A,SubZero,The Robotics Garage,Washington
191,289,86,203,2626X,VEX G.O.A.T.s,St. Francis Xavier Middle School,Wisconsin
192,287,62,225,4010G,◕CSAA◕ Gifted Ghosts,CSAAFuture,Ontario
193,285,110,175,68681A,Thunder Team,培训机构,North China
194,285,64,221,41714X,Overclocked,Overclocked,Washington
195,283,82,201,8877Y,Cyber Chargers,Shanghai Primary School of Xuhui District,East China
196,283,80,203,6637A,Miracle Reappears,Baoshan District Third Central Primary School,East China
197,281,73,208,6900A,Not Very Busy,iSTEAM Academy,Massachusetts
198,279,62,217,7276M,朱雀IQ1队,Robot.X Lab.JS,North China
199,276,121,155,765A,RoboHive,RoboHive,North China
200,276,110,166,6520C,东方娃娃,东方娃娃,North China
201,276,84,192,94321C,Bouncy Mochi,Magikid Palo Alto Robotics,California - North
202,276,84,192,8873B,X-STREAM,THOMAS EDISON ENERGYSMART CHARTER SCHOOL,New Jersey
203,276,82,194,5866C,THE OTHER TEAM,LING TONG EDU,California - South
204,276,73,203,922Z,Halo,北京学而思,North China
205,275,91,184,67890A,Miracle,南投縣私立普台國民小學,Chinese Taipei
206,274,73,201,81125G,长春市明德路小学,长春市明德路小学,North China
207,274,73,201,55566A,A计划1队,Plan A Technology Growth Center,Middle China
208,272,105,167,3207K,Pikachu,Diamond Bar Robotics,California - South
209,272,72,200,3166A,Winner the Poo,Fateful Robotics,Texas - Region 2
210,272,41,231,6885B,Coders of the Caribbean,RoboPlanet Burnaby,British Columbia (BC)
211,271,166,105,6186A,Xi'an  ZBC ,西北大学附属小学/西安市莲湖区土门小学/西安市新城区后宰门小学/西安经开第一学校,West China
212,271,122,149,18511A,中国人民大学附属中学实验小学A队,中国人民大学附属中学实验小学,North China
213,270,80,190,5888B,小智工大B队,Xiaozhi Robot 小智机器人科学活动中心,North China
214,270,80,190,937B,Killer Whale,Shanghai Jincai Experimental Primary School,East China
215,270,80,190,10836B,Fire Hawks,ROBOSTORM,British Columbia (BC)
216,267,238,29,298A,Smart Penguins,Smart Penguins,British Columbia (BC)
217,267,69,198,6611T,TLVJ,Dr.player robotics lab Zhubei,Chinese Taipei
218,266,123,143,9027B,园岭特攻队,Yuen Ling Primary School,South China
219,266,102,164,838C,Croissants,Blaze Robotics Academy,Washington
220,266,98,168,1295X,Hypernova,Hypernova Robotics,California - South
221,265,159,106,52068A,52068A,北京乐高创领教育科技有限公司,North China
222,265,84,181,99889C,AstroBits,Cuddle STEM Center,Chinese Taipei
223,265,75,190,1779A,Magikid Titans,MagikidCedarpark,Texas - Region 4
224,264,110,154,3125M,ArchieBots,Archiebots Robotics Academy,Indiana - Region 1 - North
225,262,80,182,6677G,GearForce,Dr. Player Robotic Lab . Nantou,Chinese Taipei
226,262,80,182,9066Z,magikid beijing,北京市陈经纶中学分校望京实验学校,North China
227,262,86,176,93328A,RoboNati,Mason-WestChester Robotics,Ohio
228,262,61,201,80085W,CyberDrones,ORCHARD HILLS,California - South
229,261,118,143,8882A,KMYLS,Kwong Ming Ying Loi School,Hong Kong
230,261,110,151,6366Y,6366Y,浣熊工作室,West China
231,261,86,175,58071A,The Men in Black,Maple Valley Elementary School,North Dakota
232,260,14,246,79813J,Brave,Vinschool Times City & Ngôi sao Hoàng Mai,Vietnam
233,258,137,121,2613G,MECH MAVERICKS,The Innovation Story,India
234,257,138,119,71030G,PNP-G,VEX Academy of  Guangzhou PNP studio,South China
235,257,84,173,2615B,Access Denied,Nita Mukesh Ambani Junior School,India
236,257,49,208,9066A,magikid beijing,北京市朝阳区人朝分东坝学校,North China
237,257,0,257,9110A,Genius Fish,Shanghai Soong Ching Ling School‌,East China
238,256,110,146,58766A,Robo-Kings,Omotec,India
239,256,88,168,96869X,The Avengers,弘文留学咨询(广州)有限公司,South China
240,255,87,168,91228A,Control-Alt-Defeat,North London Collegiate School Jeju,South Korea
241,254,110,144,1100S,King Pins,GRASSY LAKE ELEMENTARY SCHOOL,Florida - North/Central
242,253,0,253,31203C,31203C,Xiuzhou Affiliated Experimental School of Zhejiang Normal University,East China
243,252,69,183,5366G,ALCTRON VEX CLUB,ALCTRON,South China
244,252,84,168,5010D,Stella Scorpion,Glendal Primary School,Australia
245,251,128,123,10492T,上海市浦东新区清源小学,上海市浦东新区清源小学,East China
246,249,58,191,3335K,长宁来福士,长宁来福士,East China
247,248,101,147,35016H,(AERO) Team Hughes,ARAB ELEMENTARY SCHOOL,Alabama
248,248,84,164,81500A,Gummy Squirrels,Gummy Squirrels,Florida - North/Central
249,246,127,119,69777V,魔力战队,哈尔滨魔力AI科学探索中心,North China
250,246,110,136,58766D,Trial and Error,Omotec,India
251,245,74,171,83089B,Tsinghua University Affiliated Middle School,Tsinghua University Affiliated Middle School Guanzhuang School,North China
252,245,53,192,91108C,Banana Pigeons,SAN MARINO ROBOTICS LAB,California - South
253,244,24,220,77710A,The Matrix,Private Team,North Carolina
254,244,32,212,98877K,98877K,STEMSTAR-Shanghai,East China
255,243,84,159,66767A,6 7,Future Minds of Carolinas,North Carolina
256,242,91,151,21121A,VEXTRONS,MANATEE BAY ELEMENTARY SCHOOL,Florida - South
257,242,0,242,2373V,2373V,Shanghai Xiwai International School,East China
258,241,117,124,18305B,Lion Innovators,Sagemont Preparatory School,Florida - South
259,241,101,140,552S,552,中国农业科学院附属小学,North China
260,240,117,123,35999A,RoboHive ACE,北京精诚实验小学,North China
261,240,80,160,6699E,Nothing,Taiwan Robotics Lab,Chinese Taipei
262,240,84,156,12421A,Peregrine Falcon,Yiyun Tang,California - North
263,240,80,160,85454B,(*‿*)(*‿*) Team Possibility (*‿*)(*‿*),DYR,California - North
264,240,80,160,4010V,◕CSAA◕ Vroom Vroom Vitality,CSAAFuture,Ontario
265,240,64,176,478T,Elevate-Firestorm,Elevate Tech,Washington
266,240,10,230,3627A,3627A,苏州唯尔斯丹姆机器人科技有限公司,East China
267,238,112,126,7374C,回龙观一队,kb_hlg,North China
268,237,99,138,99287K,bbtc2,bbtc,South China
269,235,34,201,1661A,中关村第一小学,中关村第一小学,North China
270,234,55,179,1002A,Builders.GC,嘉義喬智創意機器人,Chinese Taipei
271,234,86,148,478R,Elevate-Best Bots,Elevate Tech,Washington
272,233,36,197,18000B,Carson STEAM 2,CARSON STREET ELEMENTARY,California - South
273,232,51,181,83988C,STEMBLOCK - New Brunswick,STEMBLCOK,New Brunswick/Nova Scotia/Prince Edward Island
274,232,2,230,97A,兰州市城关区水车园小学A队,兰州市城关区水车园小学,West China
275,231,112,119,96699G,Shekou International School,Shekou International School,South China
276,231,34,197,839R,// Caution Tape //,Caution Tape Robotics ////,Ontario
277,230,140,90,7374D,回龙观二队,kb_hlg,North China
278,230,139,91,2615A,Quantum Questioners,Nita Mukesh Ambani Junior School,India
279,230,86,144,32112A,Rust Buckets,Heritage Christian Academy,Texas - Region 2
280,230,56,174,6185A,Xi'an  TNT ,西安高新第二小学/西咸新区沣东新城阳光城小学,West China
281,230,29,201,3030D,Biscuit Robotics D,Biscuit Robotics,Texas - Region 3
282,229,101,128,839T,// Caution Tape Tank //,Caution Tape Robotics ////,Ontario
283,229,17,212,10492X,10492X,上海市爱菊小学,East China
284,229,28,201,33122A,33122,上海市静安区万航渡路小学,East China
285,229,28,201,5004Z,MechaCoding Z,MechaCoding Academy,South Korea
286,229,2,227,484A,G-Force,BD,Washington
287,229,0,229,88788A,Apex Stars,北京未来源教育,North China
288,228,99,129,8848A,东北师范大学附属小学,东北师范大学附属小学,North China
289,228,81,147,25757B,Delta Bots,Diesel Learning,Virginia
290,228,27,201,2706A,WYJJ Team A,TWGHs Wong Yee Jar Jat Memorial Primary School,Hong Kong
291,228,14,214,82018A,EDS - DRAGON,InnoChain – Edu Investment Joint Stock Company,Vietnam
292,227,97,130,21350F,Tech Bosses,Trinity Grammar Preparatory School,Australia
293,227,91,136,95133D,Girl Powered-Eclipse,San Jose STEM,California - North
294,227,24,203,2526C,firefly,深圳市福田区石厦学校,South China
295,227,24,203,96902C,ABE StarBots Team C,AMY BEVERLAND ELEMENTARY,Indiana - Region 2 - Central
296,226,110,116,7899X,Rolling Robots Blue Inferno,Rolling Robots,California - South
297,226,0,226,98629A,HA,STEMSTAR,East China
298,226,17,209,22051D,Fire Dragons,Robospark,Washington
299,225,7,218,10432G,sinavro,gimhae robotics,South Korea
300,224,112,112,81020A,Beijing Bayi School,Beijing Bayi School,North China
301,224,21,203,277X,TechX Vortex,TechX Robotics,California - South
302,224,74,150,6440C,Guilford GearBusters,GUILFORD ELEMENTARY,Indiana - Region 2 - Central
303,224,84,140,52710A,The Rising Eagles,BELLS ELEMENTARY,South Carolina
304,224,34,190,4250Y,Chonkbot Squad,MuYv Robotics Consulting,New Zealand
305,224,14,210,8672B,8672B,CHINGSHIN ACADEMY 高年級組,Chinese Taipei
306,223,91,132,779B,FA-FA,Futurum Academy Singapore,Singapore
307,223,56,167,3207B,Oblivion,Diamond Bar Robotics,California - South
308,222,110,112,2999F,VEXZILLA,CodeLab,Thailand
309,222,84,138,1243A,HK - ABM,Matt Robotics,Hong Kong
310,222,69,153,5366A,ALCTRON VEX CLUB,ALCTRON,South China
311,221,91,130,2594A,SBCPS,St. Bonaventure Catholic Primary School,Hong Kong
312,221,2,219,9699A,Shen Wai International School,Shen Wai International School,South China
313,220,110,110,2876B,掠影,kb_group,North China
314,220,101,119,9699C,Shen Wai International School,Shen Wai International School,South China
315,220,17,203,6104H,GIRL POWERED HYDRANGEA!,Magikid San Diego,California - South
316,220,17,203,9195A,Flaming Phoenix,Robot&Beyond,Massachusetts
317,219,148,71,2614A,COLOSSAL CODER,Ascend International School,India
318,219,109,110,20369W,The Angry Hot Dogs,W&Z,California - North
319,219,16,203,1140A,Discobots,XM Robotics,Ontario
320,219,0,219,20267B,Quantum Gear,The Beyond Coding,South Korea
321,219,0,219,6786A,长庆八中/西安经开第五小学/西安未央锦园小学/范家小学,长庆八中/西安经开第五小学/西安未央锦园小学/范家小学,West China
322,218,98,120,42403A,Aurora Red Devils,Aurora Elementary School,Indiana - Region 3 - South
323,218,72,146,243A,TechTigers,FRONTIER SCHL OF INNOVATION-M,Missouri
324,218,68,150,57100X,YARIS MECHANICS,Balıkesir Provincial Directorate of National Education ,Türkiye
325,218,62,156,70113T,GC Novas,台南喬智創意機器人,Chinese Taipei
326,218,36,182,79019X,79019X,坂田实验小学,South China
327,218,2,216,67890C,Dragon,南投縣私立普台國民小學,Chinese Taipei
328,217,99,118,9556A,Hua Chuang,华创瓦力,North China
329,215,91,124,6116H,innocence,hubinxiaoxue,West China
330,215,91,124,80292D,Robo Rangers,AOTE Foundation,Michigan
331,215,88,127,22020Y,The Penguins,Kidwe Lab,New Zealand
332,215,40,175,18823M,Mt Auburn Tech Mustangs,MOUNT AUBURN STEAM ACADEMY,Texas - Region 2
333,215,14,201,32881N,Arrowhead NextGen,Arrowhead Robotics,Philippines
334,215,0,215,63330D,Ducky,Future Sphere,New York-South
335,214,110,104,71548A,奕彩鸿飞,海淀妇女儿童活动中心,North China
336,214,93,121,58766G,Livewires,Omotec,India
337,214,65,149,99396D,Donut Divas,Hartselle Robotics Club - Morgan County 4H,Alabama
338,214,0,214,7799A,TQTC_GAMER,上海市浦明师范附属小学,East China
339,213,101,112,68808A,Utopia Robotics,Utopia Robotics,East China
340,213,51,162,560A,Donut Sparkle Squad,Northern Michigan Robotics Club,Michigan
341,213,38,175,18697A,DPS,Dural Public School,Australia
342,212,82,130,5988X,RoboTrons,Robotrons @ Sandpiper School,California - North
343,212,64,148,8181E,Team Xtreme,MANDARIN IMMERSION MAGNET SCHOOL,Texas - Region 3
344,212,56,156,29766T,Quarry Lads & Lassie,Stinesville Robotics Team,Indiana - Region 3 - South
345,212,48,164,7835B,Buff Bananas,J2 Education,California - South
346,212,0,212,7799Y,TQTC_Hammer,洋泾菊园实验学校,East China
347,211,99,112,9399F,9399F,器宇智能机器人,East China
348,211,71,140,821D,The Ramen Dragons,ED H WHITE ELEMENTARY SCHOOL,Texas - Region 3
349,211,62,149,2999C,MIRAGE,CodeLab,Thailand
350,211,48,163,98777C,Miracle Reappears,STEMSTAR-Shanghai,East China
351,210,82,128,93557X,Ares 2009,FusionBot,New York-South
352,210,9,201,2220Z,Mayday,好未来,North China
353,209,20,189,9955E,Cybot-Vortex,Cybot,British Columbia (BC)
354,208,84,124,80066A,Gear wheel,Changsha Lushan International Experimental Primary School,Middle China
355,208,7,201,98777K,Lucky Angel,New Hongxing Primary School,East China
356,208,0,208,8696A,WC King,Xi'an jingkai No.16 Primary School,West China
357,208,0,208,27215W,Resilience Wisdom,Vinschool Smart City,Vietnam
358,207,125,82,6811B,NK_StarBots,NNKIEH,Chinese Taipei
359,207,88,119,60668A,MagicBot,MagicBot,Washington
360,207,73,134,6177A,Armored Axolotls,Robotfun Academy,Massachusetts
361,207,0,207,82222V,AE86,HaMeng Coding,North China
362,206,91,115,62762A,AXEL Bots,AXEL Bots,Virginia
363,205,86,119,51001A,Wuyi Future Exporimontal Primary School Team A,"Wuyi Future Exporimontal Primary School,Haidian Distrlct,Beijing",North China
364,205,4,201,99298A,HuaCHuang-VEX,华创瓦力机器人,North China
365,205,4,201,5559C,OK-Eclipse Synthetic,OpenKids,Singapore
366,204,14,190,9408B,Beta,BC Technology Consulting INC,New York-South
367,203,0,203,20260A,Genboo,Genboo Robotics,California - North
368,203,0,203,7755C,Flying boys,Shanghai Zhuqiao Experimental Primary School,East China
369,203,2,201,7146A,ClickRobot Watcharapol #2,ClickRobot Watcharapol,Thailand
370,203,2,201,16688K,Dracobots ES/Kool Kats,Dracobots,Oregon
371,203,0,203,92333G,ALCTRON VEX CLUB,ALCTRON HB,Middle China
372,203,0,203,54088A,X-Kids,JingChengZhongXin,East China
373,201,89,112,6811A,NK_RoboForce,NNKIEH,Chinese Taipei
374,201,84,117,53732G,Pendragon,All Nations Community School,Texas - Region 3
375,201,64,137,6780A,Knight Byte Pups,Knight Byte Pups,Georgia
376,201,0,201,9933E,Cybot-Eclipse,Cybot Robotics Academy,British Columbia (BC)
377,201,0,201,13722X,Dippin' Bots,The Frazer School - Elementary,Florida - North/Central
378,201,0,201,8858A,史迪仔,北京市三帆中学附属小学,North China
379,201,0,201,81020C,北京市八一学校,Beijing Bayi School,North China
380,201,0,201,9399E,9399E,器宇智能机器人,East China
381,201,0,201,8685V,Ace,深圳香港培侨书院龙华信义学校,South China
382,201,0,201,8186A,育翔小学,北京育翔小学,North China
383,201,0,201,95985A,95985A,北京佰立森教育科技有限公司,North China
384,201,0,201,669B,苏州工业园区景城学校 B队,苏州工业园区景城学校,East China
385,200,73,127,20868A,ECNUXP-A,Xiamen ENCU Xiping Bilingual School,South China
386,200,66,134,5550A,Monesters,STEM AI,Egypt
387,200,19,181,25702A,25702A,沧州史塔克,North China
388,198,28,170,83089A,Chen Jinglun Middle School Poly Primary School,Chen Jinglun Middle School,North China
389,198,88,110,83861E,EDS - Happy robot,Edison An Khánh,Vietnam
390,198,81,117,42403C,Aurora 4th grade,Aurora Elementary School,Indiana - Region 3 - South
391,196,84,112,1545M,Wabash Apache Robotics,WABASH MIDDLE/HIGH SCHOOL,Indiana - Region 1 - North
392,196,36,160,10525D,Dunkin' Ducks,FOREST GLEN ELEMENTARY SCHOOL,Indiana - Region 2 - Central
393,196,21,175,81941A,Dynamic Destroyers,NA,North Carolina
394,195,102,93,80088U,DFD-U,Dongfengdong Road Primary School,South China
395,195,51,144,9965X,ProjectX,AOE Robotics Club,Maryland
396,194,2,192,21350K,VEXecution,Trinity Grammar Preparatory School,Australia
397,194,34,160,43277A,Gear Bots,Gear Bots,Arizona
398,194,4,190,63041A,CWWPS(A),GCCITKD Cheong Wong Wai Primary School,Hong Kong
399,193,36,157,76019V,V&V FSchoolCG,Tiểu học & THCS FPT Cầu Giấy,Vietnam
400,193,18,175,826A,Snake Byte,RALPH PARR ELEMENTARY SCHOOL,Texas - Region 3
401,193,0,193,7799B,HaMeng,上海市东方小学,East China
402,192,75,117,46658A,Lightning Vortex,Artarmon Public School,Australia
403,192,73,119,9399A,9399A,器宇智能机器人,East China
404,192,7,185,2166A,Magikid Caliber,Magikid Robotics Lab Frisco,Texas - Region 5
405,191,84,107,8996B,8996B,上海浦东德威外籍人员子女学校,East China
406,191,0,191,60600B,创亿探索二队,创亿探索科技中心,Middle China
407,191,9,182,6655Z,Botcrafter,Dr.player robotics lab Taipei,Chinese Taipei
408,191,2,189,67890B,VEX PUTAI,南投縣私立普台國民小學,Chinese Taipei
409,191,0,191,98500X,Justice League,SHENZHEN HONGKONG PUI KIU COLLEGE LONGHUA XINYI SCHOOL,South China
410,190,0,190,18000A,Carson STEAM,CARSON STREET ELEMENTARY,California - South
411,190,0,190,9399C,9399C,器宇智能机器人,East China
412,190,0,190,5521D,园岭曙光,园岭小学,South China
413,190,0,190,11806A,NSPS winner,桃園市南勢國民小學,Chinese Taipei
414,189,84,105,838X,Xterminators,Blaze Robotics Academy,Washington
415,189,62,127,71888C,远翊宸锋,北京市海淀区七一小学,North China
416,189,62,127,41016A,Ctrl-Alt-Defeat,Boys and Girls Club of Boone County,Indiana - Region 2 - Central
417,189,34,155,5866D,TRIAL & ERROR,LING TONG EDU,California - South
418,189,0,189,9955D,Cybot-Voyager,Cybot,British Columbia (BC)
419,188,72,116,2633B,CODE-A-ROBOT,CODE-A-ROBOT,Florida - South
420,188,62,126,1100G,Gear Girls,GRASSY LAKE ELEMENTARY SCHOOL,Florida - North/Central
421,188,53,135,812A,Boba Bots,I W AND ELEANOR HYDE ELEMENTARY SCHOOL,Texas - Region 3
422,187,99,88,20234J,小洛特聯隊1,SLR小洛特機器人,Chinese Taipei
423,187,88,99,20258A,中国人民大学附属中学实验小学,中国人民大学附属中学实验小学,North China
424,187,88,99,36688A,BASIS Bilingual School Shenzhen,BASIS Bilingual School Shenzhen,South China
425,187,64,123,55580D,Password Incorrect ,Denla British School,Thailand
426,187,43,144,6656F,Code Architects,Xavier School,Philippines
427,186,2,184,2613E,Circuit Breakers,The Innovation Story,India
428,186,56,130,34035J,IOROBOT JR,İbrahim Özaydın Mesleki ve Teknik Anadolu Lisesi,Türkiye
429,186,54,132,25039A,Lightning McBots,Robots Rock,Utah
430,185,14,171,7755N,VEX-XG7755,上海筑桥实验小学,East China
431,185,91,94,4613C,Barker Greenbacks,Barker College - K-12 School,Australia
432,185,17,168,10142A,Green Tigers Team A,MANOA ELEMENTARY SCHOOL,Hawaii
433,185,21,164,55550B,Avengers AI Two,Scholars of Carolina,North Carolina
434,185,0,185,81777V,Timbobs,Magikid Cupertino Robotics Lab,California - North
435,184,64,120,37401A,Fire Bots,iCode,Virginia
436,184,28,156,99396M,The Mighty Littlefoot,Hartselle Robotics Club - Morgan County 4H,Alabama
437,184,47,137,81777S,Samosa,Magikid Cupertino Robotics Lab,California - North
438,184,26,158,8672A,8672A,CHINGSHIN ACADEMY 高年級組,Chinese Taipei
439,184,17,167,20058C,EagleTec,CORAL ACADEMY OF SCIENCE LAS VEGAS  - Cadence,Nevada
440,184,2,182,8866Z,8866Z,The Third Affiliated Experimental School of Shanghai Normal University,East China
441,183,72,111,92633B,WYRED:  BelleBots,WYRED Robotics,Indiana - Region 1 - North
442,183,4,179,23566A,星创编程,星创编程,South China
443,183,4,179,99889B,RoboPlanet,Cuddle STEM Center,Chinese Taipei
444,182,84,98,56166A,45 Blaze AI,Wonder Mentorship Inc.,California - North
445,182,0,182,6333G,GX-The Goated Team,Gaiax,Singapore
446,182,62,120,60360E,Cactus Farmers,Heritage Elementary School,California - South
447,182,14,168,57986J,SpaceX,Sydney School (SISS),Vietnam
448,182,0,182,891A,昆山萝卜丸2队,昆山市城北中心小学,East China
449,181,43,138,55580F,Banana Bots 2.0,Denla British School,Thailand
450,181,7,174,14012H,Vexceeded,PINECREST LAKES MIDDLE/HIGH ACADEMY,Florida - North/Central
451,180,2,178,16894B,Dromore NS 2,Dromore NS,Ireland
452,180,0,180,68618A,BigBrain,DaYue,East China
453,180,0,180,16286P,Tiểu học Vạn Phúc,Trường Tiểu học Vạn Phúc,Vietnam
454,179,84,95,4945D,Eaglebots: Pin Blasters,GRAND RAPIDS CHRISTIAN,Michigan
455,179,73,106,29032E,Summit Seekers ES,Endeavor Microschool,Tennessee
456,179,63,116,295U,RoboMonkeys,Placer Robotics (PART),California - North
457,179,24,155,28731A,28731A,foshan,South China
458,179,12,167,77115A,马里奥利奥,北京化工大学附属中学小学部,North China
459,179,9,170,8181K,Drive4ward,MANDARIN IMMERSION MAGNET SCHOOL,Texas - Region 3
460,179,0,179,2278K,✧(๑•̀ㅂ•́)و✧EACH✧//Surpass//,Shenzhen Science Museum EACH-ROBOTICS,South China
461,179,0,179,4250X,Bytesize,MuYv Robotics Consulting,New Zealand
462,178,84,94,22051A,Speeders,Robospark,Washington
463,178,80,98,93673C,ShamrockBot Hunters,LUDINGTON AREA CATHOLIC SCHOOL,Michigan
464,178,49,129,90222B,Straley Giggle Bots,Straley Elementary School,West Virginia
465,178,7,171,6611E,Builderspizzaplace,Dr.player robotics lab Zhubei,Chinese Taipei
466,178,36,142,30707B,Flying Squirrels,Chickamauga Elementary School,Georgia
467,178,26,152,31837K,BuzzTech,Norma Butler Bossard Elementary School,Florida - South
468,178,14,164,66799J,AST-onishing J,American School in Taichung,Chinese Taipei
469,177,70,107,6333E,GX-IDK,Gaiax,Singapore
470,177,60,117,349W,Liv·e: Stitch & Angel,LIV Koleji,Türkiye
471,177,58,119,99174A,St. Mary's National School,St. Marys National School,Ireland
472,177,55,122,12414B,Technology Prodigies 2.0,KANOELANI ELEMENTARY SCHOOL,Hawaii
473,177,13,164,8181N,The Black Box,MANDARIN IMMERSION MAGNET SCHOOL,Texas - Region 3
474,177,4,173,82018B,EDS - POLAR BEAR,Edison Schools,Vietnam
475,176,34,142,7134A,The Ramen Empire,BlueJay Robotics,Maryland
476,176,2,174,12059G,Robo Rams,St. Luke Catholic School,Indiana - Region 2 - Central
477,176,17,159,96712B,CANEFIRES,Haleiwa Elementary School,Hawaii
478,176,34,142,27093A,SkyWalker,Peking University Elementary School,North China
479,175,65,110,10904B,RoboRavens White,IRVINGTON COMMUNITY SCHOOL,Indiana - Region 2 - Central
480,175,81,94,53919A,Spartan Robotics A,BETHLEHEM EVANGELICAL LUTHERAN SCHOOL,Wisconsin
481,175,63,112,83012A,Tech Sirens,Tech Sirens,Virginia
482,175,56,119,15034C,BadgerBOTS C,BINFORD ELEMENTARY SCHOOL,Indiana - Region 3 - South
483,175,56,119,1064A,Tech Titans,STEMbotics,United Kingdom
484,175,20,155,22566C,Nord Anda School,"Nordanda School, Panyu District, Guangzhou",South China
485,175,0,175,3668B,Sentient Robotics Club - Big Mac,Macau Artificial Intelligence Education Center,Macau
486,175,7,168,48251K,Sapphire K,SapphireLab,South Korea
487,175,2,173,26989C,TPCS RoboKnights C,TRADERS POINT CHRISTIAN ACADEMY,Indiana - Region 2 - Central
488,175,0,175,98626A,Qin Shi Huang rode the polar bear team, 广州市越秀区爱酷叮教育培训中心有限公司,South China
489,174,64,110,52068B,52068B,北京乐高创领教育科技有限公司,North China
490,174,64,110,25425B,Knuckle Sandwich - Chaos,"Knuckle Sandwich Robotics, Inc.",Alabama
491,174,62,112,770H,Re-imagine Robotics Hyper,Re-imagine Robotics,Georgia
492,174,58,116,2014W,Wild Robot,Sandpiper School,California - North
493,174,54,120,34362H,Natural Disaster,ST JOSEPH SCHOOL,Wisconsin
494,173,86,87,25073A,Snapdragons,Amelang Home,Colorado
495,173,58,115,55909D,Tadpole Bots,SACRED HEART SCHOOL,Minnesota
496,173,56,117,5004V,MechaCoding V,MechaCoding Academy,South Korea
497,172,72,100,295S,S.M.A.R.T.,Placer Robotics (PART),California - North
498,172,62,110,68795C,CR_Chula_ES01,ClickRobot Engineer Learning Center,Thailand
499,171,47,124,220C,Censored,Western Mechatronics,Alberta/Saskatchewan
500,171,34,137,62569Z,VSP-XXX,VANKE SCHOOL PUDONG,East China
501,171,7,164,77710Z,Bob the Builder,Private Team,North Carolina
502,171,9,162,53976A,Tara Oaks Tigerbots,TARA OAKS ELEMENTARY SCHOOL,Tennessee
503,171,7,164,10459A,The TEST Pilots,Skiles Test Elementary School,Indiana - Region 2 - Central
504,170,56,114,478F,Elevate-Blitz,Elevate Tech,Washington
505,170,21,149,138E,QRCA - Magenta,AAA Training and Tuition (RTO 46396),Australia
506,170,10,160,220X,Phoenix,Western Mechatronics,Alberta/Saskatchewan
507,170,2,168,12609A,Zhongguancun NO.1 A中关村一小,Zhongguancun No.1 Primary School,North China
508,170,2,168,20159A,ZHM机器人实验室,ZHM机器人实验室,East China
509,169,69,100,4613B,Barker Greybacks,Barker College - K-12 School,Australia
510,168,68,100,6741F,Firebirds,Firebird Robotics,North Carolina
511,168,46,122,64891A,NXBot Prime,NXBot,Georgia
512,168,40,128,26566G,ISA Science City International School,ISA Science City International School,West China
513,168,29,139,7788A,北京市海淀区永泰小学,北京市海淀区永泰小学,North China
514,168,4,164,12368C,Falcon Bots,Emirates Science Club,United Arab Emirates
515,168,0,168,20267E,Rising Star,The Beyond Coding,South Korea
516,168,0,168,11806B,NSPS No.1,桃園市南勢國民小學,Chinese Taipei
517,166,80,86,38792A,Sigma,THE R CHILD STEAM Center,New Jersey
518,166,74,92,7919A,Tritt United Robotics Club,Tritt Elementary School,Georgia
519,166,73,93,10692E,Probots,GEORGE W. WHITLOW ELEMENTARY,Georgia
520,166,64,102,95849B,Wa-Nee: Pantherbots B,WaNee: Pantherbots,Indiana - Region 1 - North
521,166,54,112,279G,Trailblazers,Trailblazer Robotics Juniors,Georgia
522,166,48,118,59713C,The 5 Cs,MERCER ELEMENTARY,West Virginia
523,166,22,144,17023A,TSJ RobotStars,Happy Robot,Chinese Taipei
524,165,74,91,6632A,Titanium Penguins,Prairie Ridge Elementary School,Colorado
525,165,46,119,78682C,DynamicDolphinBots 78682C,DAVES CREEK ELEMENTARY SCHOOL,Georgia
526,165,0,165,2910A,兰州市城关区水车园小学,"Shuicheyuan Primary School, Chengguan District, Lanzhou",West China
527,164,80,84,295E,Bot Jockey,Placer Robotics (PART),California - North
528,164,36,128,20253A,Golden Gears,Kenar Patel,South Carolina
529,163,60,103,6634B,JAWS - CCS2,Chattanooga Christian School,Tennessee
530,163,53,110,80088T,DFD-T,Dongfengdong Road Primary School,South China
531,163,14,149,59713E,The Plank Walkers,MERCER ELEMENTARY,West Virginia
532,163,17,146,95111E,机器人,Beijing Haidian District Renbei Experimental School,North China
533,163,17,146,1100A,Lazer Pins,GRASSY LAKE ELEMENTARY SCHOOL,Florida - North/Central
534,163,0,163,27849B,猛龙队,恒知少儿编程,South China
535,162,38,124,801A,Tech Turtles A,ARMAND BAYOU ELEMENTARY SCHOOL,Texas - Region 3
536,162,36,126,4051B,Midway’s Techno Bots,MIDWAY ELEMENTARY SCHOOL,Georgia
537,162,0,162,70632G,Robo-Toppers II,Needmore Elementary,Indiana - Region 3 - South
538,161,43,118,3321A,Robo-Pioneers A,Virginia Shuman Young Elementary School,Florida - South
539,160,80,80,50316F,The Obi-Wan Kenobots,COMMODORE JOHN ROGERS ELEMENTARY/MIDDLE,Maryland
540,160,28,132,22524M,Juicy Musubi,Island Robotics,Hawaii
541,160,18,142,21566G,星创编程,星创编程,South China
542,160,2,158,6966E,BASIS International School Guangzhou,BASIS International School Guangzhou,South China
543,159,73,86,43444N,Northview Vex Vikes,NORTHVIEW ELEMENTARY SCHOOL,Indiana - Region 1 - North
544,159,40,119,199R,Rams Robotics,Reinhardt Elementary School,Texas - Region 2
545,159,24,135,838D,Dynamic Dinosaurs,Blaze Robotics Academy,Washington
546,159,0,159,17947B,Robo Sapiens,Homegrown,Texas - Region 3
547,158,65,93,19866A,Galaxy Phoenix,Nysmith School (Private),Virginia
548,158,46,112,37064D,Creekside Otter Robotics,CREEKSIDE ELEMENTARY SCHOOL,Tennessee
549,158,26,132,838N,Nameless Champions,Blaze Robotics Academy,Washington
550,158,20,138,9852W,PSP Nucleus,Srinakharinwirot University : Prasarnmit Demonstration School (Elementary),Thailand
551,158,18,140,428J,North Loop Jaguars2,NORTH LOOP ELEMENTARY SCHOOL,Texas - Region 1
552,158,4,154,6040X,深圳市龙华区万科双语学校,深圳市龙华区万科双语学校,South China
553,157,34,123,27093H,erudition,Peking University Elementary School,North China
554,156,74,82,10904A,RoboRavens Red,IRVINGTON COMMUNITY SCHOOL,Indiana - Region 2 - Central
555,156,64,92,91416X,Gearheadx,Wahoo Robotics (Saunders Catholic Schools & Wahoo Public Schools),Nebraska
556,156,64,92,91998G,The Glitch,NorthernPlayalisticRobotics,Michigan
557,156,44,112,92981A,CyberStorms ,CyberStorms ,North Carolina
558,156,42,114,18823A,Mt Auburn Lady Mustangs,MOUNT AUBURN STEAM ACADEMY,Texas - Region 2
559,156,7,149,49958A,What's a Robot?,HEALTH/WELLNESS ENVI MAGNET,Arkansas
560,156,19,137,2999K,PB&J,CodeLab,Thailand
561,156,18,138,1729V,Victorious,International Robotics Academy,Kazakhstan
562,156,7,149,22222C,BABY SHARKS,LogandSteam,South Korea
563,155,59,96,8679B,8679B,CHINGSHIN ACADEMY 中年級組,Chinese Taipei
564,155,53,102,60006P,Robo Pixels,Loudoun Valley Robotics,Virginia
565,155,46,109,74866A,Cosmic Bots,B MCDANIEL INT,Texas - Region 5
566,154,42,112,6210M,HCS: Megalodons,HERITAGE CHRISTIAN SCHOOL,Indiana - Region 2 - Central
567,154,9,145,2706C,WYJJ Team C,TWGHs Wong Yee Jar Jat Memorial Primary School,Hong Kong
568,154,0,154,1131B,1131B,Shenzhen Shenjing Workshop,South China
569,153,0,153,33933H,knowledge,chaonengshiyanshi,West China
570,153,54,99,23136B,Popcorn Popping Crew,Pink & Blue,Virginia
571,153,18,135,18345B,天工造物,沈阳VEX学苑,North China
572,153,7,146,75035A,Quantum Bots,"Magikid Robotics Lab - Frisco, TX",Texas - Region 5
573,153,2,151,32184A,Super Team,Hitahouse,Vietnam
574,152,56,96,98854E,Electric Eagles,Bright Field Middle School,Arkansas
575,152,52,100,40047A,STEAMPUNKS, Private / Independent Team,Florida - South
576,152,27,125,6854A,Star Armada,Beijing,North China
577,152,18,134,74756F,Mythri-CodeZilla,Mythri Stem Academy,Nevada
578,152,17,135,63388A,乌兰浩特市第八中学,乌兰浩特市第八中学,North China
579,152,17,135,18889A,Pickle-Cheese,Team Pickle-Cheese,Texas - Region 5
580,152,0,152,60600A,创亿探索一队,创亿探索科技中心,Middle China
581,152,0,152,51666W,图灵队,"Jiangsu youvector Technology Co., Ltd",East China
582,152,0,152,8928A,Mhero,Mhero,Ontario
583,151,58,93,21350G,Chill Robots,Trinity Grammar Preparatory School,Australia
584,151,55,96,95849E,Wa-Nee: Pantherbots E,WaNee: Pantherbots E,Indiana - Region 1 - North
585,151,37,114,66990A,Pooma,Dr. Player Robotic Lab . Taichung,Chinese Taipei
586,151,34,117,55550A,Avengers AI One,Scholars of Carolina,North Carolina
587,151,30,121,2668B,BASIS Bots,BASIS Bots,Texas - Region 4
588,151,24,127,8766C,8766C,厦门智慧创品科技培训有限公司,South China
589,151,7,144,9852X,PSP THUNDER X,Srinakharinwirot University : Prasarnmit Demonstration School (Elementary),Thailand
590,151,9,142,7671S,Morax,WT Robotics Workshop,Middle China
591,151,0,151,6576C,Clubstep,GATEWAY SCIENCE ACADEMY OF ST. LOUIS - SMILEY,Missouri
592,150,64,86,821C,The Angry Sushi Rolls,ED H WHITE ELEMENTARY SCHOOL,Texas - Region 3
593,150,64,86,92633C,WYRED:  ThunderBots,WYRED Robotics,Indiana - Region 1 - North
594,150,62,88,27112F,陈分利泽VIQRC二队,Branch Of Beijing Chenjinglun Middle School,North China
595,150,36,114,10404H,Da'Toasters,COLD SPRING SCHOOL,Indiana - Region 2 - Central
596,150,14,136,28383B,FPTDaNang 02,TRƯỜNG TIỂU HỌC VÀ TRUNG HỌC CƠ SỞ FPT ĐÀ NẴNG,Vietnam
597,149,73,76,1430Z,NextGenBots Astro,NextGen Robotics,Georgia
598,149,58,91,3435C,BaileyBot III,BAILEY STATION ELEMENTARY SCHOOL,Tennessee
599,149,56,93,61593S,PJ Professionals,EAST POINTE ELEMENTARY SCHOOL,Arkansas
600,149,45,104,90222C,Machine Mavericks,Straley Elementary School,West Virginia
601,149,7,142,94666A,Little Dolphin A,Taizhou Experimental School,East China
602,149,0,149,9177A,琅琅乾坤之IQ战队,南京市琅琊路小学,East China
603,149,0,149,2086C,2086C,河南创联培勤教育科技有限公司,Middle China
604,149,0,149,67777D,金融街少年科学院,金融街少年科学院,North China
605,148,0,148,21121B,VEXTRONS B,MANATEE BAY ELEMENTARY SCHOOL,Florida - South
606,148,29,119,3333G,Hoodie Bros,Notre Dame Prep,Michigan
607,148,27,121,27093K,super,Peking University Elementary School,North China
608,148,24,124,2662B,CyberStorm,Lexington Qwerty Robotics,Massachusetts
609,148,2,146,82025S,EDS - GUNNER,InnoChain – Edu Investment Joint Stock Company,Vietnam
610,147,35,112,98999Y,The Terminators,River Ridge Academy,South Carolina
611,147,31,116,56978A,SIS AL BATEEN HAWKS,Sabis International School - Al Bateen,United Arab Emirates
612,147,30,117,14888B,Beta Squad,X-Robots Edu,New Zealand
613,147,28,119,30636A,TMA Team A,TUSTIN MEMORIAL ELEMENTARY,California - South
614,147,7,140,25005A,PRATHAM One,Anay Kamat,India
615,146,32,114,3437A,FHES Platinum Robofalcons,FOREST HILLS SCHOOL,Alabama
616,146,32,114,34458D,TECHNO DRAGONS,OCEAN SPRINGS UPPER ELEMENTARY SCHO,Mississippi
617,146,27,119,1216E,cyber dragons,Wheelhouse Robotics,Texas - Region 5
618,146,0,146,99969S,99969,北京昇元信奥国际教育科技有限公司,North China
619,146,2,144,29588J,Spanner AI,重庆市启诚巴蜀小学,West China
620,145,145,0,7342M,青龙IQ队,Robot.X.Lab.JS,North China
621,145,145,0,20868B,ECNUXP-B,Xiamen ENCU Xiping Bilingual School,South China
622,145,0,145,68262A,Cyber Knights A,Tierra Del Sol Elementary,Texas - Region 1
623,145,0,145,5283H,QongWolf-BGY,广东碧桂园学校,South China
624,145,0,145,80115W,势如破竹,北京爱优优教育科技有限公司,North China
625,144,0,144,838M,Monkey Mayhem,Blaze Robotics Academy,Washington
626,144,36,108,17890D,The Sharks,Bishop Noland Episcopal Day School,Louisiana
627,144,34,110,30707C,CES Dropkick Robotics,Chickamauga Elementary School,Georgia
628,144,32,112,66396B,Robo Raptors,Barkley Bridge Elementary School,Alabama
629,144,30,114,59813B,Sonic Cyborgs,L F Smith Elementary,Indiana - Region 3 - South
630,144,25,119,1216C,Robo Rebels,Wheelhouse Robotics,Texas - Region 5
631,144,0,144,7760T,Terminators,Seed Seek Robotics,Michigan
632,144,16,128,22020B,Z.E.R.O.,Kidwe Lab,New Zealand
633,144,0,144,28383D,FPTDaNang 04,TRƯỜNG TIỂU HỌC VÀ TRUNG HỌC CƠ SỞ FPT ĐÀ NẴNG,Vietnam
634,144,0,144,36530A,卧龙出山队,朴创科技活动中心,North China
635,144,0,144,60120Y,CDCK-T3,成电创客基地,West China
636,144,0,144,27112G,陈分利泽VIQRC三队,Branch of Beijing Chenjinglun Middle School,North China
637,143,52,91,64167W,WeRTogether Cyber Storm,WeRTogether LLC,Ohio
638,143,40,103,11180A,Colts 1,KELLY MILL ELEMENTARY,Georgia
639,143,9,134,753X,Future Navigator 未來領航家,Curious Robotics Zhubei,Chinese Taipei
640,143,18,125,82019B,EDS_AMONGUS,InnoChain – Edu Investment Joint Stock Company,Vietnam
641,143,0,143,669C,苏州工业园区景城学校C队,苏州工业园区景城学校,East China
642,142,84,58,7553N,Mechanical Kids,ICGC,Ohio
643,142,58,84,85036A,Backstreet Bots,FALL RIVER ELEMENTARY SCHOOL,Colorado
644,142,56,86,1216D,Infinity Coders,Wheelhouse Robotics,Texas - Region 5
645,142,54,88,78335A,Robot Runners,Pine Crest School,Florida - South
646,142,45,97,90600C,Grace Elementary - C,GRACE ELEMENTARY,California - South
647,142,28,114,86477A,Robo Rangers,Private,Washington
648,142,2,140,138Y,QRCA - Yellow,AAA Training and Tuition (RTO 46396),Australia
649,142,2,140,93413C,Robo Tigers,Glen Springs,Florida - North/Central
650,142,0,142,9411A,WXAA,江苏无锡,East China
651,142,0,142,218B,Cowboy Bots,Riverside Elementary School,Texas - Region 1
652,141,45,96,10511A,Alphabots,CYPRESS RIDGE ELEMENTARY SCHOOL,Florida - North/Central
653,141,50,91,5876A,Abbotsleigh Junior School,Abbotsleigh Junior School,Australia
654,141,38,103,96000S,Aerodynamics,The Mind Spark,Pennsylvania - East
655,141,45,96,3002G,DDCES Girl-Fins,DOWNTOWN DORAL CHARTER ELEMENTARY SCHOOL,Florida - South
656,140,121,19,51588A,Mechanized Vanguard Corps,Beijing Aoke Robot Center,North China
657,140,56,84,4613Y,Phoenix Force,Barker College,Australia
658,140,58,82,28595T,Bot Boys,Good Shepherd Lutheran,South Dakota
659,140,56,84,1195A,1195A,Jenison Robotics,Michigan
660,140,56,84,279X,Trailblazers,Trailblazer Robotics Juniors,Georgia
661,140,54,86,42189R,MechaMinds,Private Residence,Indiana - Region 2 - Central
662,140,40,100,60011E,BananaBotz,BRIGGS PUBLIC SCHOOL,Oklahoma
663,140,2,138,9396A,吉林省第二实验学校,Jilin Province Second Experimental School,North China
664,140,0,140,60120X,CDCK-T1,成电创客基地,West China
665,139,66,73,4613U,Silver Sky,Barker College - K-12 School,Australia
666,139,59,80,415E,Mine Bros,FIRST LUTHERAN SCHOOL,Wisconsin
667,139,35,104,35640C,Techno Tigers: CTR+ALT+Defeat,FE BURLESON ELEMENTARY SCHOOL,Alabama
668,139,55,84,51451A,The Tech Razors,SAWNEE ELEMENTARY SCHOOL,Georgia
669,139,53,86,61666K,Fantastic Falcon 4,Ustar STEM Lab,California - North
670,139,53,86,90600A,Grace Elementary - A,GRACE BRETHREN ELEMENTARY,California - South
671,139,46,93,81625S,3 Stackateers,Ridgeview Robotics,Colorado
672,139,45,94,3002A,DDCES Cyber-Fins,DOWNTOWN DORAL CHARTER ELEMENTARY SCHOOL,Florida - South
673,139,38,101,821B,The Rolling Rovers,ED H WHITE ELEMENTARY SCHOOL,Texas - Region 3
674,138,52,86,96833A,Flying Squirrels,OLIVE J DODGE ELEMENTARY SCHOOL,Alabama
675,138,38,100,59713D,Da Jellyfish 2.0,MERCER ELEMENTARY,West Virginia
676,138,27,111,75135B,Geared Up Foxes,CADDO MILLS INTERMEDIATE,Texas - Region 2
677,138,20,118,98854A,Coal Miners,Bright Field Middle School,Arkansas
678,137,74,63,838A,AI Apples,Blaze Robotics Academy,Washington
679,137,63,74,10424A,Da Big Brains,CENTRAL ELEMENTARY SCHOOL,Colorado
680,137,53,84,57418F,Mustangs United,Burke Robots,Virginia
681,137,46,91,44003B,The Italian brainrots,OPPE ELEMENTARY SCHOOL,Texas - Region 3
682,137,36,101,807A,Texas Shake n Bake,DARWIN L GILMORE ELEMENTARY SCHOOL,Texas - Region 3
683,137,35,102,49406A,UTG Kitsilano,Under the GUI - Kitsilano,British Columbia (BC)
684,137,2,135,28731B,28731B,xaonian,South China
685,137,0,137,5277A,昆山萝卜丸1队,昆山市柏庐实验小学,East China
686,137,0,137,5004X,MechaCoding X,MechaCoding Academy,South Korea
687,136,54,82,60113D,Beeeeeeb B - Bots,Grand View Elementary School,Colorado
688,136,42,94,33062H,VEX Heros,HARTSELLE INTERMEDIATE SCHOOL,Alabama
689,136,36,100,1189A,The power of TIME,Quiet Cultivation Robotics,Hong Kong
690,136,24,112,8398E,Hognose Circuits,Bayside Academy,Alabama
691,136,31,105,30028A,30028A,SILVER CITY ELEMENTARY SCHOOL,Georgia
692,136,17,119,8715A,Quantum Unity,斯坦星球-深圳龙华,South China
693,136,2,134,2999E,BURGRE,CodeLab,Thailand
694,136,2,134,65950B,PeeWee Tater Tots,Coast 2 Coast Robotics,New York-South
695,135,0,135,32808X,QongWolf-X,佛山市顺德区碧桂园实验学校,South China
696,135,42,93,3203F,Robolabs Flextronics,Robolabs,California - North
697,135,11,124,220A,Iron Legionnaires,Western Mechatronics,Alberta/Saskatchewan
698,135,7,128,22566G,Nord Anda School,"Nordanda School, Panyu District, Guangzhou",South China
699,135,7,128,13722Y,FIG Team F,The Frazer School - Elementary,Florida - North/Central
700,135,0,135,60120A,CDCK-T6,成电创客基地,West China
701,135,0,135,5255A,DragonBots,Somerset Oaks Leadership and Innovation,Florida - South
702,134,40,94,10835A,Super Sonic Fish,RoboEDU Richmond,British Columbia (BC)
703,134,43,91,2076W,R2-D2,Knox Grammar School,Australia
704,134,41,93,6039B,Unstoppable,BrandywineBOTS Robotics,Delmarva
705,134,25,109,6210R,HCS: Riptide,HERITAGE CHRISTIAN SCHOOL,Indiana - Region 2 - Central
706,134,32,102,34458E,Blitz Bots,OCEAN SPRINGS UPPER ELEMENTARY SCHO,Mississippi
707,134,21,113,57290D,Load & Link Lions,KILBY LABORATORY SCHOOL,Alabama
708,134,13,121,10404G,Dark Knights,COLD SPRING SCHOOL,Indiana - Region 2 - Central
709,134,14,120,6576A,Star Ninjas,GATEWAY SCIENCE ACADEMY OF ST. LOUIS - SMILEY,Missouri
710,134,0,134,5521C,园岭展翅,园岭小学,South China
711,134,0,134,61833X,Phoenix Robot GZ-4, Robot Guangzhou Tianhe Wushan Campus,South China
712,134,0,134,18886C,创新者联盟队,北京童程优创教育科技有限公司,North China
713,134,0,134,69556K,Take the lead and be happy,东北师范大学高新慧仁实验学校,North China
714,134,0,134,52106C,Diamond Tigers,Harmony School of Innovation El Paso,Texas - Region 1
715,133,58,75,770F,Re-imagine Robotics Futuristic Falcons,Re-imagine Robotics,Georgia
716,133,47,86,44870A,Claremorris NS,School,Ireland
717,133,34,99,64167T,WeRTogether Techno Tigers,WeRTogether LLC,Ohio
718,133,33,100,15034F,BadgerBOTS F,BINFORD ELEMENTARY SCHOOL,Indiana - Region 3 - South
719,133,7,126,2737J,Goofy Goobers,Magikid Robotics Lab Redmond,Washington
720,133,9,124,4888B,佛实,STEAM,South China
721,133,0,133,70348K,DRAGON WARRIORS 1,"FPT Primary and Secondary School Da Nang, Vietnam",Vietnam
722,133,0,133,9111A,9111A,Create Education 科慧乐机器人编程中心,North China
723,133,0,133,7231C,BASIS International School Park ShenZhen,BASIS International School Shenzhen,South China
724,133,0,133,595B,RTD,Vexkan Robotics Club,Alberta/Saskatchewan
725,132,48,84,32659A,Robo Warriors,Zion Lutheran School,Indiana - Region 2 - Central
726,132,24,108,1308B,LADY CAPIBARA'S,SUNSHINE STATE ACADEMY,Florida - South
727,132,46,86,50019C,St. Mary's PS Edenderry Zag,Edenderry Convent National School- (16013V),Ireland
728,132,41,91,54705D,Da Welchers,GENE WITT ELEMENTARY SCHOOL,Florida - North/Central
729,132,38,94,11180C,Colts 3,KELLY MILL ELEMENTARY,Georgia
730,132,38,94,10704A,Pukalani STEM Imagineers,PUKALANI ELEMENTARY SCHOOL,Hawaii
731,132,30,102,10227S,The Nameless Nerds,The Potomac School,Virginia
732,132,0,132,19481A,Quantum Overload,Private Team,California - North
733,132,20,112,18305C,Lion Innovators,Sagemont Preparatory School,Florida - South
734,132,19,113,6039P,Polaris,BrandywineBOTS Robotics,Delmarva
735,132,0,132,5559E,OK-Omega Helix,OpenKids,Singapore
736,132,0,132,22667B,厚积薄发队,北京万宸教育科技有限公司,North China
737,132,0,132,95985B,95985B,北京佰立森教育科技有限公司,North China
738,131,53,78,52654D,Robo Duckies,NORTHERN ELEMENTARY SCHOOL,Kentucky
739,131,40,91,90125B,RoboCats Deux,The Episcopal Collegiate School,Arkansas
740,131,7,124,279A,Trailblazers,Trailblazer Robotics Juniors,Georgia
741,131,4,127,6593A,Stallionbots,Schilling Farms Elementary School,Tennessee
742,131,19,112,62130B,CyberWall-e,Bixby West Intermediate,Oklahoma
743,131,10,121,91911A,云鹤飞翔队,Beijing  BaiJiaZhuang Primary School,North China
744,131,4,127,52106B,Tanzanite Tigers,Harmony School of Innovation El Paso,Texas - Region 1
745,131,2,129,57102K,iBot Chiangrai B,IBotAcademy Chiang Rai,Thailand
746,131,7,124,82419C,Vexcellence,Beyond Code Academy,Thailand
747,131,7,124,63165D,Cyber Sigmas,KRAFT MEADOWS INTERMEDIATE SCHOOL,Michigan
748,131,0,131,3261M,The Charging Mustangs,MIAMI HEIGHTS ELEMENTARY SCHOOL,Florida - South
749,131,0,131,91823D,超能未来战队,北京山海可达科技有限公司,North China
750,131,0,131,53168G,XZL,XZL,South China
751,130,74,56,53919B,Spartan Robotics B,Bethlehem Evangelical Lutheran School,Wisconsin
752,130,55,75,3915S,Stacky Cats,Stacky Cats,California - South
753,130,46,84,5280R,Raiders of the Lost Pin,SOARING HEIGHTS PK-8,Colorado
754,130,46,84,34107A,The Thundercats,ST JOSEPH GRADE SCHOOL,West Virginia
755,130,45,85,8679A,8679A,CHINGSHIN ACADEMY 中年級組,Chinese Taipei
756,130,36,94,1993G,Galloway Robo-Owls,The Galloway School,Texas - Region 3
757,130,38,92,19968A,H.O.B Vikings Robotics,H. O. Brittingham Elementary School,Delmarva
758,130,35,95,6333C,GX-The 67s,Gaiax,Singapore
759,130,28,102,32121B,Mustache Piggies Team B,Orange Mandarin Community Booster Club,California - South
760,130,9,121,906A,HIC robots,HIC robot,South China
761,130,2,128,8242A,ClickRobot Watcharapol #1,ClickRobot Watcharapol,Thailand
762,130,2,128,12018D,12018D,vex学苑苏州人民路校区,East China
763,130,0,130,8030G,ARDINGLY College Zhongshan SRCC VEX Club,ARDINGLY College Zhongshan,South China
764,130,0,130,73333A,MCQE,广州市白云区素质教育管理中心,South China
765,130,0,130,92222A,BYYP,广州市白云区少年宫,South China
766,130,0,130,54088X,Hunters,JingChengZhongXin,East China
767,130,0,130,3668C,Sentient Robotics Club - Burring Bud,Macau Artificial Intelligence Education Center,Macau
768,129,35,94,31186C,CRAZY KOALAS,PIONEER SCHOOL,Utah
769,129,33,96,6855B,Warrior Vex IQ,"WESTMINSTER CHRISTIAN PRIVATE SCHOOL, INC.",Florida - South
770,129,34,95,58961A,Rizzy Rushall Raptors,Rushall NS,Ireland
771,129,0,129,8766A,8766A,厦门智慧创品科技培训有限公司,South China
772,129,0,129,99275A,MINGQIANG ES,上海明强小学,East China
773,128,54,74,10142Y,Green Tigers Team Y,MANOA ELEMENTARY SCHOOL,Hawaii
774,128,37,91,556A,LOWEBOTS,LOWE ELEMENTARY,Kentucky
775,128,9,119,97708B,Crestline Robotics,Crestline Elementary School,Alabama
776,128,7,121,10404F,Da'GOATS,COLD SPRING SCHOOL,Indiana - Region 2 - Central
777,128,0,128,25702B,25702B,沧州史塔克,North China
778,128,0,128,22667C,匠心独运队,北京万宸教育科技有限公司,North China
779,127,78,49,478X,Elevate-Fusion Force,Elevate Tech,Washington
780,127,48,79,3435B,BaileyBots Probe,BAILEY STATION ELEMENTARY SCHOOL,Tennessee
781,127,43,84,18493A,Santa Rita Elementary,SANTA RITA ELEMENTARY SCHOOL,Texas - Region 5
782,127,36,91,11745T,Goofy Goblins,None,Illinois
783,127,36,91,51451C,Robotics Twisters,SAWNEE ELEMENTARY SCHOOL,Georgia
784,127,26,101,10014C,Upper Perk Robotics,Upper Perk Robotics,Pennsylvania - East
785,127,0,127,18721H,Valkyrie: Pioneer Robotics,STILLWATER MIDDLE SCHOOL,Oklahoma
786,127,17,110,5559H,OK-MRT,OpenKids,Singapore
787,127,0,127,76996K,快乐星球队,东北师范大学附属小学繁荣校区,North China
788,127,0,127,60120T,CDCK-T2,成电创客基地,West China
789,127,0,127,16619A,首师大一队,北京乐博智学教育咨询有限公司,North China
790,127,0,127,91823A,芯动未来战队,北京山海可达科技有限公司,North China
791,127,0,127,80628H,Six by Eight,Magikid Robotics Lab,Texas - Region 3
792,127,0,127,77732A,MSLR Robotics,MSLR ROBOTICS,Indiana - Region 1 - North
793,126,51,75,1308A,SUN-BLAZERS,SUNSHINE STATE ACADEMY,Florida - South
794,126,40,86,519X,Blue Bionics,Burnside Elementary School,Kentucky
795,126,35,91,10277D,MacRobotics-Cinnamon Rolls,Douglas Macarthur Elementary School,Indiana - Region 1 - North
796,126,14,112,838Y,Yellow Yappers,Blaze Robotics Academy,Washington
797,126,25,101,90246A,Thunderbolts,OLD RIVER ELEMENTARY,California - South
798,126,25,101,295M,Werewolves,Placer Robotics (PART),California - North
799,126,17,109,13282A,Taper Tigers A,TAPER AVENUE ELEMENTARY,California - South
800,126,14,112,17925C,Cobra Claw,Boswin Robotics,Ontario
801,126,7,119,83861D,EDS - Universal,Edison An Khánh,Vietnam
802,126,0,126,276J,Robotex Ninjas,VEX Family Team Alliance-TEXAS,Texas - Region 5
803,126,0,126,779C,FA-The Lighting Boltz,Futurum Academy Singapore,Singapore
804,125,38,87,7319A,Gullett Gators A Team,B.D. GULLETT ELEMENTARY SCHOOL,Florida - North/Central
805,125,2,123,81020B,八一学校,北京市八一学校,North China
806,125,24,101,59365B,The Gladiators,ST FRANCIS CATHOLIC SCHOOL,Minnesota
807,125,0,125,67777A,金融街少年科学院,金融街少年科学院,North China
808,125,0,125,80077B,DFD-B,Dongfengdong Road Primary School(Tian Lun),South China
809,124,124,0,5521B,5521B,园岭小学,South China
810,124,38,86,1993M,Galloway Robo-Owls,The Galloway School,Texas - Region 3
811,124,38,86,3701B,3701B,BROOKWOOD FOREST ELEMENTARY SCHOOL,Alabama
812,124,22,102,8672C,8672C,CHINGSHIN ACADEMY 高年級組,Chinese Taipei
813,124,14,110,3988T,The Team,Irvine Robotics,California - South
814,124,14,110,277T,TechX Turtle Tech,TechX Robotics,California - South
815,124,14,110,9965B,Corrupted Pixels,AOE Robotics Club,Maryland
816,124,0,124,13200B,XPYP TEAM B,Xianggang Putonghua Yanxishe Primary School of Science And Creativity,Hong Kong
817,124,7,117,14572V,Visioneers,K robotics,South Korea
818,124,0,124,5521A,东风快递,园岭小学,South China
819,124,0,124,20267F,Golden Dragon,The Beyond Coding,South Korea
820,124,0,124,94930A,TYG-1,童程优创-太阳宫中心,North China
821,124,0,124,36530B,运筹帷幄队,朴创科技活动中心,North China
822,124,0,124,5966X,You are right,Xiamen Meows Stem Education,South China
823,124,0,124,51668A,Guiyanglebo-A,贵阳市第一实验小学,West China
824,123,66,57,35B,chic chak,Cranbrook Schools,Michigan
825,123,35,88,35640B,Techno Tigers: Triple Threat,FE BURLESON ELEMENTARY SCHOOL,Alabama
826,123,32,91,34458Z,OS TECH TITANS,OCEAN SPRINGS UPPER ELEMENTARY SCHO,Mississippi
827,123,27,96,331P,Party Penguins,ROBERT WILLIS ELEMENTARY SCHOOL,Florida - North/Central
828,123,7,116,97777V,重庆市沙坪坝区森林实验小学校,重庆市沙坪坝区森林实验小学校,West China
829,123,2,121,55678A,小学一队,YOCO STEAM LAB,North China
830,123,0,123,32808B,QongWolf-A,佛山市顺德区碧桂园实验学校,South China
831,123,0,123,68881B,68881B,上海齐齐哈尔路第一小学,East China
832,123,0,123,5880A,5880A,上海市民办平和学校,East China
833,123,0,123,2966C,Zhongguancun No.2 Primary School,Zhongguancun No.2 Primary School,North China
834,122,48,74,66396A,Dominating Dragons,Barkley Bridge Elementary School,Alabama
835,122,43,79,162A,Harry Botter,WEST HAVEN SCHOOL,Utah
836,122,41,81,2425R,Pickled Doritos,Roscomare Road Elementary,California - South
837,122,38,84,37654A,Dragon Tenders,Young Robotics,Utah
838,122,38,84,11180E,Colts 5,KELLY MILL ELEMENTARY,Georgia
839,122,38,84,3701A,3701A,BROOKWOOD FOREST ELEMENTARY SCHOOL,Alabama
840,122,36,86,1766D,Robo Destroyers,North Fond Du Lac School District,Wisconsin
841,122,24,98,25808T,Tech Leopards,Oberoi International School,India
842,122,14,108,28988B,QongWolf-IQ,佛山市顺德区北滘镇编测科技培训有限公司,South China
843,122,0,122,4010M,◕CSAA◕ Marinated Melons,CSAAFuture,Ontario
844,122,0,122,5712B,时代风帆一队,北京乐博乐丰教育科技有限公司,North China
845,122,0,122,15617B,Sword Out of Sheath Team,"Shenzhen Xingzhuzhu Technology Co., Ltd",South China
846,121,30,91,2060N,#still-brainstorming,Oakestown Intermediate School,Michigan
847,121,38,83,57290G,Kilby Elite,KILBY LABORATORY SCHOOL,Alabama
848,121,25,96,54445S,Saja Boyz,Lomond View Elementary,Utah
849,121,36,85,22443D,GameBreakers,BUCKEYE HIGH SCHOOL,Louisiana
850,121,25,96,1810A,RoboGenius,RoboGenius,Maryland
851,121,30,91,41466C,The Rockys 3,IGS Rockenhausen,Germany
852,121,18,103,7427A,Tigears,NORTH PARK SCHOOL,Utah
853,121,7,114,67052H,Challenger Hotel,CHALLENGER INTERMEDIATE SCHOOL,Kansas
854,121,9,112,290R,Robo Reboot,Orley Farm School,United Kingdom
855,121,7,114,18185A,DC-IQ-A,Dongchuan Primary School,South China
856,121,2,119,7577C,VEX-XG7755,上海市五角场小学,East China
857,121,2,119,5995A,躺赢王队,Haileybury School,North China
858,121,2,119,5181A,明瑄华创,创新瓦力,North China
859,121,2,119,29599J,Spanner AI - CQ,重庆市南岸区珊瑚实验小学,West China
860,121,0,121,6785A,西安经开第一学校/西安经开第三小学/西安经开第五小学,西安经开第一学校/西安经开第三小学/西安经开第五小学,West China
861,121,0,121,5288A,Vio Team 1,VIOMDLA BOT ACADEMY,South China
862,121,0,121,58660A,SGA Orca A,Shenzhen Foreign Languages GBA Academy,South China
863,121,0,121,52106D,Onyx Tigers,Harmony School of Innovation El Paso,Texas - Region 1
864,120,64,56,67052N,Challenger November,CHALLENGER INTERMEDIATE SCHOOL,Kansas
865,120,46,74,770A,Re-imagine Robotics Asparagoose,Re-imagine Robotics,Georgia
866,120,46,74,83087W,"Wings Of Woodland ""WOW""",WOODLAND SCHOOL,Michigan
867,120,38,82,50108A,Stanford RoboTigers,Stanford Avenue Elementary School,California - South
868,120,36,84,54445T,Sneaky Snakes,Lomond View Elementary,Utah
869,120,34,86,72771B,DES XSTREAM,DELISLE ELEMENTARY SCHOOL,Mississippi
870,120,34,86,11860D,Money Bolt Animals,BRENTWOOD ELEMENTARY SCHOOL,Indiana - Region 2 - Central
871,120,34,86,79466C,Squire-Bytes,ST JOSEPH HESSEN CASSEL,Indiana - Region 1 - North
872,120,32,88,31186H,THE HYPER VIPERS,PIONEER SCHOOL,Utah
873,120,22,98,88700X,TAPAXLAN Q,Academia STEM Tapachula,Mexico
874,120,2,118,33223A,梦想编织队,Guangzhou Weiming School,South China
875,120,0,120,26862C,26862C,VEX学苑苏州人民路校区,East China
876,120,0,120,31513A,Neo Sparks,Neo Sparks,California - South
877,119,63,56,838J,Jack Jack,Blaze Robotics Academy,Washington
878,119,56,63,77732D,MSLR CLUB,MSLR ROBOTICS,Indiana - Region 1 - North
879,119,54,65,1925A,St. Bernard's Robotics,ST BERNARD'S SCHOOL,Minnesota
880,119,51,68,84212G,Raisin Caners,EAST HILLS MIDDLE SCHOOL,Arkansas
881,119,46,73,90600B,Grace Elementary - B,GRACE ELEMENTARY,California - South
882,119,38,81,44844C,The Axolotling Dragons,Neenah Middle School,Wisconsin
883,119,37,82,938A,American Dreamers,Blaze Robotics Academy,Washington
884,119,28,91,34458H,CODING KRAKENS,OCEAN SPRINGS UPPER ELEMENTARY SCHO,Mississippi
885,119,28,91,87711B,Tornado Squad,Org_TornadoSquad,Washington
886,119,28,91,3969A,PPS STEM & Robotics,Portobello Primary School,United Kingdom
887,119,28,91,62030B,Sycamore Lion Bots,Sycamore Elementary School,Tennessee
888,119,28,91,23093C,The Radioactive Robots,LASER,Virginia
889,119,26,93,3675R,Forks 1,CHENANGO FORKS,New York-North
890,119,24,95,96627D,Sharp Creek Black Norsebot,SHARP CREEK ELEMENTARY SCHOOL,Indiana - Region 1 - North
891,119,23,96,81124A,Thunderstruck,PINEDALE ELEMENTARY SCHOOL,Alabama
892,119,18,101,30077T,Time Travelers,BILOXI UPPER ELEMENTARY,Mississippi
893,119,9,110,44632B,The Boyz,LAKE ELEMENTARY SCHOOL,Ohio
894,119,17,102,58071B,Clash Royale G.O.A.T.Z,Maple Valley Elementary School,North Dakota
895,119,7,112,17986N,NGUYEN DU 2,Nguyen Du Secondary School,Vietnam
896,119,7,112,12195X,BotTelligence,Home Team,North Carolina
897,119,2,117,11012A,北京医科大学附属小学,北京医科大学附属小学,North China
898,119,2,117,29566J,Spanner AI,重庆市江北区行知学校,West China
899,119,2,117,6699M,Robotdreamer,Taiwan Robotics Lab,Chinese Taipei
900,119,0,119,31208C,玄武队,广州EM少儿编程,South China
901,119,0,119,9100A,9100,深圳市科睿教育集团有限公司,South China
902,119,0,119,67777B,金融街少年科学院,金融街少年科学院,North China
903,119,0,119,99088A,乘风破浪,北京太阳宫科创中心,North China
904,119,0,119,3625A,Stormroopers,深圳市龙华区行知小学,South China
905,119,0,119,2223D,CSNS Donut Boyz,College Street Normal School,New Zealand
906,119,0,119,6766A,西安航天基地富力城黄河小学/西安航天城第三小学,西安航天基地富力城黄河小学/西安航天城第三小学,West China
907,119,0,119,686Z,Air Conditioning,InoBotics,California - North
908,119,0,119,58660B,SGA Orca B,Shenzhen Foreign Languages GBA Academy,South China
909,118,64,54,1354E,Chunky Elephants,HERITAGE SCHOOL,Utah
910,118,45,73,5280N,Mathematicians,SOARING HEIGHTS PK-8,Colorado
911,118,36,82,77804A,高雄聯隊2,大榮劍橋國際雙語學校-機器人社團,Chinese Taipei
912,118,34,84,838T,Takedown,Blaze Robotics Academy,Washington
913,118,34,84,54705E,Da Chefs,GENE WITT ELEMENTARY SCHOOL,Florida - North/Central
914,118,34,84,85890B,Grassy Creek Robotics,GRASSY CREEK ELEMENTARY SCHOOL,Indiana - Region 2 - Central
915,118,14,104,5164A,Marquez Robotix/BLUE,Marquez Charter,California - South
916,118,17,101,814B,LCE,LEAGUE CITY ELEMENTARY SCHOOL,Texas - Region 3
917,118,17,101,63165K,Circuit $istas :),KRAFT MEADOWS INTERMEDIATE SCHOOL,Michigan
918,118,8,110,2244B,Bowie Bots,JAMES BOWIE ELEMENTARY SCHOOL,Texas - Region 2
919,118,7,111,11860G,The Gadget Girlz,BRENTWOOD ELEMENTARY SCHOOL,Indiana - Region 2 - Central
920,118,0,118,94321A,Red Ruler,Magikid Palo Alto Robotics,California - North
921,118,1,117,94666B,Little Dolphin B,Taizhou Experimental School,East China
922,118,0,118,1063E,GCA - Extreme Builders,GREENWOOD CHRISTIAN ACADEMY,Indiana - Region 2 - Central
923,117,43,74,78335B,Robo Ravens,Pine Crest School,Florida - South
924,117,24,93,856A,"AXIOMATICS ""ALPHA""",AXIOMICS,Georgia
925,117,18,99,86899B,Fire In The Bacon,Expansion Core,New York-South
926,117,17,100,5559F,OK-Pheonix Dragon,OpenKids,Singapore
927,117,7,110,6593C,Stallionbots,Schilling Farms Elementary School,Tennessee
928,117,0,117,29463C,Riverview Rockets,RIVERVIEW STEM ELEMENTARY,California - North
929,117,7,110,1852A,BCC Red Phoenix,Bangkok Christian College,Thailand
930,117,2,115,3395E,Ash ring,北京学而思,North China
931,117,0,117,22020G,BRATS,Kidwe Lab,New Zealand
932,117,0,117,1291A,Why Power,Canyon Vortex robotics,California - North
933,117,0,117,1291B,Combo Commanders,Canyon Vortex robotics,California - North
934,117,0,117,2278V,✧(๑•̀ㅂ•́)و✧EACH✧//Surpass//,Shenzhen Science Museum EACH-ROBOTICS,South China
935,117,0,117,49898K,广州高新区第一小学队K队,广州高新区第一小学,South China
936,117,0,117,18886B,冲击世锦赛队,北京童程优创教育科技有限公司,North China
937,117,0,117,80115S,别出心裁,北京爱优优教育科技有限公司,North China
938,117,0,117,86669A,东直门战队,北京市东城区乐东博教育科技有限公司,North China
939,117,0,117,22020E,VEX EMPIRE,Kidwe Lab,New Zealand
940,117,0,117,7671D,Haborym,WT Robotics Workshop,Middle China
941,117,0,117,2209T,容大恒一队,Nklab 容大恒一,South China
942,117,0,117,21523C,21523C,西安高新实验小学,West China
943,117,0,117,5888C,小智工大C队,Xiaozhi Robot 小智机器人科学活动中心,North China
944,117,0,117,15617C,Sunshine Rainbow Team,"Shenzhen Xingzhuzhu Technology Co., Ltd",South China
945,117,0,117,9096X,Chuangxiang Programming,创想编程,North China
946,117,0,117,13200A,XPYP TEAM A,Xianggang Putonghua Yanxishe Primary School of Science And Creativity,Hong Kong
947,117,0,117,36106A,FCG-Innovators,FPT CAU GIAY PRIMARY AND SECONDARY SCHOOL,Vietnam
948,117,0,117,18963D,JX-4,The Elementary School Attached to Shanghai Jiaotong University,East China
949,117,0,117,5147B,Robot Rebels,VINEYARD RANCH ELEMENTARY SCHOOL,Texas - Region 4
950,116,53,63,73447C,EAG,Ernst-Abbe-Gymnasium,Germany
951,116,32,84,38677A,CyberKnights,ROBERT F HUNT ELEMENTARY SCHOOL,Texas - Region 2
952,116,28,88,61077A,LNK League,LNK League,California - South
953,116,0,116,79999W,Kids Union,重庆市渝中区马家堡小学校,West China
954,116,2,114,1852B,BCC Chocolate,Bangkok Christian College,Thailand
955,116,4,112,52066S,Swordfish 劍魚隊,Curious Robotics Hsinchu,Chinese Taipei
956,116,0,116,67777C,金融街少年科学院,金融街少年科学院,North China
957,115,45,70,96712A,CANE FIRES,HALE'IWA ELEMENTARY SCHOOL,Hawaii
958,115,34,81,34000R,Liv·e : iron_typhoon,Liv Koleji,Türkiye
959,115,0,115,59095A,Cybernauts,Ashburn Robotics,Virginia
960,115,22,93,241E,Eagle Teks,MILILANI MAUKA ELEMENTARY SCHOOL,Hawaii
961,115,14,101,821A,The Astro-bots,ED H WHITE ELEMENTARY SCHOOL,Texas - Region 3
962,115,9,106,20170A,Robo Raptors,Robo Raptors,Virginia
963,115,7,108,17126A,Geometrix,Trewon,Virginia
964,115,0,115,5712A,时代风帆一队,北京乐博乐丰教育科技有限公司,North China
965,115,0,115,44632N,Blow the Budget,LAKE ELEMENTARY SCHOOL,Ohio
966,114,44,70,603X,VEXRAYS,RIZE Robotics,New Hampshire/Vermont
967,114,32,82,37663B,The Crazy Cheetahs,Innovate Robotics,New Jersey
968,114,31,83,331W,Whiteout Geckos,ROBERT WILLIS ELEMENTARY SCHOOL,Florida - North/Central
969,114,30,84,838Z,Zenith Zoomers,Blaze Robotics Academy,Washington
970,114,30,84,51451E,Quantum Horizons,SAWNEE ELEMENTARY SCHOOL,Georgia
971,114,30,84,27199A,Pack 271 Cub Scouts - Bears,Pack 271 - Christus Victor Lutheran Church (Cub Scouts),Mississippi
972,114,29,85,25355A,BCE Wildcats A,BIG CREEK ELEMENTARY SCHOOL,Georgia
973,114,28,86,3321B,Robo-Pioneers B,Virginia Shuman Young Elementary School,Florida - South
974,114,28,86,50298B,Banana Boyz,Mapleton Elementary School,Ohio
975,114,20,94,69656G,HGMAS,Trung tâm BDKT Hoàng Giáp,Vietnam
976,114,16,98,94321B,The Brainrot King,Magikid Palo Alto Robotics,California - North
977,114,7,107,90242B,Lightning Bolts,ALAMEDA ELEMENTARY,California - South
978,114,2,112,65888A,SR888,上海海阳机器人科技有限公司,East China
979,114,2,112,2999B,Celestial Being,CodeLab,Thailand
980,114,2,112,14572E,Prime Force,K Robotics,South Korea
981,114,2,112,94454V,VEXPERTS,QUANTUM SQUAD,North Carolina
982,114,2,112,33314A,Eisenhower Engineering,Nova Dwight D. Eisenhower Elementary School,Florida - South
983,114,0,114,22667M,雷霆万钧队,北京万宸教育科技有限公司,North China
984,114,0,114,11999D,Fighting Robots,Central Elementary School,Indiana - Region 2 - Central
985,113,20,93,28T,DORITO CHEEZY PUFFS: Robot Rev,Robot Revolution,New Jersey
986,113,34,79,6855A,Warrior Robotics,"WESTMINSTER CHRISTIAN PRIVATE SCHOOL, INC.",Florida - South
987,113,27,86,15A,Crescent Pins,Crescent Elementary School,California - South
988,113,28,85,55164A,Robolabz Alfa,Robolabz STEM Academy,Paraguay
989,113,26,87,84218A,Bot Squad-Bot Busters,CEDAR GROVE ELEMENTARY SCHOOL,West Virginia
990,113,6,107,8009W,BricksWorkshop,Hanzhong Experimental Primary School,West China
991,113,0,113,96933X,HF.Faith,四川天府新区华阳中学附属学校,West China
992,112,112,0,6181A,Tenax Machina,shanghai united international school shangyin campus,East China
993,112,56,56,2425A,Skittles Robo Builders,Roscomare Road Elementary,California - South
994,112,56,56,464A,That Team Over There,West Side Christian School,Michigan
995,112,36,76,80808B,Holy Well NS STEM,Holy Well NS,Ireland
996,112,29,83,35D,The Chicken Nugget Destroyers,Cranbrook Schools,Michigan
997,112,28,84,35640A,Techno Tigers in Tutus & Tuxes,FE BURLESON ELEMENTARY SCHOOL,Alabama
998,112,18,94,816B,Robinson bRAiNGERS,G W ROBINSON,Texas - Region 3
999,112,28,84,95849D,Wa-Nee: Pantherbots D,WaNee: Pantherbots,Indiana - Region 1 - North
1000,112,28,84,98854B,Bot Futuristic Mind Squad (BFMS),Bright Field Middle School,Arkansas
1001,112,20,92,74160A,Megaminds,Majestic Elementary Robotics,Utah
1002,112,2,110,51451D,The Golden Bots,SAWNEE ELEMENTARY SCHOOL,Georgia
1003,112,18,94,4051A,Midway’s Tropical Dragons,MIDWAY ELEMENTARY SCHOOL,Georgia
1004,112,20,92,96627A,Sharp Creek Blue Norsebots,SHARP CREEK ELEMENTARY SCHOOL,Indiana - Region 1 - North
1005,112,0,112,46390B,Tri-Township Robotics,Tri-Township School,Indiana - Region 1 - North
1006,112,0,112,261R,Trailblazers,Trailblazer Robotics Juniors Central Forsyth Branch,Georgia
1007,112,14,98,6233F,5tronix fliers,Hometeam,North Carolina
1008,112,0,112,6565B,RoboPlanet,RoboPlanet Richmond 02,British Columbia (BC)
1009,112,2,110,17087C,Idly Acceleration,Cary VexRobotics Home Team,North Carolina
1010,112,4,108,60089B,CYBER SHARK,Unaffiliated,Illinois
1011,112,2,110,60089A,ELEMENTAL SQUAD,Unaffiliated,Illinois
1012,112,2,110,3168J,Joy Boys,Skywalker Robotics,New Zealand
1013,112,2,110,36238B,Fireball,AI & Robotics Academy LLC,Texas - Region 2
1014,112,0,112,71888D,轩尚庭光,北京市海淀区七一小学,North China
1015,112,0,112,5877E,Da Hamstuhs,EDUBOT Inc.,California - South
1016,112,0,112,32121A,Mustache Piggies Team A,Orange Mandarin Community Booster Club,California - South
1017,112,0,112,69898K,广州市黄埔区青少年科学城宫队K队,广州市黄埔区青少年宫,South China
1018,112,0,112,8030A,ARDINGLY College Zhongshan SRCC VEX Club,ARDINGLY College Zhongshan,South China
1019,112,0,112,25155K,流星队,Ai森林,East China
1020,112,0,112,779E,FA-Pros,Futurum Academy Singapore,Singapore
1021,112,0,112,88886C,松湖战队,DONGGUAN SSL NO.2 PRIMARY SCHOOL,South China
1022,112,0,112,40231A,Robo Lobo,CESAR CHAVEZ ELEMENTARY,California - North
1023,112,0,112,527A,MRC机器人竞赛中心,MRC机器人竞赛中心,West China
1024,112,0,112,6889B,6889B,深竞工坊,South China
1025,112,0,112,2384T,NERV,北京学而思,North China
1026,112,0,112,31644B,RoboTangs,Code Ninjas Encino,California - South
1027,112,0,112,218A,Cowboys Bots,Riverside Elementary School,Texas - Region 1
1028,112,0,112,595A,Unicorn Knight,Vexkan Robotics Club,Alberta/Saskatchewan
1029,111,46,65,49905A,Superheroes,Aledaliya Club,Kuwait
1030,111,38,73,32356C,Boost+Academy,Boost+ Enrichment Academy,Illinois
1031,111,41,70,838G,Galaxy Gliders,Blaze Robotics Academy,Washington
1032,111,38,73,812B,Block Blasters,I W AND ELEANOR HYDE ELEMENTARY SCHOOL,Texas - Region 3
1033,111,38,73,18305D,Lion Innovators,Sagemont Preparatory School,Florida - South
1034,111,36,75,67846C,Pivot Robotics,Great Plains MakerSpace - Pivot Robotics,Kansas
1035,111,36,75,295R,Robotic Dominators,Placer Robotics (PART),California - North
1036,111,27,84,45700A,Pit Droid,Home,Virginia
1037,111,25,86,16677A,CBS ENNIS,cbs primary,Ireland
1038,111,21,90,979B,Blazing Ninjabots,Redmond Ridge Neighborhood Team,Washington
1039,111,18,93,753V,VEX IQ 180,Curious Robotics Zhubei,Chinese Taipei
1040,111,18,93,3439C,Crash Heros,REACT Robotics,Kentucky
1041,111,17,94,8400F,Pink Fluffy Unicorns,BUFFALO POINT SCHOOL,Utah
1042,111,0,111,96767A,67BROS,LT EDU,California - South
1043,111,2,109,9177T,NanjingLangyaRoadPrimarySchool LanglangQiankunTeam,Nanjing Langya Road Primary School,East China
1044,111,0,111,2223N,CSNS Obsidian,College Street Normal School,New Zealand
1045,111,0,111,15575A,DA COOL GOATS,Not Available,California - North
1046,111,0,111,55547B,Red Sands Robo 2,RED SANDS ELEMENTARY SCHOOL,Texas - Region 1
1047,110,110,0,3169A,3169A,艾客机器人,Middle China
1048,110,46,64,96793A,Super Smarties,Strichen School,United Kingdom
1049,110,36,74,4051D,Midway’s Technoverse,MIDWAY ELEMENTARY SCHOOL,Georgia
1050,110,36,74,47511H,HCA Trinity,Halifax Christian Academy,New Brunswick/Nova Scotia/Prince Edward Island
1051,110,35,75,21350D,Gear Masters,Trinity Grammar Preparatory School,Australia
1052,110,18,92,26989A,TPCS RoboKnights A,TRADERS POINT CHRISTIAN ACADEMY,Indiana - Region 2 - Central
1053,110,26,84,53732C,Biohazard,All Nations Community School,Texas - Region 3
1054,110,20,90,43444E,Northview Vex Vikes,NORTHVIEW ELEMENTARY SCHOOL,Indiana - Region 1 - North
1055,110,17,93,82025E,EDS - EGG BREAD,InnoChain – Edu Investment Joint Stock Company,Vietnam
1056,110,17,93,98016B,STEMSTAR-CHRONOS,HZCXYT- STEMSTAR,East China
1057,110,17,93,89998Z,Billy Bob Jr.,Pine Tree Middle School,Texas - Region 2
1058,110,7,103,78682H,DynamicDolphinBots 78682H,DAVES CREEK ELEMENTARY SCHOOL,Georgia
1059,110,0,110,99661K,领者荣耀,Future Leader Robot Club,North China
1060,110,0,110,51001B,Wuyi Future Exporimontal Primary School Team B,"Wuyi Future Exporimontal Primary School,Haidian Distrlct,Beijing",North China
1061,110,0,110,9096C,Chuangxiang Programming,创想编程,North China
1062,110,0,110,10199C,零壹四队,DIGITAL SCIENCE LABORATORY,North China
1063,110,0,110,1290C,青山湖育才学校-C,杭州市临安区青山湖科技城育才学校,East China
1064,110,0,110,17583A,广州市黄埔区青少年宫科学城宫VIQC小学A队,广州市黄埔区青少年宫,South China
1065,110,0,110,54854B,广州市黄埔区青少年宫知识城B队,广州市黄埔区青少年宫,South China
1066,110,0,110,69126A,优途一号,广西优途教育科技集团有限公司,South China
1067,110,0,110,69126B,优途二号,广西优途教育科技集团有限公司,South China
1068,110,0,110,80666C,破晓,Robo Hive,Middle China
1069,110,0,110,8161A,潮白云祥,北京市顺义区乐顺博教育科技有限公司,North China
1070,110,0,110,36688G,BASIS Bilingual School Shenzhen,BASIS Bilingual School Shenzhen,South China
1071,110,0,110,9816A,海绵宝宝,GreenBabyCenter,East China
1072,110,0,110,2559B,SWCSS Team2,Sai Wui Commercial Society School,Hong Kong
1073,110,0,110,6966V,BASIS International School Guangzhou,BASIS International School Guangzhou,South China
1074,110,0,110,5559G,OK-Phoenix Bird,OpenKids,Singapore
1075,110,0,110,20267A,AeroShark,The Beyond Coding,South Korea
1076,110,0,110,49406C,UTG Kitsilano,Under the GUI - Kitsilano,British Columbia (BC)
1077,109,46,63,35X,Chick-Fil-A ,Cranbrook Schools,Michigan
1078,109,38,71,804B,Rust in Piece,BROOKWOOD ELEMENTARY SCHOOL,Texas - Region 3
1079,109,36,73,826D,Gear Grinders,RALPH PARR ELEMENTARY SCHOOL,Texas - Region 3
1080,109,35,74,11419A,Holly Pond Elementary,Holly Pond Elementary,Alabama
1081,109,28,81,7686K,Plastic Warriors,Harrisburg Public School District,South Dakota
1082,109,28,81,813B,Landolt Roboduckies 813B,C D LANDOLT ELEMENTARY SCHOOL,Texas - Region 3
1083,109,25,84,9989C,TechnoTrons,CHALLENGER ELEMENTARY,Minnesota
1084,109,25,84,99265B,Brain Batteries,The Super Saturday Program,Ohio
1085,109,25,84,26194B,TechnoLions Purple,LEO ELEMENTARY SCHOOL,Indiana - Region 1 - North
1086,109,18,91,54500A,Metal Crusaders,Holy Cross Lutheran Academy,Florida - North/Central
1087,109,18,91,87660C,Sleeping Butter,FS Education Brooklyn,New York-South
1088,109,9,100,1120W,Ten Ton Robotics,West Vancouver Schools,British Columbia (BC)
1089,109,7,102,78682B,DynamicDolphinBots 78682B,DAVES CREEK ELEMENTARY SCHOOL,Georgia
1090,109,7,102,686W,Space City,InoBotics,California - North
1091,109,0,109,96933B,HF.Miracle,四川天府新区华阳中学附属学校,West China
1092,108,36,72,26194A,TechnoLions Black,LEO ELEMENTARY SCHOOL,Indiana - Region 1 - North
1093,108,13,95,42968X,Robotics Smarties,Bixby North,Oklahoma
1094,108,16,92,70770E,Jawatha Al-nashama,JAWATHA Private School 2,Saudi Arabia
1095,108,0,108,295A,Team A - Pirates,Placer Robotics (PART),California - North
1096,108,0,108,94306A,Hedgie Bot,Hedgie Bot,California - North
1097,108,0,108,3203G,Robolabs Galileo,Dublin Robotics Club,California - North
1098,107,36,71,2060K,Off Brand French Fries,Oakestown Intermediate School,Michigan
1099,107,32,75,62130D,CyberStorm,Bixby West Intermediate,Oklahoma
1100,107,31,76,29224B,Apex Eagles,Technic Education,India
1101,107,9,98,47721K,IDK I Just Work Here,PRINCETON INTERMEDIATE SCHOOL,Minnesota
1102,107,21,86,3439B,Bot Boss,REACT Robotics,Kentucky
1103,107,6,101,70655C,Mississinewa Indians,NORTHVIEW ELEMENTARY SCHOOL,Indiana - Region 1 - North
1104,107,13,94,1963C,Transformers,The Donoho School,Alabama
1105,107,9,98,16158B,BCS Quantum Robotics,Baltimore Chinese School,Maryland
1106,107,7,100,2076T,Cyberstorm,Knox Grammar School,Australia
1107,107,7,100,2076U,RJNM,Knox Grammar School,Australia
1108,107,0,107,779D,FA-Karate Pigs ,Futurum Academy Singapore,Singapore
1109,107,0,107,1007A,深圳科技园宝宝队,乐博乐博科技园校区,South China
1110,107,0,107,95777A,VORVEX,VORVEX,California - North
1111,106,66,40,4613J,4613J,Barker College - K-12 School,Australia
1112,106,46,60,87444A,Robofarmers,Fairview Elementary School,Alabama
1113,106,36,70,59813A,Super Sonics,L F SMITH ELEMENTARY,Indiana - Region 3 - South
1114,106,33,73,331S,Sesame Squad,ROBERT WILLIS ELEMENTARY SCHOOL,Florida - North/Central
1115,106,2,104,7700V,Rolling Robots,Rolling Robots STEM Partners,California - South
1116,106,24,82,331F,Fiery Fossas,ROBERT WILLIS ELEMENTARY SCHOOL,Florida - North/Central
1117,106,22,84,97503A,Terminators,SOUTH CLEARFIELD SCHOOL,Utah
1118,106,20,86,17432R,RoboRoar,LEO - CEDARVILLE ELEMENTARY SCHOOL,Indiana - Region 1 - North
1119,106,18,88,6656E,Robo Racers,Xavier School,Philippines
1120,106,17,89,22443E,IQ Krewe,BUCKEYE HIGH SCHOOL,Louisiana
1121,106,2,104,60742A,Pomelo Panthers,POMELO COMMUNITY CHARTER,California - South
1122,106,0,106,51668B,Guiyanglebo-B,贵阳市第一实验小学,West China
1123,106,0,106,2223H,CSNS Three Cooked Dumplings,College Street Normal School,New Zealand
1124,106,0,106,2999G,FORSAKEN,CodeLab,Thailand
1125,105,31,74,43947A,Bugs Bunnies,HILLTOP ELEMENTARY SCHOOL,West Virginia
1126,105,25,80,53618C,Holy Cross,Scoil na Croise Naofa,Ireland
1127,105,21,84,8128B,Peter Pan's Lost Boys,LAMP Robotics Community Outreach,Alabama
1128,105,19,86,43612B,CHALLENGERS_TWO,CESAR CHAVEZ ELEMENTARY,California - South
1129,105,4,101,23011A,Gaelscoil an Ráithín,Gaelscoil an Ráithín,Ireland
1130,105,14,91,1354A,Ctrl Alt Defeat!!!,HERITAGE SCHOOL,Utah
1131,105,12,93,34802J,Şişli Bilsem Robotics Junior,Şişli Bilim ve Sanat Merkezi,Türkiye
1132,105,7,98,67000A,NoodieCat,Nothing,British Columbia (BC)
1133,105,7,98,1832B,C.S. Smart,RoboTomas C.S. Robot,Chinese Taipei
1134,105,0,105,279H,Trailblazers,Trailblazer Robotics Juniors,Georgia
1135,105,0,105,71998A,RoboCalasanz,Publiczna Szkoła Podstawowa Zakonu Pijarów w Rzeszowie,Poland
1136,105,0,105,7755W,Future Soldier WSK,Shanghai Zhuqiao Experimental Primary School,East China
1137,105,0,105,2419A,星空队,Ai Forest,East China
1138,105,0,105,12357V,Bob,Infinite Robotics,New York-South
1139,104,51,53,1443D,1443D,Jenison Robotics,Michigan
1140,104,46,58,77732P,MSLR Club,MSLR Robotics,Indiana - Region 1 - North
1141,104,38,66,464B,Coding Kittens,West Side Christian School,Michigan
1142,104,38,66,91709B,Manual Override,Manual Override ,California - South
1143,104,34,70,60510E,Robo Warriors,Annoor Robotics,Tennessee
1144,104,32,72,98040X,MI Kai Kai,Islander Robotics Academy,Washington
1145,104,32,72,59049C,The Melrose Peanut Butter Gang,Melrose Elementary School,West Virginia
1146,104,30,74,90125A,RoboCats,The Episcopal Collegiate School,Arkansas
1147,104,20,84,1797A,Coding Crewmates,Ironsides Robotics,Utah
1148,104,18,86,44632A,STEAM Cyber Circuits,LAKE ELEMENTARY SCHOOL,Ohio
1149,104,18,86,75135C,Geared Up Foxes,CADDO MILLS INTERMEDIATE,Texas - Region 2
1150,104,0,104,94605B,Hackers,SJPF Robotics,North Dakota
1151,104,7,97,1729K,Balapandar,International Robotics Academy,Kazakhstan
1152,104,0,104,32328A,RoboHawks,RoboHawks,New York-South
1153,103,45,58,5129A,ENCINO PARK ES,ENCINO PARK ELEMENTARY SCHOOL,Texas - Region 4
1154,103,42,61,37712Z,Little Ponies,Bixby East,Oklahoma
1155,103,40,63,1993J,Galloway Robo-Owls,The Galloway School,Texas - Region 3
1156,103,35,68,62536A,Central Wildbots,CENTRAL ELEMENTARY SCHOOL,Alabama
1157,103,35,68,63670A,Techno Bots,STE. GENEVIEVE ELEMENTARY SCHOOL.,Missouri
1158,103,31,72,30424B,Tech-Know Turtles,LITTLE TURTLE ELEMENTARY SCHOOL,Indiana - Region 1 - North
1159,103,26,77,36300B,Colts,Breck School ,Minnesota
1160,103,2,101,25575A,Robot Squad,Tech Teams,Washington
1161,103,18,85,37712W,Pumpkin Eaters,Bixby East,Oklahoma
1162,103,7,96,27752D,the Fire Puffs,FOSTER DUAL LANGUAGE PK-8,Colorado
1163,103,11,92,89998R,Robotics? We Thought This Was Lunch,Pine Tree Middle School,Texas - Region 2
1164,103,2,101,70111A,SmartHub,SmartHub,Kazakhstan
1165,103,0,103,36688P,BASIS Bilingual School Shenzhen,BASIS Bilingual School Shenzhen,South China
1166,103,0,103,6889A,6889A,深竞工坊,South China
1167,103,0,103,9886B,9886B,Shenzhen Shenjing Workshop,South China
1168,102,56,46,23136A,Candy Crew,Pink & Blue,Virginia
1169,102,46,56,3705C,Rubber Duckies,Crestline Elementary School,Alabama
1170,102,46,56,77732J,MSLR Club,MSLR Robotics,Indiana - Region 1 - North
1171,102,41,61,2035C,Patriot Mania,JACKSON PREPARATORY SCHOOL,Mississippi
1172,102,40,62,38154D,Wardley Primary School,Wardley Primary School,United Kingdom
1173,102,39,63,985M,Project McDonald's,MARY OUR QUEEN SCHOOL,Nebraska
1174,102,37,65,10692K,SAVEbots,GEORGE W. WHITLOW ELEMENTARY,Georgia
1175,102,36,66,31748E,31748E,Independent Team,United Kingdom
1176,102,36,66,6210K,HCS: Kachow,HERITAGE CHRISTIAN SCHOOL,Indiana - Region 2 - Central
1177,102,28,74,13282B,Taper Tigers B,TAPER AVENUE ELEMENTARY,California - South
1178,102,28,74,15899C,Rubberband E Gang,BLACK ROCK ELEMENTARY,Colorado
1179,102,28,74,55353B,CAVE TITANS,Kimball IQ Program,Minnesota
1180,102,28,74,7707P,Power Players,Pleasant View Elementary Zionsville,Indiana - Region 2 - Central
1181,102,8,94,1408K,Kinetic,King Henry VIII School,United Kingdom
1182,102,0,102,33596D,The Bedazzled Bobas,HIGHLANDS ELEMENTARY SCHOOL,Colorado
1183,102,22,80,51172C,Cheetos (BattleCats C),LOST LAKE ELEMENTARY SCHOOL,Florida - North/Central
1184,102,18,84,261B,Trailblazers,Trailblazer Robotics Juniors Central Forsyth Branch,Georgia
1185,102,18,84,90246B,The Fast Dangerous Chickens,OLD RIVER ELEMENTARY,California - South
1186,102,17,85,96793B,Percy Pigs,Strichen School,United Kingdom
1187,102,18,84,92964B,Galactic Tigers,Harmony School of Science,Texas - Region 1
1188,102,18,84,807F,Baconators,DARWIN L GILMORE ELEMENTARY SCHOOL,Texas - Region 3
1189,102,18,84,18493C,Santa Rita Elementary,SANTA RITA ELEMENTARY SCHOOL,Texas - Region 5
1190,102,18,84,2237A,RUNYON-X,JOHN W RUNYON ELEMENTARY SCHOOL,Texas - Region 2
1191,102,17,85,79530B,End Game,LAKESIDE ELEMENTARY SCHOOL,Arkansas
1192,102,17,85,72801B,Stormbots Beta,Russellville Intermediate School,Arkansas
1193,102,9,93,83988B,STEMBLOCK - St John - ES,STEMBLCOK,New Brunswick/Nova Scotia/Prince Edward Island
1194,102,0,102,84212J,Fruity Pebbles,EAST HILLS MIDDLE SCHOOL,Arkansas
1195,102,4,98,32398C,Carmenbot,Colegio Ntra Sra del Carmen,Spain
1196,102,0,102,6333H,GX-Fellowship of the Ping,Gaiax,Singapore
1197,102,2,100,3203E,Robolabs Endeavor,Dublin Robotics Club,California - North
1198,102,0,102,33314B,Eisenhower Engineering,Nova Dwight D. Eisenhower Elementary School,Florida - South
1199,102,0,102,18114B,Parkview George Washing Machines,PARKVIEW PRIMARY SCHOOL,Indiana - Region 3 - South
1200,101,43,58,74866B,Circuit Circus,B MCDANIEL INT,Texas - Region 5
1201,101,37,64,813A,Landolt Starbots 813A,C D LANDOLT ELEMENTARY SCHOOL,Texas - Region 3
1202,101,36,65,85287A,The Potatoes,European School of Strasbourg,France
1203,101,28,73,77977A,Robotniks,ASU PREPARATORY ACADEMY-POLYTECHNIC ELEMENTARY,Arizona
1204,101,28,73,64167S,WeRTogether Storm Beast,WeRTogether LLC,Ohio
1205,101,25,76,95111D,搭建队,Beijing Haidian District Renbei Experimental School,North China
1206,101,20,81,55164C,Robolabz Gamma,Robolabz STEM Academy,Paraguay
1207,101,9,92,3352E,Bionic Buddies,VEXDiscovery,North Carolina
1208,101,17,84,71221B,STEM Squad 2,STEM For Kids,United Kingdom
1209,101,9,92,12510R,Dynamic Dragons,Riot Robotics,North Carolina
1210,101,8,93,5299A,Vex-A-Nators,LARRY G SMITH ELEMENTARY SCHOOL,Texas - Region 2
1211,101,2,99,6007W,Golden Hawks,Rolling Robots West LA,California - South
1212,101,0,101,78808A,iCode Pearland Team A,iCode Pearland,Texas - Region 3
1213,101,0,101,8966S,Super nuke,Hangzhou Xingzhi No. 2 Primary School,East China
1214,101,0,101,4396B,金融街教育培训中心,金融街教育培训中心,North China
1215,101,0,101,17100A,ICSN Los Combination Bots,International Christian School Nonthaburi,Thailand
1216,101,0,101,1766K,IQ Masters,North Fond Du Lac School District,Wisconsin
1217,101,0,101,88872D,Circuit Breakers D,Washington Upper Elementary School,Indiana - Region 3 - South
1218,101,0,101,75442C,MMM! Cheezburger,FARMERSVILLE INT,Texas - Region 2
1219,101,0,101,88872A,Circuit Breakers A,Washington Upper Elementary School,Indiana - Region 3 - South
1220,100,7,93,8396B,// Caution Tape Burrito//,Caution Tape Newmarket ////,Ontario
1221,100,9,91,21302B,The Captains,West Elementary School,Mississippi
1222,100,25,75,5017F,Vexclamation Mark!,Greenwich Academy,Connecticut
1223,100,7,93,93446B,Bot-Blitzers,"Georgia Brown Dual Immersion School, Paso Robles Joint Unified School District",California - South
1224,100,18,82,18189B,The Rubber Duckies,Mt. Carmel Elementary School,Indiana - Region 3 - South
1225,100,17,83,72550A,Chinchilla Chalupas,Apollo Robotics,Colorado
1226,100,17,83,4440A,Eaglebotics Wild Aces,EAGLE CREST ELEMENTARY SCHOOL,Colorado
1227,100,0,100,2209N,NKLab南强队,厦门市演武第二小学,South China
1228,100,0,100,86021A,WCB1,H.K.F.E.W. Wong Cho Bau School,Hong Kong
1229,100,0,100,12861D,ROBO-α,Beijing Boyouhui Education and Technology Services Company Limited,North China
1230,99,46,53,813C,Landolt Minions 813C,C D LANDOLT ELEMENTARY SCHOOL,Texas - Region 3
1231,99,36,63,15034K,BadgerBOTS K,BINFORD ELEMENTARY SCHOOL,Indiana - Region 3 - South
1232,99,24,75,84212E,The Airheads,EAST HILLS MIDDLE SCHOOL,Arkansas
1233,99,21,78,57290A,The Roaring Robots,KILBY LABORATORY SCHOOL,Alabama
1234,99,6,93,11860A,RoboSkittles,BRENTWOOD ELEMENTARY SCHOOL,Indiana - Region 2 - Central
1235,99,2,97,30530A,Minimum Damage,Harker Students,California - North
1236,98,34,64,770B,Re-imagine Robotics Blue Pins,Re-imagine Robotics,Georgia
1237,98,25,73,11227A,Strawberry Hill Team 2,Strawberry Hill National School,Ireland
1238,98,24,74,1975C,SparkBots,WESTWOOD ELEMENTARY SCHOOL,Arkansas
1239,98,34,64,74866C,S.T.O.R.M.,B MCDANIEL INT,Texas - Region 5
1240,98,28,70,25705B,Game Over,EAST BEAUREGARD ELEMENTARY SCHOOL,Louisiana
1241,98,30,68,41275A,Glencastle NS,Glencastle NS Primary school,Ireland
1242,98,4,94,31186A,THE AMAZING SPORTS TEAM,PIONEER SCHOOL,Utah
1243,98,28,70,7706Z,Z-Men,Trailside Elementary,Indiana - Region 2 - Central
1244,98,24,74,20616C,Robolution C,ALEX SANGER PREPARATORY MIDDLE,Texas - Region 2
1245,98,14,84,79731H,CCET Robotics,Center For Child Evaluation and teaching,Kuwait
1246,98,11,87,43920E,Potterbots: The Chubby Racoons,WESTGATE MIDDLE SCHOOL,Ohio
1247,98,7,91,74160B,Galactic Destroyers,MAJESTIC SCHOOL,Utah
1248,98,7,91,4855Z,Super Bees 4855Z,ERNEST BOWEN DESILVA ELEMENTARY SCHOOL,Hawaii
1249,98,7,91,90242A,Robo Stripes,ALAMEDA ELEMENTARY,California - South
1250,98,7,91,88180Z,RPM-Z,RPM Academy,Quebec
1251,98,7,91,4426S,SuperNoVA,Future Innovators of Vienna,Virginia
1252,98,0,98,99889A,Code Queens,Cuddle STEM Center,Chinese Taipei
1253,98,0,98,82019A,EDS_VEXSTAR,InnoChain – Edu Investment Joint Stock Company,Vietnam
1254,98,0,98,1729D,ItsRainingTacos,International Robotics Academy,Kazakhstan
1255,98,0,98,2706B,WYJJ Team B,TWGHs Wong Yee Jar Jat Memorial Primary School,Hong Kong
1256,98,0,98,10199A,零壹一队,DIGITAL SCIENCE LABORATORY,North China
1257,98,0,98,646V,杭州乐博猛虎队,杭州云谷学校&新华实验&滨江实验,East China
1258,98,0,98,3927B,第一梯队,福州乐博乐博科技教育有限公司,South China
1259,98,0,98,6040A,深圳市龙华区万科双语学校,深圳市龙华区万科双语学校,South China
1260,98,0,98,6765A,西安市雁塔区航天小学/西安航天城第四小学/西安市曲江第六小学/西安航天基地富力城黄河小学,西安市雁塔区航天小学/西安航天城第四小学/西安市曲江第六小学/西安航天基地富力城黄河小学,West China
1261,98,0,98,2667A,AAL CoreTech,stem cupertino,California - North
1262,98,0,98,70632F,Robo-Toppers I,Needmore Elementary,Indiana - Region 3 - South
1263,97,37,60,81011C,Techno Turtles,RAAS Robotics,New Jersey
1264,97,27,70,74275B,Shiloh Shark Battle Bots,SHILOH POINT ELEMENTARY,Georgia
1265,97,25,72,60510D,Robo Ninjas,Annoor Robotics,Tennessee
1266,97,24,73,5164C,Marquez Robotix/GOLD,Marquez Charter,California - South
1267,97,13,84,519Z,Code Queens,Burnside Elementary School,Kentucky
1268,97,14,83,97503B,Terminators,SOUTH CLEARFIELD SCHOOL,Utah
1269,97,17,80,76896A,Golden Cobras,Golden Cobras,Louisiana
1270,97,17,80,4456H,Poi Dogs,Hawaii Science and Technology Museum,Hawaii
1271,97,17,80,27855V,常营一队,乐思创新科技,North China
1272,97,7,90,1555B,The Gilded Robo-OREOS,Auburn Community Robotics,Alabama
1273,97,7,90,18799S,Short Circuits,MONTESSORI SCIENCE ACADEMY,Indiana - Region 2 - Central
1274,97,0,97,95613C,Technical,CARROLLTON ELEMENTARY SCHOOL,Ohio
1275,97,2,95,29910A,29910A,福田区外国语学校,South China
1276,97,0,97,8864B,Macaubaptist Primary Team B,Macau Baptist College,Macau
1277,96,47,49,72934B,VexPro 67,Scoil mhuire gan smal,Ireland
1278,96,18,78,34458G,Namelezz Coderz,OCEAN SPRINGS UPPER ELEMENTARY SCHO,Mississippi
1279,96,22,74,77147C,Boc Boc Bots,INTERNATIONAL STUDIES MAGNET,Arkansas
1280,96,20,76,42968W,Apex Predators,Bixby North,Oklahoma
1281,96,18,78,12410C,Slide the Bolts,HARMON MIDDLE SCHOOL,Ohio
1282,96,14,82,490X,Ege Robotics,Ege Robotics,Türkiye
1283,96,2,94,22280H,Lightning Bolts,Livingston Robotics Club,New Jersey
1284,96,2,94,88180Y,RPM Y-Fi,RPM Academy,Quebec
1285,95,42,53,67846D,Pivot Robotics,Great Plains MakerSpace - Pivot Robotics,Kansas
1286,95,38,57,64935A,Scoil Shinchill,Scoil Shinchill,Ireland
1287,95,35,60,28101E,Extreme Team,NORTH UNION ELEMENTARY SCHOOL,Ohio
1288,95,32,63,725E,Apex Engineers,Apex Robotics,Arizona
1289,95,30,65,725D,Apex Dalmatians,Apex Robotics,Arizona
1290,95,28,67,8856C,The Gear Guys,Hudsonville 5/6 Building,Michigan
1291,95,28,67,46390G,Tri-Township Robotics,Tri-Township School,Indiana - Region 1 - North
1292,95,20,75,44632K,Robo Dream Team,LAKE ELEMENTARY SCHOOL,Ohio
1293,95,17,78,1920C,Rolling Robots,Rolling Robots Pasadena,California - South
1294,95,19,76,4140E,The Wonky Donkeys,St. Paul's Lutheran School,Wisconsin
1295,95,16,79,5311A,Robophins,Apopka Elementary School,Florida - North/Central
1296,95,15,80,85301A,Maybe!,The International School of Macao,Macau
1297,95,2,93,4566X,Conquerers,Magikid Pleasanton Lab,California - North
1298,95,0,95,1112A,SCI Sharks - Purple,Sand Creek Intermediate School,Indiana - Region 2 - Central
1299,95,2,93,8766D,8766D,厦门智慧创品科技培训有限公司,South China
1300,95,0,95,8030D,ARDINGLY College Zhongshan SRCC VEX Club,ARDINGLY College Zhongshan,South China
1301,95,0,95,22222E,Arthian,LogandSteam,South Korea
1302,95,0,95,67679G,Howling Wolves,Nbparents,California - South
1303,94,38,56,20915E,Ochoa 5,Ellen Ochoa Elementary,Oklahoma
1304,94,36,58,3439W,Wild Robots,REACT Robotics,Kentucky
1305,94,30,64,31186E,INTERNATIONAL ENTERTAINERS,PIONEER SCHOOL,Utah
1306,94,22,72,10161B,Akamai Ma'alahi,Haili Christian School,Hawaii
1307,94,21,73,18799B,Baby Sprockets,MONTESSORI SCIENCE ACADEMY,Indiana - Region 2 - Central
1308,94,4,90,98599A,Catahoula,Northshore robotics,Louisiana
1309,94,6,88,14114A,HippoBots,ST JOHN CATHOLIC SCHOOL,Arkansas
1310,94,8,86,31617A,Crusader Robotics,Cumberland Christian school,New Jersey
1311,94,7,87,63366D,COURAGEOUS CODERS,IGNITE ROBOTICS,North Carolina
1312,94,0,94,13722Z,Reboot,The Frazer School - Elementary,Florida - North/Central
1313,93,45,48,1040A,Robotic Stars,All In Robotics,Texas - Region 5
1314,93,46,47,6258S,Boba Bots,Sandpiper School,California - North
1315,93,38,55,2370B,2370B,Jenison Robotics,Michigan
1316,93,38,55,32356B,Boost+Academy,Boost+ Enrichment Academy,Illinois
1317,93,35,58,47721D,Dino Bots,PRINCETON INTERMEDIATE SCHOOL,Minnesota
1318,93,27,66,25324A,Westerly Creek AA's,WESTERLY CREEK ELEMENTARY,Colorado
1319,93,18,75,295K,Code Crushers,Placer Robotics (PART),California - North
1320,93,2,91,1120V,Ten Ton Robotics,West Vancouver Schools,British Columbia (BC)
1321,93,2,91,25025A,Pass.Port Junior,Ferdi Battal,Türkiye
1322,93,0,93,2737K,5K,Magikid Robotics Lab Redmond,Washington
1323,93,0,93,7899A,Rolling Robots Irvine,Rolling Robots,California - South
1324,93,0,93,99966B,科乐战队2,Heyuan Kola robot,South China
1325,93,0,93,5666A,小智群力A队,Xiaozhi Robot 小智机器人科学活动中心,North China
1326,93,0,93,30636C,TMA Team C,TUSTIN MEMORIAL ELEMENTARY,California - South
1327,93,0,93,4520A,北京市正泽学校,北京市正泽学校,North China
1328,93,0,93,295B,Team Robo Glytch,Placer Robotics (PART),California - North
1329,93,0,93,6611A,Vtex 3,Dr.player robotics lab Zhubei,Chinese Taipei
1330,93,0,93,3298D,Brainchild,Brainchild,Hong Kong
1331,93,0,93,16900H,HRGPS Team H,Hennessy Road Government Primary School,Hong Kong
1332,93,0,93,78739A,KC-Avengers,Kodecoon Academy,Singapore
1333,92,46,46,11531Z,The Trojanators,COOPER ELEMENTARY SCHOOL,Michigan
1334,92,46,46,86349G,Glenswilly National School,Glenswilly National School,Ireland
1335,92,46,46,67212G,Galaxy,Maize Bot Club,Kansas
1336,92,36,56,51172D,The Roarers (BattleCats D),LOST LAKE ELEMENTARY SCHOOL,Florida - North/Central
1337,92,34,58,63165P,VEX Men,KRAFT MEADOWS INTERMEDIATE SCHOOL,Michigan
1338,92,17,75,63190A,Krubots - D Squared,Krubots.com,New Jersey
1339,92,28,64,60742D,Pomelo Panthers,POMELO COMMUNITY CHARTER,California - South
1340,92,18,74,1909D,CHESSTRONICS CHECKMATES,Chesstronics Academy (CODE-CREATE-CHECKMATE),Georgia
1341,92,24,68,2410M,The Costco Guys,KEYSTONE ELEMENTARY SCHOOL SCH,Pennsylvania - West
1342,92,18,74,295X,The Chefs,Placer Robotics (PART),California - North
1343,92,18,74,801C,Tech Turtles C,ARMAND BAYOU ELEMENTARY SCHOOL,Texas - Region 3
1344,92,17,75,1975A,TechnoSerpents,WESTWOOD ELEMENTARY SCHOOL,Arkansas
1345,92,9,83,11180B,Colts 2,KELLY MILL ELEMENTARY,Georgia
1346,92,14,78,295W,PART W,Placer Robotics (PART),California - North
1347,92,13,79,1097E,TCT Ballers,LUTHER BRANSON SCHOOL,Mississippi
1348,92,7,85,9852P,PSP Khao Tom Pla Whale,Srinakharinwirot University : Prasarnmit Demonstration School (Elementary),Thailand
1349,92,6,86,52066B,Men of Mystery 男以理解,Curious Robotics Hsinchu,Chinese Taipei
1350,92,2,90,2594B,SBCPS,St. Bonaventure Catholic Primary School,Hong Kong
1351,92,0,92,66186F,66186F,vex academy,North China
1352,91,45,46,24351C,Flaming Banana Clocks,Engage Robotics,Colorado
1353,91,28,63,78336C,Pythons,"Pine Crest School, Boca Raton Campus",Florida - South
1354,91,29,62,75194B,H.I,PORTER RANCH COMMUNITY,California - South
1355,91,28,63,1990A,1990A,Jenison Robotics,Michigan
1356,91,28,63,80503C,T-Vex,Independent,Ontario
1357,91,28,63,23278A,IQ Owls,SS PETER & PAUL SCHOOL,Minnesota
1358,91,28,63,49301E,Cyber Knights,ADA CHRISTIAN SCHOOL,Michigan
1359,91,23,68,34202V,Frog Bot,GILBERT W MCNEAL ELEMENTARY SCHOOL,Florida - North/Central
1360,91,0,91,8398D,Robo-Golfers,Bayside Academy,Alabama
1361,91,17,74,7686Z,Girl Code,Harrisburg Public School District,South Dakota
1362,91,7,84,90245B,Fantastic Force,LEWIS (ED C.) ELEMENTARY,California - South
1363,91,18,73,279J,Trailblazers,Trailblazer Robotics Juniors,Georgia
1364,91,18,73,4945F,Eaglebots: Coding Capybaras,GRAND RAPIDS CHRISTIAN,Michigan
1365,91,18,73,13650A,Pickle Sickles,MAPLEWOOD ELEMENTARY,Louisiana
1366,91,18,73,21300B,Dark Shadow Dragons,Trinity Grammar Junior School,Australia
1367,91,18,73,38636A,Eagletronics,ARLINGTON ELEMENTARY/MIDDLE,Maryland
1368,91,17,74,3321C,Robo-Pioneers C,Virginia Shuman Young Elementary School,Florida - South
1369,91,17,74,68898A,Spotted Champs,LA VILLITA ELEMENTARY SCHOOL,Texas - Region 5
1370,91,17,74,1975E,TechnoTigers,WESTWOOD ELEMENTARY SCHOOL,Arkansas
1371,91,9,82,10692B,Tech Titans,GEORGE W. WHITLOW ELEMENTARY,Georgia
1372,91,7,84,205B,Calculated Chaos,Century Park Learning Center,Michigan
1373,91,7,84,90245D,Amazing Spiderbots,LEWIS (ED C.) ELEMENTARY,California - South
1374,91,7,84,3547Z,VIRUS:: Experiment 626,Technolgy First,Michigan
1375,91,0,91,1932C,Ursanauts: The 5 Menacing Gears,JOSEPH S BRUNO MONTESSORI ACADEMY,Alabama
1376,91,9,82,1216B,Mech Mechanics,Wheelhouse Robotics,Texas - Region 5
1377,91,9,82,20952B,Bulldog Bots,BELLE ELEMENTARY SCHOOL,West Virginia
1378,91,0,91,66799B,AST-onishing B,American School in Taichung,Chinese Taipei
1379,91,7,84,22051J,Game Over,Robospark,Washington
1380,91,7,84,44003C,The Diamond electric Bots,OPPE ELEMENTARY SCHOOL,Texas - Region 3
1381,91,0,91,6007Y,Quantum Ducks,Rolling Robots West LA,California - South
1382,91,2,89,31200A,Robotics Wins,Embrace Multicultural Education Center,Ontario
1383,91,0,91,3298B,Brainchild,Brainchild,Hong Kong
1384,91,0,91,44003D,The Sammy Frogs,OPPE ELEMENTARY SCHOOL,Texas - Region 3
1385,91,0,91,2135E,2135E,太原森孚机器人,Middle China
1386,91,0,91,2135C,2135C,太原森孚机器人,Middle China
1387,91,0,91,2135A,2135,太原森孚机器人,Middle China
1388,91,0,91,5888A,小智工大A队,Xiaozhi Robot 小智机器人科学活动中心,North China
1389,91,0,91,6145B,6145B,"Zhanlan road No.1 Primary School, Xicheng District, Beijing",North China
1390,91,0,91,9477A,HAC,江苏无锡,East China
1391,91,0,91,1290T,青山湖育才学校-T,杭州市临安区青山湖科技城育才学校,East China
1392,91,0,91,61961B,广州市黄埔区青少年宫（科学城宫）IQ小学B队,广州市黄埔区青少年科技教育协会,South China
1393,91,0,91,60120Z,CDCK-T4,成电创客基地,West China
1394,91,0,91,51808A,深圳市龙岗区麓城外国语小学,深圳市龙岗区麓城外国语小学,South China
1395,91,0,91,68018B,北小B队,南京市北京东路小学,East China
1396,91,0,91,10704B,Pukalani STEM Imagineers Team B,PUKALANI ELEMENTARY SCHOOL,Hawaii
1397,91,0,91,28383F,FPTDaNang 06,TRƯỜNG TIỂU HỌC VÀ TRUNG HỌC CƠ SỞ FPT ĐÀ NẴNG,Vietnam
1398,91,0,91,669A,苏州工业园区景城学校 A 队,苏州工业园区景城学校,East China
1399,91,0,91,78682D,DynamicDolphinBots 78682D,DAVES CREEK ELEMENTARY SCHOOL,Georgia
1400,90,46,44,50298D,Drippy Ducks,Mapleton Elementary School,Ohio
1401,90,32,58,34362D,Gear Shift,ST JOSEPH SCHOOL,Wisconsin
1402,90,36,54,28101B,Butterfly Bots,North Union Elementary,Ohio
1403,90,25,65,9989B,Bots United,CHALLENGER ELEMENTARY,Minnesota
1404,90,17,73,5311C,Robophins,APOPKA ELEMENTARY,Florida - North/Central
1405,90,7,83,79530C,Robo Queens,LAKESIDE ELEMENTARY SCHOOL,Arkansas
1406,90,17,73,7703G,Stonegate G,STONEGATE ELEMENTARY,Indiana - Region 2 - Central
1407,90,18,72,17890A,The Dino Nuggies,Bishop Noland Episcopal Day School,Louisiana
1408,90,18,72,95849A,Wa-Nee: Pantherbots A,WaNee: Pantherbots,Indiana - Region 1 - North
1409,90,18,72,7919D,Tritt United Robotics Club,Tritt Elementary School,Georgia
1410,90,17,73,45561B,Error 404,Ray Elementary School,Texas - Region 4
1411,90,17,73,5113A,Fox Run ES Rapid Foxes,FOX RUN ELEMENTARY SCHOOL,Texas - Region 4
1412,90,8,82,2244X,Bobcat Robotics,JAMES BOWIE ELEMENTARY SCHOOL,Texas - Region 2
1413,90,6,84,972A,Dragon,Watchung Advanced Robot Machines,New Jersey
1414,90,2,88,80202A,长春新区吉大慧谷学校,长春新区吉大慧谷学校,North China
1415,90,0,90,1604D,Dark Star,NSU UNIVERSITY SCHOOL,Florida - South
1416,89,68,21,84401B,Girl Greatness 2.0,MARTHA & JOSH MORRISS MATH & ENGINEERING ELEMENTARY SCHOOL,Texas - Region 2
1417,89,34,55,58247Y,CMSS Robotics,Cabot Middle School South,Arkansas
1418,89,31,58,7811C,Leopards,Adarsha Academy,Arizona
1419,89,21,68,71711B,Los Esquites ,INDEPENDENCE ELEMENTARY,California - South
1420,89,11,78,58508A,Tiny Tech Titans,Blair-taylor Middle/high School,Wisconsin
1421,89,7,82,838P,Power Panthers,Blaze Robotics Academy,Washington
1422,89,0,89,839S,// Caution Tape //,Caution Tape Robotics ////,Ontario
1423,88,38,50,60360D,Precision Multiaxis Machining,Heritage Elementary School,California - South
1424,88,36,52,95111A,Never Give Up,Beijing Haidian District Renbei Experimental School,North China
1425,88,27,61,91176A,Ridgegate Robotics,Garage Bots,Texas - Region 5
1426,88,26,62,7700J,Rolling Robots,Rolling Robots,California - South
1427,88,18,70,826C,Iron Patriots,RALPH PARR ELEMENTARY SCHOOL,Texas - Region 3
1428,88,18,70,826B,Barca Bots,RALPH PARR ELEMENTARY SCHOOL,Texas - Region 3
1429,88,25,63,27981C,Ballycommon Girls,Ballycommon Telework and Training Centre,Ireland
1430,88,19,69,42968Y,Circuit Surfers,Bixby North,Oklahoma
1431,88,19,69,34202H,American Lobsters,GILBERT W MCNEAL ELEMENTARY SCHOOL,Florida - North/Central
1432,88,0,88,99535D,Collegium Robotics: Dominators,COLLEGIUM CS,Pennsylvania - East
1433,88,13,75,4183F,IQ Pandas,Woodland Hills School District,Pennsylvania - West
1434,88,2,86,62130A,CircuitBreakers,Bixby West Intermediate ,Oklahoma
1435,88,7,81,7737Z,Thing-a-ma-botz,Peninsula Robotics,California - North
1436,88,7,81,4223A,CyberVex,INNOVATION MONTESSORI OCOEE,Florida - North/Central
1437,88,2,86,9210U,Hurricanes,Sauk rapids rice school district - hosted at middle school ,Minnesota
1438,88,2,86,50097B,EXTREMELY SKILLED FADAA AL MAOUHIBA EL JADIDA,FADAA AL MAOUHIBA,Morocco
1439,88,0,88,71548C,71548C,海淀妇女儿童活动中心,North China
1440,88,0,88,28383E,FPTDaNang 05,TRƯỜNG TIỂU HỌC VÀ TRUNG HỌC CƠ SỞ FPT ĐÀ NẴNG,Vietnam
1441,88,0,88,53168C,XZL,XZL,South China
1442,88,0,88,55547C,Red Sands Robo 3,RED SANDS ELEMENTARY SCHOOL,Texas - Region 1
1443,87,27,60,11531T,The KoalaBots,COOPER ELEMENTARY SCHOOL,Michigan
1444,87,24,63,1069H,The Destroyers,Berthoud Robotics,Colorado
1445,87,32,55,10546F,STA Tigers 6,ST THOMAS AQUINAS SCHOOL,Indiana - Region 2 - Central
1446,87,9,78,2410C,Chicken Nugget Windex,KEYSTONE ELEMENTARY SCHOOL SCH,Pennsylvania - West
1447,87,18,69,63663C,MA - Huskies,Montessori Academy,Tennessee
1448,87,24,63,10452N,The Big Dills,Haslett Robotics Club,Michigan
1449,87,21,66,4183E,Robotic Wolverines,Woodland Hills School District,Pennsylvania - West
1450,87,3,84,22524B,Green Beans,Island Robotics,Hawaii
1451,87,19,68,7919E,Tritt United Robotics Club,Tritt Elementary School,Georgia
1452,87,19,68,96793Z,Competing Champions,Strichen School,United Kingdom
1453,87,19,68,13650C,Ranchies,MAPLEWOOD ELEMENTARY,Louisiana
1454,87,0,87,25595A,The Highlighters,St Vincent's Primary School,Australia
1455,87,17,70,2221B,Duck Springs Sesame Seeds,Duck Springs Elementary School,Alabama
1456,87,17,70,17410F,Pickle Power Pals,MONTGOMERY CATHOLIC PREPARATORY SCHOOL,Alabama
1457,87,17,70,86273C,Engineering Enchiladas,Carpenter Community Charter,California - South
1458,87,9,78,61593A,Space Nuggets,East Pointe Elementary School,Arkansas
1459,87,0,87,10404J,10404J,COLD SPRING SCHOOL,Indiana - Region 2 - Central
1460,87,0,87,1112G,SCI Sharks - Silver,Sand Creek Intermediate School,Indiana - Region 2 - Central
1461,86,36,50,63273B,Gear Gals,Robo Rangers,Illinois
1462,86,30,56,78336A,IDK,"Pine Crest School, Boca Raton Campus",Florida - South
1463,86,30,56,206A,Bots O'Steel,Grandville Grand View Elementary School,Michigan
1464,86,30,56,12954H,4-H DawgBytes,Walker County 4-H,Georgia
1465,86,29,57,81510E,Jazz's Bot Squad,Howard Norman Elementary School,Texas - Region 4
1466,86,28,58,802A,Ice Cream Bots,HENRY BAUERSCHLAG ELEMENTARY SCHOOL,Texas - Region 3
1467,86,28,58,44167A,RoboLions,Lockhurst Drive Charter Elementary School,California - South
1468,86,2,84,44632M,The Quack Pack,LAKE ELEMENTARY SCHOOL,Ohio
1469,86,18,68,12022C,Kung Fu Fighters,Henryville Elementary School,Indiana - Region 3 - South
1470,86,18,68,99174B,St. Mary's National School,St. Marys National School,Ireland
1471,86,17,69,3333Y,Bobs Builders,Notre Dame Prep,Michigan
1472,86,8,78,89998P,The Goonies,PINE TREE MIDDLE,Texas - Region 2
1473,86,2,84,243F,Duckies,FRONTIER SCHL OF INNOVATION-M,Missouri
1474,86,8,78,1097C,The 3 Musketeers,LUTHER BRANSON SCHOOL,Mississippi
1475,86,2,84,72233A,The Goats,Spark Squads,North Carolina
1476,86,0,86,55678B,小学二队,YOCO STEAM LAB,North China
1477,86,0,86,18810A,Flagler Express,Henry M. Flagler Elementary School,Florida - South
1478,86,0,86,50742T,Super Stars Robotics,Kitty Club,Kuwait
1479,86,0,86,86021B,WCB2,H.K.F.E.W. Wong Cho Bau School,Hong Kong
1480,86,0,86,51215W,The Blazing Riger Bot,West Rembo Elementary School,Philippines
1481,86,0,86,60742B,Pomelo Panthers,POMELO COMMUNITY CHARTER,California - South
1482,86,0,86,56496G,Golden Gears,Steamoji Kirkland,Washington
1483,86,0,86,42403B,Aurora 5th grade,Aurora Elementary School,Indiana - Region 3 - South
1484,86,0,86,36646B,Brooklyn STEM Brooklynbot,BROOKLYN STEM ACADEMY,Indiana - Region 1 - North
1485,86,0,86,75442B,Cosmic Robotics,FARMERSVILLE INT,Texas - Region 2
1486,85,34,51,77015A,Green Goblins,City of Riihimäki Patastenmäen koulu,Finland
1487,85,27,58,17151N,Hold On I'm Thinking,KENNETH T BEAGLE  MIDDLE SCHOOL,Michigan
1488,85,27,58,94329B,THE 4BIDDEN5,BOUNTIFUL SCHOOL,Utah
1489,85,24,61,1766A,Bots -n- Beaks,BESSIE ALLEN MIDDLE,Wisconsin
1490,85,22,63,62130E,KirbyCodes,Bixby West Intermediate,Oklahoma
1491,85,20,65,10692A,Harry Potters,GEORGE W. WHITLOW ELEMENTARY,Georgia
1492,85,11,74,10511Z,Zetabots,CYPRESS RIDGE ELEMENTARY SCHOOL,Florida - North/Central
1493,85,19,66,12510X,Mecha Raiders,Riot Robotics,North Carolina
1494,85,2,83,62030A,Sycamore Lion Bots,Sycamore Elementary School,Tennessee
1495,85,17,68,31314B,Nova Gang,Whitehall Elementary & Middle School,Wisconsin
1496,85,14,71,3298E,Brainchild,Brainchild,Hong Kong
1497,85,4,81,70655B,Mississinewa Indians,NORTHVIEW ELEMENTARY SCHOOL,Indiana - Region 1 - North
1498,85,2,83,90048D,Blue Thunddder,SYRACUSE SCHOOL,Utah
1499,85,0,85,36688C,BASIS Bilingual School Shenzhen,BASIS Bilingual School Shenzhen,South China
1500,84,0,84,7316S,SKY,SKYSTEAM,South Korea
1501,84,20,64,19370C,The Mighty Goldfish,Our Lady of Perpetual Help Catholic School,Tennessee
1502,84,28,56,6632D,Robotic Rattlers,Prairie Ridge Elementary School,Colorado
1503,84,28,56,46390F,Tri-Township Robotics,Tri-Township School,Indiana - Region 1 - North
1504,84,28,56,30538C,CBS Robo Warriors,Canadian Bilingual School,Kuwait
1505,84,28,56,6210Y,HCS: Einsteins,HERITAGE CHRISTIAN SCHOOL,Indiana - Region 2 - Central
1506,84,20,64,33300C,Code 5,Minneola Charter School,Florida - North/Central
1507,84,21,63,50108B,Stanford Tigerbots,Stanford Avenue Elementary School,California - South
1508,84,21,63,96000N,Masterminds,The Mind Spark,Pennsylvania - East
1509,84,21,63,68046A,Tech Nite,St. Columbkille Catholic School,Nebraska
1510,84,18,66,74756E,Mythri-Fantastic 6,Mythri Stem Academy,Nevada
1511,84,18,66,90247A,Home Hitters,PRICE (MAUDE) ELEMENTARY,California - South
1512,84,18,66,85365B,Three Big Brains,Yuma Homeschool Robotics,Arizona
1513,84,0,84,90245C,Batbots,LEWIS (ED C.) ELEMENTARY,California - South
1514,84,2,82,49979B,NewPal Circuit Breakers,NEW PALESTINE INTERMEDIATE SCHOOL,Indiana - Region 2 - Central
1515,84,17,67,16329A,Code Commanders,MARLAN J. WALKER ELEMENTARY,Nevada
1516,84,13,71,8785A,Kilcornan NS,Kilcornan National School,Ireland
1517,84,10,74,14012J,Vexcel,PINECREST LAKES ACADEMY,Florida - North/Central
1518,84,9,75,72365B,Cougar-Bots B,MAXWELL INTERMEDIATE SCHOOL,Indiana - Region 2 - Central
1519,84,0,84,33596H,The Ninja Bots,HIGHLANDS ELEMENTARY SCHOOL,Colorado
1520,84,0,84,19813A,Brains On 2.0,EAGLE BAY SCHOOL,Utah
1521,84,2,82,138Z,QRCA - White,AAA Training and Tuition (RTO 46396),Australia
1522,84,2,82,41406E,Sapphire Scorpions,TechWise Academy,Indiana - Region 1 - North
1523,84,0,84,82674A,Mecha Mustangs,ARROYO ELEMENTARY,California - South
1524,84,0,84,7316A,SKY,SKYSTEAM,South Korea
1525,84,0,84,77167B,ningsi-edu,ningsi-edu,North China
1526,84,0,84,60120K,CDCK-T5,成电创客基地,West China
1527,84,0,84,4396D,金融街教育培训中心,金融街教育培训中心,North China
1528,84,0,84,1120G,Ten Ton Robotics,West Vancouver Schools,British Columbia (BC)
1529,84,0,84,16894C,Dromore NS 3,Dromore NS,Ireland
1530,84,0,84,60097A,Anonymous Pirates - Team A,MAGNOLIA SCIENCE ACADEMY SANTA ANA,California - South
1531,84,0,84,9278A,Roadrunner Robotics,ROBERT HEIDEMAN ELEMENTARY,California - South
1532,84,0,84,20267D,CyberWolf,The Beyond Coding,South Korea
1533,84,0,84,3723B,MIXIQ,Seoul Foreign School,South Korea
1534,84,0,84,1463F,VMN,Unfinished Maker Space,California - North
1535,84,0,84,13645W,Cyber Storms,LAURA INGALLS WILDER,Texas - Region 3
1536,84,0,84,1112D,SCI Sharks - Light Blue,Sand Creek Intermediate School,Indiana - Region 2 - Central
1537,84,0,84,75442F,The Timmy's,FARMERSVILLE INT,Texas - Region 2
1538,83,38,45,2370D,2370D,Jenison Robotics,Michigan
1539,83,38,45,13056A,Brickbots,Royalton Community Education,Minnesota
1540,83,38,45,816A,Jonathen,G W ROBINSON,Texas - Region 3
1541,83,25,58,806C,FPE,FALCON PASS ELEMENTARY SCHOOL,Texas - Region 3
1542,83,28,55,91625E,Cyber Space Scientists,SANDROCK ELEMENTARY,Colorado
1543,83,14,69,63366A,BRAVE LEOPARDS,IGNITE ROBOTICS,North Carolina
1544,83,20,63,82213Z,Robot Nexus,Robot Nexus,California - North
1545,83,20,63,61519A,Kilmurry NS,Kilmurry National School,Ireland
1546,83,18,65,45790A,GermainBotz 1,GERMAIN ACADEMY FOR ACADEMIC ACHIEVEMENT,California - South
1547,83,9,74,90317C,IQ,HIGHLAND ELEMENTARY,Mississippi
1548,83,9,74,52106A,Emerald Tigers,Harmony School Of Innovation - El Paso,Texas - Region 1
1549,83,0,83,1354D,Jujustu Sorcerers,HERITAGE SCHOOL,Utah
1550,83,7,76,52510A,Club SLB SEED Primaria,Club SLB SEED Primaria,Mexico
1551,83,2,81,5981A,FinTech,WHIGHAM ELEMENTARY SCHOOL,Florida - South
1552,83,7,76,63165E,Stack Attack,KRAFT MEADOWS INTERMEDIATE SCHOOL,Michigan
1553,83,0,83,73677B,Brainy Beez!!!,St Susanna School,Indiana - Region 2 - Central
1554,83,6,77,233H,Robo Bros,Winneconne Elementary School,Wisconsin
1555,83,0,83,2086A,2086A,河南创联培勤教育科技有限公司,Middle China
1556,83,0,83,810A,Goforth G.E.A.R.S.,ART AND PAT GOFORTH ELEMENTARY SCHOOL,Texas - Region 3
1557,83,0,83,1517B,EagleTrons,EASTWOOD HEIGHTS ELEMENTARY SCHOOL,Texas - Region 1
1558,83,0,83,59049D,Skittles Squad,Melrose Elementary School,West Virginia
1559,82,38,44,63165B,The MintChocoBots,KRAFT MEADOWS INTERMEDIATE SCHOOL,Michigan
1560,82,36,46,4299B,CouGEARS - Underdogs,Ellis Middle School,Tennessee
1561,82,30,52,22442C,RoboPanthers,HAYDEN R. LAWRENCE UPPER ELEMENTARY SCHOOL,Louisiana
1562,82,27,55,985N,Ninjaneers,MARY OUR QUEEN SCHOOL,Nebraska
1563,82,26,56,7357A,Pin Panthers,MOUNTAIN SPRINGS ELEMENTARY SCHOOL SCHOOL,Arkansas
1564,82,24,58,63165J,Blue Bots,KRAFT MEADOWS INTERMEDIATE SCHOOL,Michigan
1565,82,24,58,7707E,Echo Bots,Pleasant View Elementary-Zionsville,Indiana - Region 2 - Central
1566,82,24,58,7706G,Golden Gamers,Trailside Elementary,Indiana - Region 2 - Central
1567,82,21,61,31186D,THE DRIVING DUCKS,PIONEER SCHOOL,Utah
1568,82,14,68,61593G,DJ SpaceBots,EAST POINTE ELEMENTARY SCHOOL,Arkansas
1569,82,19,63,90317D,Mechanical Kings,HIGHLAND ELEMENTARY,Mississippi
1570,82,17,65,89998G,Da Nuggies,PINE TREE,Texas - Region 2
1571,82,9,73,84401C,Mystery Cowboys,MARTHA & JOSH MORRISS MATH & ENGINEERING ELEMENTARY SCHOOL,Texas - Region 2
1572,82,7,75,37100N,NCES Knights,Norton Commons Elementary School,Kentucky
1573,82,2,80,43210F,LFCD Pixelated,Landau Forte Derby College,United Kingdom
1574,82,0,82,43277C,Gear Bots,Gear Bots,Arizona
1575,82,0,82,22020F,Vector Vortex,Kidwe Lab,New Zealand
1576,82,0,82,10836A,10836A,ROBOSTORM,British Columbia (BC)
1577,82,0,82,2099X,2099X,STEMSTAR-ShenZhen,South China
1578,82,0,82,1463D,Lava Chickens,Unfinished Maker Space,California - North
1579,82,0,82,63041B,CWWPS (B),GCCITKD Cheong Wong Wai Primary School,Hong Kong
1580,82,0,82,67563A,CyberColts A,JAMES B EADS ELEMENTARY SCHOOL,Indiana - Region 1 - North
1581,81,36,45,3171Z,PANTHER BOTS 2,Park Springs Elementary School,Florida - South
1582,81,30,51,49979E,NewPal Gear Shifters,NEW PALESTINE INTERMEDIATE SCHOOL,Indiana - Region 2 - Central
1583,81,25,56,38636C,Eagletronics,ARLINGTON ELEMENTARY/MIDDLE,Maryland
1584,81,25,56,44163C,Awesome Opossums,GREAT BROOK SCHOOL,New Hampshire/Vermont
1585,81,21,60,2060X,The G.O.A.T.ED Griffins,Oakestown Intermediate School,Michigan
1586,81,21,60,90222E,The Mane Event,STRALEY ELEMENTARY SCHOOL,West Virginia
1587,81,19,62,45561C,C.D.P.,Ray Elementary School,Texas - Region 4
1588,81,7,74,5280K,Speeding Stackers,SOARING HEIGHTS PK-8,Colorado
1589,81,18,63,955C,Alpha Concrete,PINE CREST SCHOOL,Florida - South
1590,81,18,63,14581M,Gearbusters,Charlotte Public Schools,Michigan
1591,81,18,63,801B,Tech Turtles B,ARMAND BAYOU ELEMENTARY SCHOOL,Texas - Region 3
1592,81,18,63,90245A,Super Robots,LEWIS (ED C.) ELEMENTARY,California - South
1593,81,18,63,58923R,RizzBots,Rosenallis NS,Ireland
1594,81,18,63,1408B,Bionic,King Henry VIII School,United Kingdom
1595,81,18,63,806B,FPE,FALCON PASS ELEMENTARY SCHOOL,Texas - Region 3
1596,81,2,79,59882A,Pinfinity,Enlightening Academy,Virginia
1597,81,0,81,17529C,Nitros,WILLIAM TELL ELEMENTARY SCHOOL,Indiana - Region 3 - South
1598,81,7,74,10511N,Nubots,CYPRESS RIDGE ELEMENTARY SCHOOL,Florida - North/Central
1599,81,7,74,80602B,Bussin' Buffaloes,STAMPING GROUND ELEMENTARY SCHOOL,Kentucky
1600,81,6,75,19800B,Curse You Perry the Platypus,BOULTON SCHOOL,Utah
1601,81,0,81,87646A,未来之翼,未来科学家,Middle China
1602,80,46,34,355B,The Great Scotties,HQ Robotics,Maryland
1603,80,34,46,838R,RattleBots,Blaze Robotics Academy,Washington
1604,80,17,63,74866D,Omega,B MCDANIEL INT,Texas - Region 5
1605,80,25,55,26346D,Cloud9,Pannini Tech Academy,North Carolina
1606,80,24,56,80085H,Nightshade,ORCHARD HILLS,California - South
1607,80,24,56,42000S,Supercalifragilisticexpialidocious,Wren Robotics,Utah
1608,80,22,58,259A,Mighty Menehunes Robotics Team,MAKAKILO ELEMENTARY SCHOOL,Hawaii
1609,80,22,58,11086B,Cybercat Kings,SUMMIT SCHOOL OF AHWATUKEE,Arizona
1610,80,18,62,42968Z,Gear Grinders,Bixby North,Oklahoma
1611,80,18,62,51451G,The 5 Huskies,SAWNEE ELEMENTARY SCHOOL,Georgia
1612,80,18,62,12556W,Cyber Wolves,TAYLOR WHITE ELEMENTARY SCHOOL,Alabama
1613,80,17,63,90081C,Super Awesome Orange Juice,HOLBROOK SCHOOL,Utah
1614,80,17,63,54705C,The Su-She's,GENE WITT ELEMENTARY SCHOOL,Florida - North/Central
1615,80,17,63,30077H,Heatwave,BILOXI UPPER ELEMENTARY,Mississippi
1616,80,14,66,5010C,Lucky Banana Boys,Glendal Primary School,Australia
1617,80,7,73,74275C,Shiloh Shark Code Bots,SHILOH POINT ELEMENTARY,Georgia
1618,80,0,80,99889D,Code Bolts,Cuddle STEM Center,Chinese Taipei
1619,80,0,80,87646B,未来之星,未来科学家,Middle China
1620,80,0,80,56586B,高肖张队,武汉乐小博科技有限公司,Middle China
1621,80,0,80,83866K,TNIS Empower,TRUE NORTH INTERNATIONAL SCHOOL,Vietnam
1622,80,0,80,83643A,St. John Eagles,ST. JOHN ELEMENTARY SCHOOL,Louisiana
1623,80,0,80,24800G,× EXCEED × GG ×,Exceed Robotics,Ontario
1624,79,36,43,71888A,智合逐光,北京市海淀区七一小学,North China
1625,79,20,59,42968V,Tech Spartans,Bixby North,Oklahoma
1626,79,28,51,21217A,FLTPA Soaring Eagles,FURMAN TEMPLETON PREPARATORY ACADEMY,Maryland
1627,79,25,54,13397N,Hyper Dragons,Pitts School Road Elementary School,North Carolina
1628,79,17,62,54705A,Apples and Banaynays,GENE WITT ELEMENTARY SCHOOL,Florida - North/Central
1629,79,19,60,35220A,RoboScorpions,Winters' Well Elementary School,Arizona
1630,79,22,57,806D,FPE,FALCON PASS ELEMENTARY SCHOOL,Texas - Region 3
1631,79,9,70,70484K,VEXCelerators,Independent Team,Virginia
1632,79,4,75,49979H,NewPal Indy Bolts,NEW PALESTINE INTERMEDIATE SCHOOL,Indiana - Region 2 - Central
1633,79,18,61,93558P,Banana Boiz,REEDS SPRING INTERMEDIATE,Missouri
1634,79,17,62,90048C,Zhe Peoples with No Name,SYRACUSE SCHOOL,Utah
1635,79,17,62,83203Y,Cyber Eagles,OSCEOLA SCIENCE CHARTER SCHOOL,Florida - North/Central
1636,79,17,62,97708A,Crestline Robotics,Crestline Elementary School,Alabama
1637,79,16,63,8069A,Scoil Íosagáin,Scoil Íosagáin,Ireland
1638,79,14,65,31061B,31061B,Concordia International School Shanghai,East China
1639,79,11,68,4183C,IQ Cougars,Woodland Hills School District,Pennsylvania - West
1640,79,7,72,64330F,Peanut Butter & Bananas,HOLY SPIRIT SCHOOL,Kentucky
1641,79,7,72,21544C,Selma Brave Bots C,SELMA ELEMENTARY SCHOOL,Indiana - Region 1 - North
1642,79,4,75,9340C,Firebolts,Harvey k-8,Florida - North/Central
1643,79,4,75,73677C,Beef Bots,St Susanna School,Indiana - Region 2 - Central
1644,79,2,77,28383C,FPTDaNang 03,TRƯỜNG TIỂU HỌC VÀ TRUNG HỌC CƠ SỞ FPT ĐÀ NẴNG,Vietnam
1645,79,0,79,2223T,CSNS Aerobots,College Street Normal School,New Zealand
1646,78,35,43,2014H,Hyper Hawks,Sandpiper School,California - North
1647,78,35,43,90042A,Team STEAM,San Pascual Elementary Sci Tech Engr Arts And Math Magnet,California - South
1648,78,33,45,985P,Project Phobos,Mary Our Queen School,Nebraska
1649,78,27,51,68132J,Team Ducky,ST MARGARET MARY SCHOOL,Nebraska
1650,78,27,51,56721G,Thing-a-bobs,RIVERSIDE CHRISTIAN SCHOOL,Minnesota
1651,78,27,51,96833C,Nacho Bots,OLIVE J DODGE ELEMENTARY SCHOOL,Alabama
1652,78,20,58,11875C,Steel Magnolias,Blackford Intermediate School,Indiana - Region 1 - North
1653,78,20,58,84091W,Team Error,Bixby Central,Oklahoma
1654,78,20,58,442C,The Donut Otters,Lake Manatee K-8,Florida - North/Central
1655,78,20,58,40563A,Catskill Cougars A,CATSKILL AVENUE ELEMENTARY,California - South
1656,78,13,65,89998A,The Band Nerds,Pine Tree Middle School,Texas - Region 2
1657,78,10,68,1097D,The 3 Golden Lions,LUTHER BRANSON SCHOOL,Mississippi
1658,78,9,69,22311N,Alahmadi team,The Scientific Center of Kuwait (TSCK),Kuwait
1659,78,2,76,139A,139A,中国农业科学院附属小学,North China
1660,78,0,78,2223K,CSNS No Names,College Street Normal School,New Zealand
1661,78,0,78,46366J,NJSP Robotics,North Judson San Pierre Schools,Indiana - Region 1 - North
1662,77,41,36,61187E,AR: Vex Builders,OAKWOOD INTERMEDIATE,Michigan
1663,77,25,52,27437A,Robot Lions,Private team,Virginia
1664,77,21,56,96830A,ROBOSHARKS,Sierra Park Elementary School,California - South
1665,77,20,57,90048A,Glitch Girls,Syracuse School,Utah
1666,77,19,58,25595B,St Vincent's 2,St Vincent's Primary School,Australia
1667,77,19,58,3705D,Cyber Cats,Crestline Elementary School,Alabama
1668,77,19,58,16346R,Colorguard,Cranberry Area Jshs,Pennsylvania - West
1669,77,18,59,85968A,SWA RoboKnights ES,Sinarmas World Academy,Indonesia
1670,77,18,59,61187C,AR: Radioactive Shrimp,OAKWOOD INTERMEDIATE,Michigan
1671,77,17,60,76268E,Buddy Bots_MCR E,Mind Crafters Robotics,California - South
1672,77,17,60,97793C,Gear Girls,HICKS CANYON ELEMENTARY,California - South
1673,77,7,70,44844D,The Tricerabots,Neenah Middle School,Wisconsin
1674,77,0,77,68663A,MSE Robotics,MIAMI SPRINGS ELEMENTARY SCHOOL,Florida - South
1675,77,2,75,17925E,Loud Chickens,Boswin Robotics,Ontario
1676,76,62,14,51666A,51666A,江苏有向量科技有限公司,East China
1677,76,38,38,16781A,Rits Tiger Volts,Ritsumeikan Primary School,Japan
1678,76,18,58,6943A,6/7 Lions,LONGFELLOW ELEMENTARY SCHOOL,Iowa
1679,76,27,49,56721M,Waffle Fries,RIVERSIDE CHRISTIAN SCHOOL,Minnesota
1680,76,24,52,7706C,Crash-Bots,Trailside Elementary,Indiana - Region 2 - Central
1681,76,24,52,85890A,GCES Robotics team,GRASSY CREEK ELEMENTARY SCHOOL,Indiana - Region 2 - Central
1682,76,4,72,43920F,Potterbots: The Gremlins,WESTGATE MIDDLE SCHOOL,Ohio
1683,76,19,57,4051C,Midway’s Techno Blazers,MIDWAY ELEMENTARY SCHOOL,Georgia
1684,76,18,58,7427B,Cyber-Tigers,NORTH PARK SCHOOL,Utah
1685,76,0,76,837D,Dark Knights,Blaze Robotics Academy - Issaquah,Washington
1686,76,18,58,52111D,IC Comp Breakers,Investigator College,Australia
1687,76,18,58,25489D,SIS Team 2,Singapore International School (Hong Kong),Hong Kong
1688,76,18,58,77732K,MSLR Club,MSLR Robotics,Indiana - Region 1 - North
1689,76,18,58,16828A,BWCSS TEAM A,HHCKLA,Hong Kong
1690,76,18,58,43277G,Gear Bots,Gear Bots,Arizona
1691,76,8,68,1097B,V.I.P.,LUTHER BRANSON SCHOOL,Mississippi
1692,76,13,63,90250B,Cookie Monster,UNSWORTH (EDITH) ELEMENTARY,California - South
1693,76,13,63,1097A,The Butterfly Bots,LUTHER BRANSON SCHOOL,Mississippi
1694,76,8,68,432A,Raiders 2.0,Valley Grove Elementary School,Pennsylvania - West
1695,76,7,69,4112B,Imaginary Pickles,JOHN MCINTIRE ELEMENTARY SCHOOL,Ohio
1696,76,6,70,17100B,ICSN Dinner Bot,International Christian School Nonthaburi,Thailand
1697,76,0,76,60360B,Barracuda Bots,Heritage Elementary School,California - South
1698,76,2,74,54732A,TigerBots Orange,KELLOGG ELEMENTARY SCHOOL,West Virginia
1699,76,0,76,3028A,Lil' Owlbots,TALENTED & GIFTED IN PLEASANT GROVE,Texas - Region 2
1700,76,0,76,34196B,ABGPS2,Aldrich Bay Government Primary School,Hong Kong
1701,76,0,76,838H,Honey Badgers,Blaze Robotics Academy,Washington
1702,76,0,76,60742E,Pomelo Panthers,POMELO COMMUNITY CHARTER,California - South
1703,76,0,76,46234B,Harney Robotics,HARNEY ELEMENTARY SCHOOL,Indiana - Region 2 - Central
1704,76,0,76,58071C,The Tech Titans,Maple Valley Elementary School,North Dakota
1705,76,0,76,77730D,Robo Rockets,HORIZON SCIENCE ACADEMY ELEMENTARY SCHOOL,Ohio
1706,75,73,2,22988A,Mechanical Pioneer Team,Aoke Robotics Programming Competition Center,North China
1707,75,17,58,72771A,DES XSTREAM,DELISLE ELEMENTARY SCHOOL,Mississippi
1708,75,24,51,52E,Royal Robotics,HANALANI SCHOOLS,Hawaii
1709,75,20,55,7458A,Purple People Eaters,Fisher Elementary School,Minnesota
1710,75,20,55,67846J,Pivot Robotics,Great Plains MakerSpace - Pivot Robotics,Kansas
1711,75,9,66,16645A,The Hallows,UNIVERSITY ELEMENTARY SCHOOL,Indiana - Region 3 - South
1712,75,18,57,99663C,Goofy Banana Cats,Steam Labs Technology and Robotics Studio,Thailand
1713,75,17,58,17529E,Tacosaurs,WILLIAM TELL ELEMENTARY SCHOOL,Indiana - Region 3 - South
1714,75,17,58,8800B,Ctrl Alt Defeat,Hudsonville Robotics - Riley,Michigan
1715,75,17,58,9955X,Cybot-9955X,Cybot,British Columbia (BC)
1716,75,17,58,31186F,THE FANTASTIC FOUR,PIONEER SCHOOL,Utah
1717,75,17,58,10511E,Xibots,CYPRESS RIDGE ELEMENTARY SCHOOL,Florida - North/Central
1718,75,17,58,1975B,TechnoDawgz,WESTWOOD ELEMENTARY SCHOOL,Arkansas
1719,75,7,68,37573A,Ashen Phoenixes,Darkstar Robotics Club,Maryland
1720,75,7,68,22280G,Royal Bots (formerly Pink Panther),Livingston Robotics Club,New Jersey
1721,75,2,73,61187D,AR: The Bot Hunters,OAKWOOD INTERMEDIATE,Michigan
1722,75,7,68,651B,The Brainy Banditas,BRADEN RIVER ELEMENTARY SCHOOL,Florida - North/Central
1723,75,7,68,2219A,Lion Bots,Ascot Avenue Elementary School,California - South
1724,75,6,69,28N,BLUEY,Robot Revolution,New Jersey
1725,75,0,75,76160A,Black Sparks,Black Sparks,New Zealand
1726,75,0,75,16688D,Dracobots ES/Destroyers,Dracobots,Oregon
1727,75,0,75,96902B,ABE StarBots Team B,AMY BEVERLAND ELEMENTARY,Indiana - Region 2 - Central
1728,75,0,75,77730B,Robo Rapters,HORIZON SCIENCE ACADEMY ELEMENTARY SCHOOL,Ohio
1729,75,0,75,25674E,CyberBlitz,Fred J Hums Elementary School,Indiana - Region 1 - North
1730,74,42,32,11042C,Ranger Robotics,Darnaby Elementary School,Oklahoma
1731,74,37,37,1990B,1990B,Jenison Robotics,Michigan
1732,74,31,43,20762A,The InvestiGators,Guion Creek Elementary School,Indiana - Region 2 - Central
1733,74,28,46,12186A,Shockz,Johnson Elementary School,Indiana - Region 3 - South
1734,74,28,46,94599A,94599A All Starz,All Starz Robotics,North Carolina
1735,74,28,46,54500B,Metal Crusaders,Holy Cross Lutheran Academy,Florida - North/Central
1736,74,18,56,85811Z,VEXTex,Edge Hill State School,Australia
1737,74,18,56,77732F,MSLR Club,MSLR Robotics,Indiana - Region 1 - North
1738,74,17,57,61187A,AR: Pikmin,Oakwood Intermediate,Michigan
1739,74,17,57,5143Z,ELE MVTs,EAST LYNN ELEMENTARY SCHOOL,West Virginia
1740,74,17,57,21544A,Selma Brave Bots A,SELMA ELEMENTARY SCHOOL,Indiana - Region 1 - North
1741,74,16,58,930C,RoboHuskys,HEDENKAMP (ANNE AND WILLIAM) ELEMENTARY,California - South
1742,74,16,58,11056A,Slaughter Bots,SLAUGHTER ELEMENTARY,Kentucky
1743,74,7,67,55447C,Innovative Twisters 6,CITGO Innovation Academy at E. K. Key Elementary,Louisiana
1744,74,0,74,12414A,Cheeto Bots,KANOELANI ELEMENTARY SCHOOL,Hawaii
1745,74,0,74,32323F,First Step Robotics,First Step Robotics CIC,United Kingdom
1746,74,6,68,21321A,Glenwood Rizz,Glenwood School,West Virginia
1747,74,6,68,442E,The Torpedoes,Lake Manatee K-8,Florida - North/Central
1748,74,2,72,67846F,Pivot Robotics,Great Plains MakerSpace - Pivot Robotics,Kansas
1749,74,2,72,8009S,BricksWorkshop,汉中市卓越科技教育培训学校,West China
1750,74,2,72,98854G,Glitch Guardians,Bright Field Middle School,Arkansas
1751,74,0,74,58923A,RNS Robotics ,Rosenallis NS,Ireland
1752,74,0,74,7508A,The Smalls,WESTMORELAND MIDDLE SCHOOL,Tennessee
1753,74,0,74,16863P,ASP P2W,American STEM Prep,South Korea
1754,74,0,74,1112J,SCI Sharks - Black,Sand Creek Intermediate School,Indiana - Region 2 - Central
1755,73,28,45,5129B,ENCINO PARK ES,ENCINO PARK ELEMENTARY SCHOOL,Texas - Region 4
1756,73,28,45,31796B,Bright School,THE BRIGHT SCHOOL,Tennessee
1757,73,28,45,27777C,CyberHawks,FRANK H HAMMOND ELEMENTARY SCHOOL,Indiana - Region 1 - North
1758,73,17,56,2626U,The Robotic Cheese Curds,ST FRANCIS XAVIER Middle SCHOOL,Wisconsin
1759,73,20,53,2060E,Vexi Besties,Oakestown Intermediate School,Michigan
1760,73,18,55,3705A,Techi Tacos,Crestline Elementary School,Alabama
1761,73,17,56,2131C,Misplaced Motors,Kaysville Robotics Association,Utah
1762,73,17,56,8800D,I Don't Know,Hudsonville Robotics - Jamestown,Michigan
1763,73,17,56,28507D,Dino Nuggets,Mt. Vernon Intermediate School,Indiana - Region 2 - Central
1764,73,17,56,1419B,PCHES 1419B,PEARL CITY HIGHLANDS SCHOOL,Hawaii
1765,73,7,66,50298A,A Great Twizzler Team,Mapleton Elementary School,Ohio
1766,73,10,63,28898A,Reeves Rogers Lightning,REEVES-ROGERS ELEMENTARY,Tennessee
1767,73,8,65,59713F,The Flying Dutchman,MERCER ELEMENTARY,West Virginia
1768,73,0,73,126F,GSI Robotics,FNATIC Robotics,Mexico
1769,73,2,71,68795A,CR_Chula_ES02,ClickRobot Engineer Learning Center,Thailand
1770,73,0,73,97793B,RoBros,HICKS CANYON ELEMENTARY,California - South
1771,73,0,73,82674C,The Chill Pizzas,ARROYO ELEMENTARY,California - South
1772,73,0,73,6612B,Shaoxing Cool Play-2,"Shaoxing Cool Play Education Information Consulting Co., Ltd",East China
1773,73,0,73,4520B,北京金融街国际教育科技有限公司,北京市正泽学校,North China
1774,73,0,73,30636B,TMA Team B,TUSTIN MEMORIAL ELEMENTARY,California - South
1775,73,0,73,2559A,SWCSS Team1,Sai Wui Commercial Society School,Hong Kong
1776,73,0,73,60742C,Pomelo Panthers,POMELO COMMUNITY CHARTER,California - South
1777,73,0,73,63041C,CWWPS (C),GCCITKD Cheong Wong Wai Primary School,Hong Kong
1778,73,0,73,36333A,Palms,Palms School Bahrain,Bahrain
1779,73,0,73,4318C,Edison 2,Creativity Private School - Bahrain,Bahrain
1780,73,0,73,77732R,MSLR Club,MSLR Robotics,Indiana - Region 1 - North
1781,73,0,73,28507A,CHIPs,Mt. Vernon Intermediate School,Indiana - Region 2 - Central
1782,72,36,36,279E,Trailblazers,Trailblazer Robotics Juniors,Georgia
1783,72,35,37,6210T,HCS: The Dream Team,HERITAGE CHRISTIAN SCHOOL,Indiana - Region 2 - Central
1784,72,27,45,70510B,Gadget Goblins,MEAD ELEMENTARY SCHOOL,Colorado
1785,72,21,51,96833B,Raptor Bots,OLIVE J DODGE ELEMENTARY SCHOOL,Alabama
1786,72,21,51,9290A,Sparks ES-Cactus Coders,Sparks Elementary School,Maryland
1787,72,21,51,51717R,AIM,ROOSEVELT ELEMENTARY SCHOOL,Iowa
1788,72,19,53,20002B,May the Bots be with you,Mankato Community Education Department,Minnesota
1789,72,19,53,7686J,Mean Machine,Harrisburg Public School District,South Dakota
1790,72,18,54,9989D,TRF Prowler Bots,CHALLENGER ELEMENTARY,Minnesota
1791,72,17,55,83187G,Robo Cranes ,Rio Grande City Grulla ISD,Texas - Region 6
1792,72,14,58,42784B,Chaos Coordinators,TRINITY LUTHERAN SCHOOL,Wisconsin
1793,72,14,58,27752G,Ravendors,FOSTER DUAL LANGUAGE PK-8,Colorado
1794,72,11,61,27335A,Team Explosive,Team Explosive,Hawaii
1795,72,10,62,71221C,STEM Squad 3,STEM For Kids,United Kingdom
1796,72,9,63,10692H,D'Tigers,GEORGE W. WHITLOW ELEMENTARY,Georgia
1797,72,9,63,75007C,Vex Hackers- Rainwater Robotics,RAINWATER ELEMENTARY SCHOOL,Texas - Region 5
1798,72,7,65,16828B,BWCSS TEAM B,Buddhist Wong Cho Sum School,Hong Kong
1799,72,7,65,12186B,Pink Lightning,Johnson Elementary School,Indiana - Region 3 - South
1800,72,4,68,74899A,Scorching Scorpions,Creekside School,Utah
1801,72,4,68,78273C,TechTitans Blue Jolly Ranchers,PS/MS 124Q OSMOND A CHURCH,New York-South
1802,72,2,70,31650A,Furr Falcons A,CARL A FURR ELEMENTARY,North Carolina
1803,72,2,70,46234A,Harney Robotics,HARNEY ELEMENTARY SCHOOL,Indiana - Region 2 - Central
1804,72,0,72,87174C,ATOMIC FIREBALLS,LANCASTER CENTRAL SCHOOL,Indiana - Region 1 - North
1805,72,0,72,48251A,Sapphire A,SapphireLab,South Korea
1806,72,0,72,1932B,Ursanauts: John Jacob Jingleheimer Schmidt,JOSEPH S BRUNO MONTESSORI ACADEMY,Alabama
1807,72,0,72,94411A,Bobcat Robot Commanders A,Owens Elementary,California - South
1808,72,0,72,78682J,DynamicDolphinBots 78682 J,DAVES CREEK ELEMENTARY SCHOOL,Georgia
1809,72,0,72,1112F,SCI Sharks - Red,Sand Creek Intermediate School,Indiana - Region 2 - Central
1810,71,36,35,77732N,MSLR Club,MSLR Robotics,Indiana - Region 1 - North
1811,71,34,37,96000P,Robo Masters,The Mind Spark,Pennsylvania - East
1812,71,29,42,19589A,WarriorBots,WOODLAN ELEMENTARY SCHOOL,Indiana - Region 1 - North
1813,71,27,44,1451A,DiscoverBots,DEL VALLE ELEMENTARY SCHOOL,Texas - Region 1
1814,71,25,46,53065E,The Wall-E's,MT. STUART ELEMENTARY,Washington
1815,71,25,46,80274A,NovaBots,NovaBots,Washington
1816,71,18,53,46384C,Da Bundlz of Wood,Ida Nason Aronica Elementary,Washington
1817,71,18,53,85365G,Gila Monsters,Yuma Homeschool Robotics,Arizona
1818,71,18,53,90247C,RoboGals,PRICE (MAUDE) ELEMENTARY,California - South
1819,71,7,64,55447B,Innovative Twisters 4,CITGO Innovation Academy at E. K. Key Elementary,Louisiana
1820,71,7,64,64753A,The Hyper Vipers,Green Valley Robotics ,West Virginia
1821,71,11,60,955B,Wusta Sha Sauce,PINE CREST SCHOOL,Florida - South
1822,71,11,60,78573C,Robo Rollers,STAGECOACH ELEMENTARY SCHOOL,Arkansas
1823,71,4,67,12624A,Kilruane Koders,Kilruane N.S.,Ireland
1824,71,8,63,4270X,Elementary Crusaders X,ST LOUIS SCHOOL,Hawaii
1825,71,8,63,5117B,Windcrest Cyberhackers,WINDCREST ELEMENTARY SCHOOL,Texas - Region 4
1826,71,7,64,30077R,Reaction Time,BILOXI UPPER ELEMENTARY,Mississippi
1827,71,7,64,90248A,RSG Warriors,RIO SAN GABRIEL ELEMENTARY,California - South
1828,71,7,64,17659E,EdenX,EdenX,South Korea
1829,71,6,65,59713B,The Vexanators,MERCER ELEMENTARY,West Virginia
1830,71,0,71,2191A,Spanish Lake Explorers,SPANISH LAKE ELEMENTARY SCHOOL,Florida - South
1831,71,0,71,2996Y,Untitled Robot,Bestcoder,New Zealand
1832,71,0,71,14572D,Pulse,K Robotics,South Korea
1833,71,0,71,78739B,KC-Challengers,Kodecoon Academy,Singapore
1834,71,0,71,19788A,SP82,Szkoła Podstawowa z Oddziałami Integracyjnymi nr 82 im. Jana Pawła II,Poland
1835,71,0,71,2626W,The Legends,ST FRANCIS XAVIER Middle SCHOOL,Wisconsin
1836,70,19,51,37500C,Tech Titans,Winecoff Elementary School,North Carolina
1837,70,19,51,25786A,Lighting McQueen,PARKER ELEMENTARY SCHOOL,Florida - North/Central
1838,70,19,51,40701A,SP_407_Warsaw,Szkoła Podstawowa nr 407,Poland
1839,70,19,51,49466C,Lightning McQueen Bots,CHEROKEE ELEMENTARY SCHOOL,Oklahoma
1840,70,19,51,233C,Wolf Den,WINNECONNE ELEMENTARY,Wisconsin
1841,70,7,63,77018A,Päälliköt,"City of Riihimäki, Uramon koulu",Finland
1842,70,7,63,13729A,Buffalo Bots,BUFFALO ELEMENTARY SCHOOL,West Virginia
1843,70,7,63,26041A,AutoKnights,Central Elementary School,West Virginia
1844,70,17,53,17432M,Microbots,LEO - CEDARVILLE ELEMENTARY SCHOOL,Indiana - Region 1 - North
1845,70,17,53,86349A,Glenswilly National School,Glenswilly National School,Ireland
1846,70,17,53,4945E,Eaglebots: Pinchers of Pickles,GRAND RAPIDS CHRISTIAN,Michigan
1847,70,17,53,5017C,Bubble Guppies,GREENWICH ACADEMY,Connecticut
1848,70,11,59,41401B,Starfire Cyclones B,CORAL ACADEMY OF SCIENCE LAS VEGAS CENTENNIAL HILLS,Nevada
1849,70,2,68,55447A,Innovative Twisters 5,CITGO Innovation Academy at E. K. Key Elementary,Louisiana
1850,70,11,59,62130F,Battle Droids,Bixby West Intermediate,Oklahoma
1851,70,4,66,1059D,CyberKnights D,KIMBERLIN ACAD FOR EXCEL,Texas - Region 5
1852,70,8,62,60027C,Resovia LunarBots,Zespół Szkolno-Przedszkolny nr 6 w Rzeszowie,Poland
1853,70,7,63,44010W,Duck Warriors,WEDDINGTON HILLS ELEMENTARY,North Carolina
1854,70,4,66,4183A,BOTIX,Woodland Hills School District,Pennsylvania - West
1855,70,2,68,17890C,The Eagles,Bishop Noland Episcopal Day School,Louisiana
1856,70,7,63,7703S,Stonegate S,STONEGATE ELEMENTARY,Indiana - Region 2 - Central
1857,70,7,63,45806B,PantherBots,Euclid Avenue Elementary School,California - South
1858,70,7,63,83723B,Montague's Blueberry Bots,MONTAGUE CHARTER ACADEMY,California - South
1859,70,7,63,8400G,Eat More Chicken,BUFFALO POINT SCHOOL,Utah
1860,70,2,68,96833D,Deer Bots,OLIVE J DODGE ELEMENTARY SCHOOL,Alabama
1861,70,4,66,67846K,Pivot Robotics,Great Plains MakerSpace - Pivot Robotics,Kansas
1862,70,6,64,89998Y,Paw Patrol,PINE TREE MIDDLE,Texas - Region 2
1863,70,4,66,89998C,Alvin and the Chipmunks,PINE TREE MIDDLE,Texas - Region 2
1864,70,2,68,6039H,Quack Attack,BrandywineBOTS Robotics,Delmarva
1865,70,2,68,62918C,Byte Wolves,Utahloy International School Guangzhou,South China
1866,70,2,68,84037E,The Last Chair Benders,H C BURTON SCHOOL,Utah
1867,70,2,68,39920C,BroBot,Chasewood Learning,Illinois
1868,70,0,70,46665A,College Wood Team A,COLLEGE WOOD ELEMENTARY SCHOOL,Indiana - Region 2 - Central
1869,70,0,70,1963B,Griffyndor Warriors,The Donoho School,Alabama
1870,70,0,70,4426B,The Coding Pugs,Future Innovators of Vienna,Virginia
1871,69,36,33,11813D,The Blitz Bots,Oak Hill Elementary School,Georgia
1872,69,34,35,56899S,APEX,iBot Academy Rayong,Thailand
1873,69,18,51,37712X,Zero Point,Bixby East,Oklahoma
1874,69,26,43,6656J,TECH TITANS,Xavier School,Philippines
1875,69,0,69,1469A,KSN,Khalsa School Newton,British Columbia (BC)
1876,69,9,60,93558F,The 4 Musketeers,REEDS SPRING INTERMEDIATE,Missouri
1877,69,18,51,34362B,Twisted Wires,ST JOSEPH SCHOOL,Wisconsin
1878,69,17,52,64330E,Pancakes,HOLY SPIRIT SCHOOL,Kentucky
1879,69,17,52,26041B,Iron-Knights,Central Elementary School,West Virginia
1880,69,17,52,20541B,Ballistic Bede,Bede Community Primary School ,United Kingdom
1881,69,12,57,87620A,MattBots,MATT ELEMENTARY SCHOOL,Georgia
1882,69,11,58,74177K,AUTOBOTS,Pinecrest Academy Sloan Canyon,Nevada
1883,69,9,60,2783J,Ice Dragons,CARTER LAKE ELEMENTARY SCHOOL,Iowa
1884,69,9,60,86049A,Gaelscoil na Dúglaise 5B,Gaelscoil na Dúglaise,Ireland
1885,69,9,60,52710B,Lightning Eagles,BELLS ELEMENTARY,South Carolina
1886,69,7,62,54793B,Couga'Trons,Center Valley Elementary School,Arkansas
1887,69,0,69,21321B,Glenwood Wildcats,Glenwood School,West Virginia
1888,69,7,62,10692F,Lightening Bots,GEORGE W. WHITLOW ELEMENTARY,Georgia
1889,69,7,62,20952A,Bulldog Bots,BELLE ELEMENTARY SCHOOL,West Virginia
1890,69,6,63,82213A,Robot Nexus,Robot Nexus,California - North
1891,69,0,69,856T,"AXIOMATICS ""TOTS""",AXIOMICS,Georgia
1892,69,0,69,95290A,The Gear Grinders,Private/Independent Team,Washington
1893,69,0,69,12220D,Botzillas,ST MARY CATHOLIC SCHOOL,Indiana - Region 1 - North
1894,68,36,32,78454W,Blue Watermelons ,STEAMwhiz - The STEM Learning Lab,New York-North
1895,68,27,41,5915A,追风少年,Private Team,North China
1896,68,25,43,31314A,Pneumatic Cows,Whitehall Elementary & Middle School,Wisconsin
1897,68,20,48,11811A,Holy Well NS,Holy Well NS,Ireland
1898,68,19,49,72801A,Stormbots Alpha,Russellville Intermediate School,Arkansas
1899,68,2,66,10142X,Green Tigers Team X,MANOA ELEMENTARY SCHOOL,Hawaii
1900,68,17,51,61593B,ZomBots ,EAST POINTE ELEMENTARY SCHOOL,Arkansas
1901,68,17,51,1766Z,RoBRO Crushers,North Fond Du Lac School District,Wisconsin
1902,68,17,51,53976B,Tara Oaks Tigerbots,TARA OAKS ELEMENTARY SCHOOL,Tennessee
1903,68,17,51,49466A,Berry Bots,CHEROKEE ELEMENTARY SCHOOL,Oklahoma
1904,68,12,56,67846N,Pivot Robotics,Great Plains MakerSpace - Pivot Robotics,Kansas
1905,68,2,66,42000B,Mutant Marshmallows,Wren Robotics,Utah
1906,68,6,62,6581A,Barkell's Pinheads,BARKELL ELEMENTARY SCHOOL,Michigan
1907,68,7,61,206D,Da Moose,GRAND VIEW ELEMENTARY SCHOOL,Michigan
1908,68,7,61,28918A,Solon Solvers,SOLON ROBINSON ELEMENTARY SCHOOL,Indiana - Region 1 - North
1909,68,7,61,95432C,Megatech,AIRPORT ROAD INTERMEDIATE SCHOOL,Alabama
1910,68,0,68,3214C,Southland GoalBots,SOUTHLAND ELEMENTARY,Minnesota
1911,68,0,68,4227A,Vexperts,QUEEN OF PEACE SCHOOL,Oregon
1912,68,4,64,9200D,The Taco Slayers,ALICIA R CHACON INTERNATIONAL,Texas - Region 1
1913,68,0,68,28595R,The Fantastic Four,Good Shepherd Lutheran,South Dakota
1914,68,0,68,75117A,Edgewood Intermediate Challengers,EDGEWOOD INTERMEDIATE,Texas - Region 2
1915,68,0,68,25355D,BCE Wildcats D,BIG CREEK ELEMENTARY SCHOOL,Georgia
1916,68,0,68,2060H,Phat Stacks,Oakestown Intermediate School,Michigan
1917,68,0,68,2215A,Falcon Robotics,OLD MISSION SCHOOL,California - South
1918,68,0,68,837B,Blaze's Junior Ototo Workers,Blaze Robotics Academy - Issaquah,Washington
1919,68,0,68,70591D,Michael Park D,Michael Park School,New Zealand
1920,68,0,68,14572G,UnityBots,K robotics,South Korea
1921,68,0,68,243K,MechaMinds,FRONTIER SCHL OF INNOVATION-ELEMENTARY,Missouri
1922,68,0,68,810C,Goforth G.E.A.R.S.,ART AND PAT GOFORTH ELEMENTARY SCHOOL,Texas - Region 3
1923,68,0,68,295D,Robo Reapers,Placer Robotics (PART),California - North
1924,68,0,68,39902A,Atenea coders,"Centro Educativo Bilingüe ""Atenea""",Ecuador
1925,68,0,68,90325A,Testingtesting,Waterford school,Ireland
1926,68,0,68,98341A,Mech Magicians,Magikids_Cedar_park,Texas - Region 4
1927,68,0,68,12800B,Presa Wildcats,PRESA ELEMENTARY SCHOOL,Texas - Region 1
1928,68,0,68,1162A,LLSY A,The Endeavourers Leung Lee Sau Yu Memorial Primary School,Hong Kong
1929,68,0,68,4112A,Code Crushers,JOHN MCINTIRE ELEMENTARY SCHOOL,Ohio
1930,68,0,68,70543V,Bulls,MARGARETTA ELEMENTARY SCHOOL,Ohio
1931,68,0,68,21544B,Selma Brave Bots B,SELMA ELEMENTARY SCHOOL,Indiana - Region 1 - North
1932,67,30,37,33196A,St Mary's N.S.,St Mary's N.S.,Ireland
1933,67,30,37,13397P,Mix and Match Panthers,PITTS SCHOOL ROAD ELEMENTARY,North Carolina
1934,67,22,45,11086E,Cybercat Overdrive,SUMMIT SCHOOL OF AHWATUKEE,Arizona
1935,67,20,47,11813A,Stitch Squad 626,Oak Hill Elementary School,Georgia
1936,67,20,47,27540S,Sparkle Sprockets,Gen Inspired,North Carolina
1937,67,18,49,3439K,Combat Kings,REACT Robotics,Kentucky
1938,67,16,51,828B,The Chill Guys,LLOYD R FERGUSON ELEMENTARY SCHOOL,Texas - Region 3
1939,67,7,60,6632B,Pin Lifters,Prairie Ridge Elementary School,Colorado
1940,67,9,58,2060D,Big Stack Attack,Oakestown Intermediate School,Michigan
1941,67,9,58,11515C,The Warriors,WHITERIVER ELEMENTARY,Arizona
1942,67,7,60,54495H,Zen Vexers,Holland House School,United Kingdom
1943,67,7,60,91132B,Byte-Sized Builders,Blake Beem,Arizona
1944,67,2,65,50091D,DIXIE - Snowbotics,The Dixie Grammar School,United Kingdom
1945,67,2,65,1227D,Bolton Buildogs,BOLTON CENTER SCHOOL,Connecticut
1946,67,2,65,3028G,Lil' Ladybots,TALENTED & GIFTED IN PLEASANT GROVE,Texas - Region 2
1947,67,0,67,94511C,Pittsboro Pickle Bots,PITTSBORO ELEMENTARY SCHOOL,Indiana - Region 2 - Central
1948,66,28,38,85036C,Celestial Foxes,FALL RIVER ELEMENTARY SCHOOL,Colorado
1949,66,27,39,5010B,Quantam Queens,Glendal Primary School,Australia
1950,66,22,44,96627C,Sharp Creek White Norsebot,SHARP CREEK ELEMENTARY SCHOOL,Indiana - Region 1 - North
1951,66,19,47,1120X,Ten Ton Robotics,West Vancouver Schools,British Columbia (BC)
1952,66,19,47,651A,The Furious Forklift,BRADEN RIVER ELEMENTARY SCHOOL,Florida - North/Central
1953,66,19,47,16651B,Navy Knights,Oxford City Schools,Alabama
1954,66,18,48,87620B,MattBots,MATT ELEMENTARY SCHOOL,Georgia
1955,66,18,48,2410D,The Psychos!,KEYSTONE ELEMENTARY SCHOOL SCH,Pennsylvania - West
1956,66,0,66,51451F,Lakeview Boys,SAWNEE ELEMENTARY SCHOOL,Georgia
1957,66,18,48,415B,Rust in Peace,FIRST LUTHERAN SCHOOL,Wisconsin
1958,66,8,58,4850C,Liholiho Warriors,KING LIHOLIHO ELEMENTARY SCHOOL,Hawaii
1959,66,7,59,5713R,Rock Spring Robotics,ROCK SPRING ELEMENTARY,Georgia
1960,66,14,52,30146A,All Star Bulldogs,BRYSON AVENUE ELEMENTARY,California - South
1961,66,14,52,28241N,RobotoMesianZ,Nemesio I. Yabut Integrated School,Philippines
1962,66,13,53,41137D,Digital Dragons,Collierville Elementary School,Tennessee
1963,66,8,58,10014B,Upper Perk Robotics,Upper Perk Robotics,Pennsylvania - East
1964,66,6,60,72777F,Ninja Turtles,EAST FORK LUTHERAN GRADE SCHOOL AND HIGH SCHOOL,Arizona
1965,66,6,60,31617D,Crusader Robotics,Cumberland Christian school,New Jersey
1966,66,0,66,30028E,30028E,SILVER CITY ELEMENTARY SCHOOL,Georgia
1967,66,0,66,30410M,Cheese,St. Johnsbury Academy Jeju,South Korea
1968,66,2,64,5981B,TechnoPods,WHIGHAM ELEMENTARY SCHOOL,Florida - South
1969,66,2,64,35016A,(AERO) Khaotic Koalas,ARAB ELEMENTARY SCHOOL,Alabama
1970,66,0,66,2601A,Robo-Cats A,Watson Technology Center,Texas - Region 5
1971,66,2,64,18754B,LOGAN LIONS,LOGAN ACADEMY OF GLOBAL ECOLOGY,California - South
1972,66,2,64,3708R,Shark Family,Victoria Shanghai Academy,Hong Kong
1973,66,2,64,74123K,Linkedkey,Linkedkey Academy INC.,Ontario
1974,66,0,66,11727C,IKE Eaglebots:  Cyber Squad,DWIGHT D EISENHOWER ELEMENTARY SCHOOL SCHOOL,Indiana - Region 1 - North
1975,66,0,66,391A,Zhongguancun No.3 Primary School Team A,Zhongguancun No.3 Primary School,North China
1976,66,0,66,2223J,CSNS Bits N Bobs,College Street Normal School,New Zealand
1977,66,0,66,2223P,CSNS The Absolute Units,College Street Normal School,New Zealand
1978,66,0,66,11510G,Surferbots Team G,LIHIKAI ELEMENTARY SCHOOL,Hawaii
1979,66,0,66,7667Z,Kritical ERRR,LLOYD ESTATES ELEMENTARY SCHOOL,Florida - South
1980,66,0,66,97686C,YLLPE Wai Chow School,Yuen Long Long Ping Estate Wai Chow School,Hong Kong
1981,66,0,66,13210A,TMGPS,Tuen Mun Government Primary School,Hong Kong
1982,66,0,66,96433F,Big Brainers,ALL SAINTS ACADEMY-ST CLOUD CAMPUS,Minnesota
1983,66,0,66,25674A,The Unknowns?,Fred J Hums Elementary School,Indiana - Region 1 - North
1984,66,0,66,14100D,The Extinguishers,MORGAN SCHOOL,Utah
1985,65,29,36,28M,MAYBE BABY,Robot Revolution,New Jersey
1986,65,28,37,4613M,4613M,Barker College,Australia
1987,65,28,37,55508A,The Buff Chickens,CT STEM Academy,Connecticut
1988,65,11,54,16807A,RoboRoar,John B Monlux Elementary,California - South
1989,65,9,56,62130C,MINIONS 3.0,Bixby West Intermediate,Oklahoma
1990,65,4,61,49979D,NewPal Flying Frenchies,NEW PALESTINE INTERMEDIATE SCHOOL,Indiana - Region 2 - Central
1991,65,20,45,206B,The Godzilla Gorillas,Grandville Grand View Elementary School,Michigan
1992,65,20,45,17100N,ICSN CGTN,International Christian School Nonthaburi,Thailand
1993,65,17,48,556B,LOWEBOTS,LOWE ELEMENTARY,Kentucky
1994,65,18,47,38603A,Hahaione Elementary Hawks,HAHAIONE ELEMENTARY SCHOOL,Hawaii
1995,65,7,58,828C,Robo Cats,LLOYD R FERGUSON ELEMENTARY SCHOOL,Texas - Region 3
1996,65,0,65,34000H,liv·e : team_hunter,Liv Koleji,Türkiye
1997,65,0,65,9511Z,ARK KOOL GUYZ,THE ARK Christian Ministries,Indiana - Region 1 - North
1998,65,17,48,10457C,The Cookers from Mansfield,Mansfield Elementary School,Georgia
1999,65,17,48,18641S,Killenard Minions,Scoil Naomh Eoin,Ireland
2000,65,6,59,41401A,Starfire Cyclones A,CORAL ACADEMY OF SCIENCE LAS VEGAS CENTENNIAL HILLS,Nevada
2001,65,11,54,22072A,TechnicaLEE Bots,FRANCES AND JEANNETTE LEE ELEMENTARY SCHOOL,Texas - Region 2
2002,65,7,58,41137C,Digital Dragons,Collierville Elementary School,Tennessee
2003,65,9,56,98999H,Apex-Bots,River Ridge Academy,South Carolina
2004,65,0,65,98854C,The Coding Cobras (98854C),Bright Field Middle School,Arkansas
2005,65,7,58,8800A,ZAJED,Hudsonville Robotics - Riley,Michigan
2006,65,7,58,2633S,CODE-A-ROBOT S-Tier Robob-ics,CODE-A-ROBOT,Florida - South
2007,65,7,58,72365A,Cougar-Bots A,MAXWELL INTERMEDIATE SCHOOL,Indiana - Region 2 - Central
2008,65,7,58,41370B,The Misters,ERIE ELEMENTARY SCHOOL,Colorado
2009,65,0,65,9511D,ARK2D2,THE ARK Christian Ministries,Indiana - Region 1 - North
2010,65,7,58,33946A,EE Vex,St Eunan's NS,Ireland
2011,65,7,58,94001C,NIRT MACH 1,NIRT Robótica & Tecnología,Mexico
2012,65,7,58,2305G,Huntrix Hackers,DON ROBERTS ELEMENTARY SCHOOL,Arkansas
2013,65,0,65,57069T,Droid Doctors,Robotics of Vermillion,South Dakota
2014,65,4,61,2305D,Technovas,DON ROBERTS ELEMENTARY SCHOOL,Arkansas
2015,65,2,63,17925F,Default Team,Boswin Robotics,Ontario
2016,65,2,63,27661F,Business is Business,RUCKER BOULEVARD ELEMENTARY SCHOOL,Alabama
2017,65,0,65,31890A,Robo Huskies,Dr. Thomas L. Higdon Elementary School,Maryland
2018,65,2,63,4855U,Super Bees 4855 U,ERNEST BOWEN DESILVA ELEMENTARY SCHOOL,Hawaii
2019,65,2,63,90250A,Biggie Cheese,UNSWORTH (EDITH) ELEMENTARY,California - South
2020,65,2,63,21929A,Bonita Bears,BONITA STREET ELEMENTARY,California - South
2021,65,0,65,8399K,Lucky K,Xiamen Meows Stem Education,South China
2022,65,0,65,428N,North Loop Jaguars1,NORTH LOOP ELEMENTARY SCHOOL,Texas - Region 1
2023,65,0,65,36646A,Brooklyn STEM Artie Bots,BROOKLYN STEM ACADEMY,Indiana - Region 1 - North
2024,64,28,36,6632E,Steel Coders,Prairie Ridge Elementary School,Colorado
2025,64,26,38,9669B,PFS Brizo,PlayFACTO School,Singapore
2026,64,22,42,41401C,Starfire Cyclones C,CORAL ACADEMY OF SCIENCE LAS VEGAS CENTENNIAL HILLS,Nevada
2027,64,20,44,44632D,The Code Queens,LAKE ELEMENTARY SCHOOL,Ohio
2028,64,11,53,68046B,Techno Taco,St. Columbkille Catholic School,Nebraska
2029,64,2,62,46384E,The Rick-Roll Hackers,Ida Nason Aronica Elementary School,Washington
2030,64,18,46,52111C,IC Short Circuits,Investigator College,Australia
2031,64,18,46,77732M,MSLR Club,MSLR Robotics,Indiana - Region 1 - North
2032,64,18,46,1972B,Cardinal Claw,HOLY FAMILY ST. MARYS SCHOOL,North Dakota
2033,64,17,47,70510F,Mechanical Monkeys,MEAD ELEMENTARY SCHOOL,Colorado
2034,64,7,57,10457A,Green Bean Casserole from Mansfield,Mansfield Elementary School,Georgia
2035,64,14,50,57783F,Tech Monkeys,Falcon Academy of Science and Technology,California - South
2036,64,6,58,3214D,Southland RebelWolfBots,SOUTHLAND ELEMENTARY,Minnesota
2037,64,2,62,44844M,Lil' Cheesecurds,Neenah Middle School,Wisconsin
2038,64,6,58,74510R,Big Creek Lakers Gold,TANNER WILLIAMS ELEMENTARY SCHOOL,Alabama
2039,64,4,60,58073B,Despicable Three,WASHINGTON ELEMENTARY SCHOOL,North Dakota
2040,64,2,62,43444V,Northview Vex Vikes,NORTHVIEW ELEMENTARY SCHOOL,Indiana - Region 1 - North
2041,64,6,58,93558J,Bob the Builders,REEDS SPRING INTERMEDIATE,Missouri
2042,64,6,58,95601A,Iron Eagles,General Ricardo Sanchez Elementary,Texas - Region 6
2043,64,2,62,27613A,Cyberbotzz!,ASBURY ELEMENTARY SCHOOL,Alabama
2044,64,2,62,2626S,Poison Pythons,ST FRANCIS XAVIER MIDDLE SCHOOL,Wisconsin
2045,64,4,60,19398C,BEZ,HILLCREST ELEMENTARY SCHOOL,Alabama
2046,64,0,64,9965M,Luminex,AOE Robotics Club,Maryland
2047,64,2,62,9200C,Cookie Monsters,ALICIA R CHACON INTERNATIONAL,Texas - Region 1
2048,64,2,62,2465A,The Sharks,VALLEY VIEW SCHOOL,Utah
2049,64,0,64,54854A,广州市黄埔区青少年宫知识城A队,广州市黄埔区青少年科技教育协会,South China
2050,64,0,64,63366B,Magic Dragons,IGNITE ROBOTICS ,North Carolina
2051,64,0,64,31114C,Brown Elementary Robotics,BROWN  HANNAH MARIE ELEMENTARY SCHOOL,Nevada
2052,64,0,64,3203D,Robolabs Discover,Robolabs,California - North
2053,64,0,64,3580B,Stingbots Biryani,SEMINOLE SCIENCE CHARTER SCHOOL,Florida - North/Central
2054,64,0,64,40591E,Popcorn Penguins,WOODBROOK ELEMENTARY SCHOOL,Indiana - Region 2 - Central
2055,63,7,56,279D,Trailblazers,Trailblazer Robotics Juniors,Georgia
2056,63,18,45,18493B,Santa Rita Elementary,SANTA RITA ELEMENTARY SCHOOL,Texas - Region 5
2057,63,18,45,90247B,RoboBuddies,PRICE (MAUDE) ELEMENTARY,California - South
2058,63,18,45,6510D,Once upon a Duck,"Pymble Ladies College, Sydney, Australia",Australia
2059,63,17,46,2060G,The Bbbbbingo Boys,Oakestown Intermediate School,Michigan
2060,63,17,46,5109A,Northwood Metal Maniacs,NORTHWOOD ELEMENTARY,Texas - Region 4
2061,63,10,53,49131G,The Brain Bros,NORTH CLARION CO ELEMENTARY SCHOOL SCH,Pennsylvania - West
2062,63,7,56,99663D,The Blazing Racoons,Steam Labs Technology and Robotics Studio,Thailand
2063,63,9,54,18493D,Santa Rita Elementary,SANTA RITA ELEMENTARY SCHOOL,Texas - Region 5
2064,63,8,55,4140V,The Techies,St. Paul's Lutheran School,Wisconsin
2065,63,0,63,38677B,BurgerBots,ROBERT F HUNT ELEMENTARY SCHOOL,Texas - Region 2
2066,63,7,56,35057A,Robot Raiders (35057A),GOOD HOPE ELEMENTARY SCHOOL,Alabama
2067,63,7,56,78682K,DynamicDolphinBots 78682 K,DAVES CREEK ELEMENTARY SCHOOL,Georgia
2068,63,7,56,3075A,Mixed Up Robots,OAKLAND CHRISTIAN SCHOOL,Michigan
2069,63,7,56,77147A,Goated Robots,INTERNATIONAL STUDIES MAGNET,Arkansas
2070,63,7,56,94329E,VEXers,BOUNTIFUL SCHOOL,Utah
2071,63,7,56,99910P,Team Pikachu,FORTVILLE ELEMENTARY SCHOOL,Indiana - Region 2 - Central
2072,63,7,56,81625Z,High Stackers,Ridgeview Robotics,Colorado
2073,63,7,56,8297A,Mighty Tiny Hamburglars,Holz Elementary School,West Virginia
2074,63,4,59,7711Z,Boone Meadow,BOONE MEADOW,Indiana - Region 2 - Central
2075,63,4,59,43920K,Potterbots: The Cyberbots,WESTGATE MIDDLE SCHOOL,Ohio
2076,63,0,63,6403S,Banana Squad The Last Stand,Brookside Intermediate School,Ohio
2077,63,2,61,63165H,TBD,KRAFT MEADOWS INTERMEDIATE SCHOOL,Michigan
2078,63,0,63,37712T,Tiny Dinos,Bixby East,Oklahoma
2079,63,0,63,814C,LCE,LEAGUE CITY ELEMENTARY SCHOOL,Texas - Region 3
2080,63,0,63,9290B,Sparks ES- Ravaging Robots,Sparks Elementary School,Maryland
2081,63,0,63,42031C,Panda Pounders,Westwood Elementary School,Minnesota
2082,63,0,63,19800E,Yellow Bananas,BOULTON SCHOOL,Utah
2083,63,0,63,3988E,Team Banana,Irvine Robotics,California - South
2084,63,0,63,138R,QRCA - Ruby,AAA Training and Tuition (RTO 46396),Australia
2085,63,0,63,807E,The Storms,DARWIN L GILMORE ELEMENTARY SCHOOL,Texas - Region 3
2086,63,0,63,1645C,Team Cheam,Cheam School Design & Technology,United Kingdom
2087,63,0,63,95950A,Hydrabots,GJ Mann,New York-North
2088,63,0,63,17023B,卡皮巴拉,Happy Robot,Chinese Taipei
2089,63,0,63,58508G,The Haarsma Gators,Blair-taylor Middle/high School,Wisconsin
2090,63,0,63,4318A,Galileo,Creativity Private School - Bahrain,Bahrain
2091,63,0,63,28507B,BLTs,Mt. Vernon Intermediate School,Indiana - Region 2 - Central
2092,63,0,63,92964C,AstroBots,Harmony School of Science,Texas - Region 1
2093,63,0,63,97265C,West Clay WolfBots - Black,WEST CLAY ELEMENTARY SCHOOL,Indiana - Region 2 - Central
2094,63,0,63,51172A,BrickBattlers (BattleCats A),LOST LAKE ELEMENTARY SCHOOL,Florida - North/Central
2095,63,0,63,46706D,Bell Bots,Bell Intermediate Academy,Indiana - Region 2 - Central
2096,63,0,63,26547B,Coyotes B,COVINGTON ELEMENTARY SCHOOL,Indiana - Region 1 - North
2097,63,0,63,26547A,Coyotes A,COVINGTON ELEMENTARY SCHOOL,Indiana - Region 1 - North
2098,63,0,63,12410A,Prince and the Guardians,HARMON MIDDLE SCHOOL,Ohio
2099,63,0,63,69433C,RoboCougars,NORTON ELEMENTARY,Kentucky
2100,62,62,0,99968S,99968,北京昇元信奥国际教育科技有限公司,North China
2101,62,36,26,7458B,The Oranges,Fisher Elementary School,Minnesota
2102,62,27,35,1993S,Galloway Robo-Owls,The Galloway School,Texas - Region 3
2103,62,22,40,43078A,Ballyvary NS,Ballyvary Central National School,Ireland
2104,62,17,45,17401A,PCS Tech Bobcats,Presbyterian Christian School,Mississippi
2105,62,17,45,34107G,The Odd Squad,ST JOSEPH GRADE SCHOOL,West Virginia
2106,62,17,45,12171G,Gator CHOMPions,BLUE LAKE ELEMENTARY SCHOOL,Florida - South
2107,62,17,45,95196B,Team Sea Kings,PASS ROAD ELEMENTARY SCHOOL,Mississippi
2108,62,9,53,20762B,The InvestiGators,Guion Creek Elementary School,Indiana - Region 2 - Central
2109,62,17,45,61187B,AR: The Banana Splits,OAKWOOD INTERMEDIATE,Michigan
2110,62,14,48,21025D,Winfield RoboCats: Blue Electric Clawz,WINFIELD ELEMENTARY SCHOOL,Indiana - Region 1 - North
2111,62,13,49,9340J,Purple Ninjas,Harvey Elementary School,Florida - North/Central
2112,62,6,56,59713G,The Legends,MERCER ELEMENTARY,West Virginia
2113,62,9,53,331Y,The King Bobs,ROBERT WILLIS ELEMENTARY SCHOOL,Florida - North/Central
2114,62,7,55,31890B,Robo Huskies,Dr. Thomas L. Higdon Elementary School ,Maryland
2115,62,0,62,49301B,Robo Dragons,ADA CHRISTIAN SCHOOL,Michigan
2116,62,6,56,9340H,Brain Teasers,Harvey Elementary School,Florida - North/Central
2117,62,0,62,33062G,Messi Squids,HARTSELLE INTERMEDIATE SCHOOL,Alabama
2118,62,7,55,44632J,Robo Rookies,LAKE ELEMENTARY SCHOOL,Ohio
2119,62,7,55,13236A,G.T. Team 1,G.T. (Ellen Yeung) College,Hong Kong
2120,62,7,55,5585D,D,JENNIE BARKER ELEMENTARY SCHOOL,Kansas
2121,62,7,55,7711M,Boone Meadow,BOONE MEADOW,Indiana - Region 2 - Central
2122,62,4,58,72777E,EF Warriors,EAST FORK LUTHERAN GRADE SCHOOL AND HIGH SCHOOL,Arizona
2123,62,4,58,67846H,Pivot Robotics,Great Plains MakerSpace - Pivot Robotics,Kansas
2124,62,4,58,44844N,The Cybertooth Tigers,Neenah Middle School,Wisconsin
2125,62,6,56,74764B,The Wild Ketchum Bots,VALLIANT ELEMENTARY SCHOOL,Oklahoma
2126,62,6,56,11028F,NCSA Robotics (ES),Newton County STEAM Academy,Georgia
2127,62,6,56,63031G,Golden bots,SPRINGHILL ELEMENTARY SCHOOL,Arkansas
2128,62,2,60,1605E,Mechanical Mavericks 2,Mechanical Mavericks 2,Minnesota
2129,62,0,62,402B,Competition Cookers,ST ROBERT BELLARMINE SCHOOL,Nebraska
2130,62,0,62,76709B,The Irons,Kenosha Lutheran Academy,Wisconsin
2131,62,4,58,71711A,Conchitas 2.0,Independence Elementary,California - South
2132,62,4,58,4507A,H.E.S. Robotics,HELIOTROPE AVENUE ELEMENTARY,California - South
2133,62,4,58,22724A,SCN Roundfort NS,Roundfort NS,Ireland
2134,62,4,58,11036D,The Plutos,POWDERSVILLE ELEMENTARY,South Carolina
2135,62,4,58,67846E,Pivot Robotics,Great Plains MakerSpace - Pivot Robotics,Kansas
2136,62,2,60,3708F,Shark Attack 2.0,Victoria Shanghai Academy,Hong Kong
2137,62,0,62,78273A,TechTitans Team Jeff,PS/MS 124Q OSMOND A CHURCH,New York-South
2138,62,0,62,18721A,Avalanche: Pioneer Robotics,Stillwater Middle School,Oklahoma
2139,62,0,62,60510A,Manisa RAWRZZZ,Annoor Robotics,Tennessee
2140,62,0,62,19702E,Echo Bots,JIMENEZ ROBERTO AND DR. FRANCISCO ELEMENTARY,California - South
2141,62,0,62,807C,Cyber Snakes,DARWIN L GILMORE ELEMENTARY SCHOOL,Texas - Region 3
2142,62,0,62,48506H,Holy Family NS VEX Robotics Team,Holy Family National School,Ireland
2143,62,0,62,25355B,BCE Wildcats B,BIG CREEK ELEMENTARY SCHOOL,Georgia
2144,62,0,62,10863C,JSTEA - 3,JSTEA,Hong Kong
2145,62,0,62,13236B,G.T. Team 2,G.T. (Ellen Yeung) College,Hong Kong
2146,62,0,62,1877M,Iron Dolphin,Sunkist Robotics Workshop,California - South
2147,62,0,62,59365E,The Ancient Gears,ST FRANCIS CATHOLIC SCHOOL,Minnesota
2148,62,0,62,31200K,Intelligence Wins,Embrace Multicultural Education Center,Ontario
2149,62,0,62,2465C,Pineapple Boys,VALLEY VIEW SCHOOL,Utah
2150,61,34,27,2614B,A4SIAN,Ascend International School,India
2151,61,0,61,38636B,Eagletronics,ARLINGTON ELEMENTARY/MIDDLE,Maryland
2152,61,27,34,16021A,Andersen Robotics - A,Andersen Elementary,Oklahoma
2153,61,18,43,7553K,Gear Grinders,ICGC,Ohio
2154,61,0,61,28124M,Techie Tigers,Mt. Pleasant Elementary,North Carolina
2155,61,17,44,68117P,Program Pirates,St. John Paul II Academy,Nebraska
2156,61,6,55,31186G,GANGSTER GORILLAS,PIONEER SCHOOL,Utah
2157,61,9,52,43210E,LFCD ReEngineers,Landau Forte Derby College,United Kingdom
2158,61,2,59,84636A,Pirate Robotics,PARKSIDE ELEMENTARY SCHOOL,Indiana - Region 3 - South
2159,61,4,57,13056E,The Big Bass,Royalton Community Education,Minnesota
2160,61,7,54,2730A,Flat Rock Tigresses,FLAT ROCK ELEMENTARY,South Carolina
2161,61,6,55,43920C,Potterbots: The Wacky Potters,WESTGATE MIDDLE SCHOOL,Ohio
2162,61,6,55,99200F,Ratatouille Rats,BLUFF RIDGE SCHOOL,Utah
2163,61,6,55,49979J,NewPal Cheese Curds,NEW PALESTINE INTERMEDIATE SCHOOL,Indiana - Region 2 - Central
2164,61,6,55,94329F,BOT_BROS,BOUNTIFUL SCHOOL,Utah
2165,61,0,61,29544E,Iron Huskies,CSA LINCOLN CAMPUS,Indiana - Region 3 - South
2166,61,0,61,78682F,DynamicDolphinBots 78682F,DAVES CREEK ELEMENTARY SCHOOL,Georgia
2167,61,0,61,151E,The Unknowns,Algoma District School Board,Ontario
2168,61,0,61,12410E,Tech Titans,HARMON MIDDLE SCHOOL,Ohio
2169,61,0,61,1112E,SCI Sharks -  Royal Blue,Sand Creek Intermediate School,Indiana - Region 2 - Central
2170,61,0,61,1517A,Eagle Bots,Eastwood Heights Elementary School,Texas - Region 1
2171,61,0,61,2783C,Cyber Dragons,CARTER LAKE ELEMENTARY SCHOOL,Iowa
2172,61,0,61,6039G,Cyber Ninjas,BrandywineBOTS Robotics,Delmarva
2173,61,0,61,10115C,Robo-Pirates 1,PINECREST ACADEMY (SOUTH CAMPUS),Florida - South
2174,61,0,61,99412C,Horizon Hackers,HORIZON ELEMENTARY SCHOOL,Indiana - Region 1 - North
2175,60,25,35,2547B,Queen,Showa Elementary School,Japan
2176,60,19,41,25801A,Mix 7s,MAKAHA ELEMENTARY SCHOOL,Hawaii
2177,60,19,41,10511P,RhoBots,CYPRESS RIDGE ELEMENTARY SCHOOL,Florida - North/Central
2178,60,9,51,95035A,Code-a-Cola Zero,VINTON ELEMENTARY SCHOOL,Louisiana
2179,60,17,43,1354B,The Bombarders,HERITAGE SCHOOL,Utah
2180,60,0,60,17529B,Droids,WILLIAM TELL ELEMENTARY SCHOOL,Indiana - Region 3 - South
2181,60,10,50,519A,Chaos Kids ,Burnside Elementary School,Kentucky
2182,60,4,56,44844H,Axolotls Rizzler Sigma Boys 5000,Neenah Middle School,Wisconsin
2183,60,9,51,19230A,BİLSEM 404,Arnavutköy Bilim ve Sanat Merkezi,Türkiye
2184,60,7,53,6033F,TBD,BMS Robotics,New Hampshire/Vermont
2185,60,7,53,90317F,The Orange Robot Stackers,HIGHLAND ELEMENTARY,Mississippi
2186,60,0,60,54602C,The Alban Dragons,ALBAN ELEMENTARY SCHOOL,West Virginia
2187,60,7,53,77015D,Vex TryHarders,"City of Riihimäki, Patastenmäen koulu",Finland
2188,60,4,56,10227R,Da Spicy Chicken Nuggets,The Potomac School,Virginia
2189,60,4,56,90048B,Daredevils,SYRACUSE SCHOOL,Utah
2190,60,4,56,432G,Dino Days,Valley Grove Elementary School,Pennsylvania - West
2191,60,4,56,28669B,Blue Building Bobcats,CHAMBERLAIN ELEMENTARY SCHOOL,West Virginia
2192,60,2,58,30077B,Biloxi Baddies,BILOXI UPPER ELEMENTARY,Mississippi
2193,60,2,58,18347D,Trailblazer Black,DISCOVERY ELEMENTARY SCHOOL,North Dakota
2194,60,2,58,68898B,Cyber Spots,LA VILLITA ELEMENTARY SCHOOL,Texas - Region 5
2195,60,2,58,91362G,We've Bot This,Westchester Intermediate School,Indiana - Region 1 - North
2196,60,0,60,4850B,Liholiho Warriors,KING LIHOLIHO ELEMENTARY SCHOOL,Hawaii
2197,60,0,60,6612C, 酷玩浪潮战队,"Shaoxing Cool Play Education Information Consulting Co., Ltd",East China
2198,60,0,60,138X,QRCA - Black,AAA Training and Tuition (RTO 46396),Australia
2199,60,0,60,68262B,Cyber Knights B,Tierra Del Sol Elementary School,Texas - Region 1
2200,60,0,60,18799D,Ninja Ducks,Montessori Science Academy,Indiana - Region 2 - Central
2201,60,0,60,93413A,Tech Tigers,Glen Springs,Florida - North/Central
2202,60,0,60,99500R,Collegium Robotics:  Raiders,COLLEGIUM CS,Pennsylvania - East
2203,60,0,60,2221A,The Blue Taki Flames,Duck Springs Elementary School,Alabama
2204,60,0,60,1162B,LLSY B,The Endeavourers Leung Lee Sau Yu Memorial Primary School,Hong Kong
2205,60,0,60,27777B,RoboHawks,FRANK H HAMMOND ELEMENTARY SCHOOL,Indiana - Region 1 - North
2206,60,0,60,22255C,MCE Robotics,MILL CREEK EAST ELEMENTARY,Indiana - Region 2 - Central
2207,60,0,60,40693T,Thunder Bots,Gillette College,Wyoming
2208,59,24,35,1443C,1443C,Jenison Robotics,Michigan
2209,59,19,40,47721G,Galactic Glitch,PRINCETON INTERMEDIATE SCHOOL,Minnesota
2210,59,18,41,6510E,AVAE,"Pymble Ladies College, Sydney, Australia",Australia
2211,59,18,41,802C,Frogbots,HENRY BAUERSCHLAG ELEMENTARY SCHOOL,Texas - Region 3
2212,59,18,41,1177C,Ivalee Ultimate Breakers,IVALEE ELEMENTARY SCHOOL,Alabama
2213,59,18,41,52D,Royal Robotics,HANALANI SCHOOLS,Hawaii
2214,59,13,46,11600A,GE Robotics Club,Georgetown Elementary School,Delmarva
2215,59,7,52,52654A,The Martians,NORTHERN ELEMENTARY SCHOOL,Kentucky
2216,59,7,52,10277A,MacRobotics-Purple,Douglas Macarthur Elementary School,Indiana - Region 1 - North
2217,59,7,52,16329B,WALLE-bots,MARLAN J. WALKER ELEMENTARY,Nevada
2218,59,7,52,15899D,Black Rock Three,BLACK ROCK ELEMENTARY,Colorado
2219,59,7,52,74275A,Shiloh Shark Astro-Bots,SHILOH POINT ELEMENTARY,Georgia
2220,59,6,53,56549D,How to be Elmo 101,HAWLEY ELEMENTARY,Minnesota
2221,59,6,53,2305C,Astronomical Engineers,DON ROBERTS ELEMENTARY SCHOOL,Arkansas
2222,59,4,55,19398A,Hillcrest A,HILLCREST ELEMENTARY SCHOOL,Alabama
2223,59,4,55,90317B,Midas,HIGHLAND ELEMENTARY,Mississippi
2224,59,4,55,725C,Apex Moonlight,Apex Robotics,Arizona
2225,59,0,59,17410B,Crabby Coders,MONTGOMERY CATHOLIC PREPARATORY SCHOOL,Alabama
2226,59,0,59,69433A,CougarBots,NORTON ELEMENTARY,Kentucky
2227,58,24,34,4485D,TribeTech D,Danville Community Schools,Indiana - Region 2 - Central
2228,58,0,58,92574X,SySTEM Education,SySTEM Education,Florida - South
2229,58,17,41,90270B,Maywood Leaders,Maywood Elementary School,California - South
2230,58,17,41,36695A,Alabama Robot Hawks,Dawes Intermediate School,Alabama
2231,58,17,41,77977S,The Tinker Thinkers,ASU PREPARATORY ACADEMY-POLYTECHNIC ELEMENTARY,Arizona
2232,58,17,41,6033D,Robotics Bros,BMS Robotics,New Hampshire/Vermont
2233,58,17,41,10145W,The Wildcat Pack,Private Residence,California - North
2234,58,0,58,151D,M & M,Algoma District School Board,Ontario
2235,58,17,41,814A,LCE,LEAGUE CITY ELEMENTARY SCHOOL,Texas - Region 3
2236,58,17,41,16823C,Gigabots C,Boys & Girls Club of Meriden,Connecticut
2237,58,17,41,567B,Screaming Chicken,4h electric dolphins,Missouri
2238,58,17,41,1125B,Zippy Zap,Harrison Middle School,Arkansas
2239,58,7,51,25705C,Rocking Bots,EAST BEAUREGARD ELEMENTARY SCHOOL,Louisiana
2240,58,11,47,27775A,SilverTronics,SILVER PALMS ELEMENTARY SCHOOL,Florida - South
2241,58,11,47,67352D,Trojan Delta,WEST MARSHALL MIDDLE SCHOOL,Iowa
2242,58,11,47,2547A,YuRiNe,Showa Elementary School,Japan
2243,58,2,56,340B,Salem Robotics B,SALEM ELEMENTARY SCHOOL,Tennessee
2244,58,0,58,93558M,Cheesier Chunkier Cheetos,REEDS SPRING INTERMEDIATE,Missouri
2245,58,7,51,8181W,MIMS 5th Grade,MANDARIN IMMERSION MAGNET SCHOOL,Texas - Region 3
2246,58,7,51,53732D,Boba Clan,ALL NATIONS COMMUNITY SCHOOL,Texas - Region 3
2247,58,2,56,7707V,Vex Vortex,Pleasant View Elementary Zionsville,Indiana - Region 2 - Central
2248,58,7,51,86273A,Engineering Eagles,Carpenter Community Charter,California - South
2249,58,7,51,45633A,Scoil Mhuire Pallaskenry,Scoil Mhuire Pallaskenry,Ireland
2250,58,7,51,86273E,Technician Tacos,Carpenter Community Charter,California - South
2251,58,7,51,3435A,BaileyBot Rovers,BAILEY STATION ELEMENTARY SCHOOL,Tennessee
2252,58,0,58,8009C,BricksWorkshop,汉中市卓越科技教育培训学校,West China
2253,58,0,58,4112H,The National Road Neutrons,NATIONAL ROAD ELEMENTARY SCHOOL,Ohio
2254,58,2,56,6054C,Mustangs3,LAKE AGASSIZ ELEMENTARY SCHOOL,North Dakota
2255,58,0,58,90243B,Los Hersheys,CARPENTER (C. C.) ELEMENTARY,California - South
2256,58,0,58,290W,Whirlwind,Orley Farm School,United Kingdom
2257,58,2,56,43612A,CHALLENGERS_ONE,CESAR CHAVEZ ELEMENTARY,California - South
2258,58,2,56,138G,QRCA - G,AAA Training and Tuition (RTO 46396),Australia
2259,58,2,56,18355B,Robotic Dolphins Team B,MAGNOLIA SCIENCE ACADEMY 7,California - South
2260,58,2,56,78682G,DynamicDolphinBots 78682G,DAVES CREEK ELEMENTARY SCHOOL,Georgia
2261,58,2,56,6403P,Pink Tigers,Brookside Intermediate School,Ohio
2262,58,2,56,17529A,Stormigators,William Tell Elementary,Indiana - Region 3 - South
2263,58,0,58,7919B,Tritt United Robotics Club,Tritt Elementary School,Georgia
2264,58,0,58,77732H,MSLR Club,MSLR Robotics,Indiana - Region 1 - North
2265,58,0,58,16595A,Lomita Leopards,LOMITA MATH/SCIENCE/TECHNOLOGY MAGNET,California - South
2266,58,0,58,85419A,St Ciarans Boher,St Ciarans Boher,Ireland
2267,58,0,58,85200B,HSN2,保良局何壽南小學,Hong Kong
2268,58,0,58,25489C,SIS Team 1,Singapore International School (Hong Kong),Hong Kong
2269,58,0,58,28383G,FPTDaNang 07,TRƯỜNG TIỂU HỌC VÀ TRUNG HỌC CƠ SỞ FPT ĐÀ NẴNG,Vietnam
2270,58,0,58,56100C,St. Andrews 3,St Andrews School,Australia
2271,58,0,58,5354A,MTPS-A,港澳信義會明道小學,Hong Kong
2272,58,0,58,5354B,MTPS-B,港澳信義會明道小學,Hong Kong
2273,58,0,58,28898B,Reeves Rogers Thunder,REEVES-ROGERS ELEMENTARY,Tennessee
2274,58,0,58,62918D,UISG D,Utahloy International School Guangzhou,South China
2275,58,0,58,41026C,Thunderbots,SILVER CREEK ELEMENTARY SCHOOL,Indiana - Region 3 - South
2276,58,0,58,39855A,Kiddee Lab,Kiddee Lab,Thailand
2277,58,0,58,70414A,Quirk Thinkers,Servicios Educacionales Martim Cererê,Ecuador
2278,58,0,58,1485C,Robot Genesis,Broad Heath Primary School,United Kingdom
2279,58,0,58,14546A,Beamish Beasts,Beamish Primary School,United Kingdom
2280,58,0,58,79129B,Songdo Warlords of the Sea,American STEM Prep Songdo,South Korea
2281,58,0,58,60660A,Jawatha neutrons,JAWATHA Private School 3,Saudi Arabia
2282,58,0,58,22051E,Poseidon,Robospark,Washington
2283,58,0,58,31314G,K cuBed,Whitehall Elementary & Middle School,Wisconsin
2284,58,0,58,72661D,JGE Bulldogs,JEREMIAH GRAY ELEMENTARY SCHOOL,Indiana - Region 2 - Central
2285,58,0,58,62536C,Central Wildbots,CENTRAL ELEMENTARY SCHOOL,Alabama
2286,58,0,58,3207X,3207X,Diamond Bar Robotics,California - South
2287,58,0,58,23093G,Thunderbots,LASER,Virginia
2288,58,0,58,22884A,Koalabots A,WEISSER PARK ELEMENTARY SCHOOL,Indiana - Region 1 - North
2289,58,0,58,37129A,37129A ESE,ERMA SIEGEL ELEMENTARY,Tennessee
2290,58,0,58,77702A,Teresa's Tech Team,St Teresa's Catholic Primary School,United Kingdom
2291,58,0,58,64264A,VEXScribes,ANNE FRANK ELEMENTARY SCHOOL,Texas - Region 2
2292,58,0,58,67563B,CyberColts B,JAMES B EADS ELEMENTARY SCHOOL,Indiana - Region 1 - North
2293,57,21,36,12160B,CCI Mighty Pickles,Cedar Crest Intermediate School,Indiana - Region 3 - South
2294,57,11,46,63122A,Spark Attack,WESTCHESTER ELEMENTARY SCHOOL.,Missouri
2295,57,11,46,2076R,Vector 2.0,Knox Grammar School,Australia
2296,57,6,51,34202A,Blue Lightning 2.0,GILBERT W MCNEAL ELEMENTARY SCHOOL,Florida - North/Central
2297,57,6,51,39071H,Ms. Redd's Old Class,EAST FLORA ELEMENTARY,Mississippi
2298,57,4,53,8024C,Team 3,King david primary School/ Code inventorz,United Kingdom
2299,57,6,51,47220C,Robo Saints,LUTHERAN CENTRAL SCHOOL,Indiana - Region 3 - South
2300,57,6,51,90994A,Robot Titans,iCode Of Wellesley,Massachusetts
2301,57,2,55,12022D,Papa John'z,Henryville Elementary School,Indiana - Region 3 - South
2302,57,2,55,2454A,WuSiChong(A),HKECA Wu Si Chong Memorial School,Hong Kong
2303,57,0,57,19105A,KLE TIGERS,KENDALE LAKES ELEMENTARY SCHOOL,Florida - South
2304,57,0,57,42031B,2V2B,Westwood Elementary School,Minnesota
2305,57,0,57,810D,Goforth G.E.A.R.S.,ART AND PAT GOFORTH ELEMENTARY SCHOOL,Texas - Region 3
2306,57,0,57,72661E,JGE Bulldogs,JEREMIAH GRAY ELEMENTARY SCHOOL,Indiana - Region 2 - Central
2307,57,0,57,71667A,Sugar Cookie Bots,Brown Elementary School,Arkansas
2308,57,0,57,48222A,Cougarbots 1,SAND CREEK ELEMENTARY,Indiana - Region 2 - Central
2309,56,32,24,25324D,Westerly Creek DD's,WESTERLY CREEK ELEMENTARY,Colorado
2310,56,28,28,85287B,The OG's,European School of Strasbourg,France
2311,56,24,32,10525N,Night Ninjas,FOREST GLEN ELEMENTARY SCHOOL,Indiana - Region 2 - Central
2312,56,21,35,74850B,Kings,WALKER ELEMENTARY SCHOOL,Alabama
2313,56,19,37,87799B,Funky Monkey,Littlewood Elementary School,Florida - North/Central
2314,56,0,56,11450G,RMS Lions,RAVENSWOOD MIDDLE,California - North
2315,56,0,56,714R,The Muffin Machines,ThinkRobots Marion County 4-H,Oregon
2316,56,13,43,51717B,Smiley Face Gang,ROOSEVELT ELEMENTARY SCHOOL,Iowa
2317,56,4,52,91416W,Wired Fires,Wahoo Robotics (Saunders Catholic Schools & Wahoo Public Schools),Nebraska
2318,56,0,56,80361R,RoboRhinos,RoboRhinos,California - North
2319,56,8,48,99258V,Valkyrie,Valkyrie Robotics,Georgia
2320,56,0,56,31650B,Furr Falcons B,CARL A FURR ELEMENTARY,North Carolina
2321,56,7,49,83723C,Montague's Metal Marshmallows,MONTAGUE CHARTER ACADEMY,California - South
2322,56,2,54,95432D,Robotic Beastz,AIRPORT ROAD INTERMEDIATE SCHOOL,Alabama
2323,56,0,56,714A,Fire Starters,ThinkRobots Marion County 4-H,Oregon
2324,56,0,56,70655D,Mississinewa Indians,NORTHVIEW ELEMENTARY SCHOOL,Indiana - Region 1 - North
2325,56,0,56,49958E,The Blue Sportsmen,HEALTH/WELLNESS ENVI MAGNET,Arkansas
2326,56,0,56,53403J,Black and Blue Dragons,WISCONSIN LUTHERAN SCHOOL,Wisconsin
2327,56,0,56,28101D,LIL Dragons,NORTH UNION ELEMENTARY SCHOOL,Ohio
2328,56,4,52,74510T,Big Creek Lakers Purple,TANNER WILLIAMS ELEMENTARY SCHOOL,Alabama
2329,56,0,56,80085A,Space Hawks,ORCHARD HILLS,California - South
2330,56,0,56,1604W,Cosmic Wind,NSU UNIVERSITY SCHOOL,Florida - South
2331,56,0,56,4299Z,CouGEARS Z,Ellis Middle School,Tennessee
2332,56,0,56,91362B,Battle Bots,WESTCHESTER INTERMEDIATE SCHOOL,Indiana - Region 1 - North
2333,56,0,56,68671A,Crazy Kitchen Cabinets,DANVILLE ELEMENTARY SCHOOL,Ohio
2334,56,0,56,838S,Steel Sabers,Blaze Robotics Academy,Washington
2335,56,0,56,473F,Flaming Wings,FLAGSTAFF CHARTER ACADEMY,Colorado
2336,56,0,56,3477F,STACC Attack,St Andrews Christian College,Australia
2337,56,0,56,2223A,CSNS NCM,College Street Normal School,New Zealand
2338,56,0,56,85200A,HSN1,保良局何壽南小學,Hong Kong
2339,56,0,56,70601D,The Northside Robotics Team,COMBRE-FONDEL ELEMENTARY SCHOOL,Louisiana
2340,56,0,56,126G,GSI Robotics,GSI Robotics,Mexico
2341,56,0,56,2223F,CSNS DoomBots,College Street Normal School,New Zealand
2342,56,0,56,3075C,Code Kings,OAKLAND CHRISTIAN SCHOOL,Michigan
2343,56,0,56,75117E,Edgewood Intermediate School Challengers,EDGEWOOD INTERMEDIATE,Texas - Region 2
2344,56,0,56,243B,RoboRangers,FRONTIER SCHL OF INNOVATION-M,Missouri
2345,56,0,56,80418A,MAT Robotics A,Morrison Academy Taipei,Chinese Taipei
2346,56,0,56,4514B,4514B The Blind Archers,Decatur High Ability Academy,Indiana - Region 2 - Central
2347,56,0,56,1901C,Gear Sharks,Notre Dame Catholic School,Texas - Region 4
2348,56,0,56,17410G,Robo-Raiders,MONTGOMERY CATHOLIC PREPARATORY SCHOOL- Holy Spirit Campus,Alabama
2349,56,0,56,81124C,Pinedale C,PINEDALE ELEMENTARY SCHOOL,Alabama
2350,56,0,56,20002J,Tech Reapers,Mankato Community Education & Recreation Department,Minnesota
2351,56,0,56,1485A,Smoking CPUs,Broad Heath Primary School,United Kingdom
2352,56,0,56,66396C,Mad Scientist Minions,Barkley Bridge Elementary School,Alabama
2353,56,0,56,12410F,Blazing Ouchies,HARMON MIDDLE SCHOOL,Ohio
2354,56,0,56,1063T,GCA - T,GREENWOOD CHRISTIAN ACADEMY,Indiana - Region 2 - Central
2355,56,0,56,20103B,The Hot Wheels,CASEVILLE SCHOOL K12,Michigan
2356,56,0,56,2060C,5th Gear,Oakestown Intermediate School,Michigan
2357,56,0,56,83723D,Montague's Flaming Flamingos,MONTAGUE CHARTER ACADEMY,California - South
2358,56,0,56,22151A,JDG Jaguars,JACK DAVID GORDON ELEMENTARY SCHOOL,Florida - South
2359,56,0,56,1963A,Donoho Divas,The Donoho School,Alabama
2360,56,0,56,77732E,MSLR Club,MSLR Robotics,Indiana - Region 1 - North
2361,56,0,56,90948D,NP Yellow Jackets,NORTH POINTE ELEMENTARY,South Carolina
2362,56,0,56,55040C,Wall-E Prime,MONTESSORI SCHOOL OF MCLEAN,Virginia
2363,56,0,56,148C,Rock-A-Bots,Travis Intermediate,Texas - Region 2
2364,56,0,56,5147A,VR Bronco Bots,VINEYARD RANCH ELEMENTARY SCHOOL,Texas - Region 4
2365,56,0,56,36300R,Stallions,Breck School ,Minnesota
2366,56,0,56,14581K,Bot Busters,Charlotte Public Schools,Michigan
2367,56,0,56,72661F,JGE Bulldogs,JEREMIAH GRAY ELEMENTARY SCHOOL,Indiana - Region 2 - Central
2368,56,0,56,64061A,GB Alpha Brotatoes,GREENBRIAR ELEMENTARY SCHOOL,Indiana - Region 2 - Central
2369,56,0,56,90547A,The Bacon Bots,Sacred Heart Grade School,West Virginia
2370,56,0,56,61904R,Los Beebotcitos,Clinton P Russell,Texas - Region 2
2371,56,0,56,20823D,Clear View Robotics T4,Clear View Elementary ,California - South
2372,55,0,55,9975C,St. Luke's Episcopal - The Pistachios,ST LUKES EPISCOPAL SCHOOL,Texas - Region 4
2373,55,20,35,39144D,Robotical Hall of Famers,EVENING STAR ELEMENTARY SCHOOL,Arkansas
2374,55,19,36,98588B,Mudbugs,NorthShore Robotics,Louisiana
2375,55,19,36,9975X,St. Luke's Episcopal - The Pastries,ST LUKES EPISCOPAL SCHOOL,Texas - Region 4
2376,55,9,46,16232A,RoboMix,TNS Robotics Team,New Jersey
2377,55,18,37,12937A,KCIS 456,KCIS,South Korea
2378,55,18,37,23533A,Ballinamere NS Sixth ,Ballinamere NS,Ireland
2379,55,18,37,46788A,Croninger Crusader A,FRED H CRONINGER ELEMENTARY SCHOOL,Indiana - Region 1 - North
2380,55,17,38,25202B,Robotic Bees,Andrews Heights Elementary School,West Virginia
2381,55,17,38,61593E,ThunderBoltz,East Pointe Elementary School,Arkansas
2382,55,17,38,94645D,Banana Builders,LIBERTY INTERMEDIATE SCHOOL,Indiana - Region 1 - North
2383,55,17,38,18721D,The Four Stars: Pioneer Robotics,Stillwater Middle School,Oklahoma
2384,55,17,38,4215C,Trinity Eagles,Trinity Anglican College,Australia
2385,55,7,48,97793E,Denim Divas,HICKS CANYON ELEMENTARY,California - South
2386,55,14,41,86500A,Hydro Hackers,Dixon Elementary,Alabama
2387,55,11,44,44853C,Capybara Bots,Playmates,West Virginia
2388,55,4,51,88227B,Hacker Bots,GREENWOOD ELEMENTARY,Oklahoma
2389,55,9,46,1447D,The Button Mashers,AVON GROVE INTRMD SCH,Pennsylvania - East
2390,55,11,44,44853S,Strawberries,Playmates,West Virginia
2391,55,11,44,44408H,CMS: Purple Pringles,SOUTH SIDE MIDDLE SCHOOL,Ohio
2392,55,9,46,27981A,Máirt's Army,Ballycommon Telework and Training Centre,Ireland
2393,55,7,48,10277E,MacRobotics-Green,Douglas Macarthur Elementary School,Indiana - Region 1 - North
2394,55,7,48,7159B,The Redstone Coders,JEFFERSON ELEMENTARY SCHOOL,Arkansas
2395,55,0,55,12160E,CCI Gold Bananas,Cedar Crest Intermediate School,Indiana - Region 3 - South
2396,55,4,51,8400D,Thunder Dragons,BUFFALO POINT SCHOOL,Utah
2397,55,0,55,21178D,VortexRAMPAKS,Dishchiibikoh Community School (Elementary),Arizona
2398,55,7,48,43489B,Trinity Blue,TRINITY PRESBYTERIAN SCHOOL,Alabama
2399,55,7,48,7890A,Apex 360,Minneola Horizon Academy (Elementary),Florida - North/Central
2400,55,7,48,7736A,Clanker Makers,Jarman Elementary School,Oklahoma
2401,55,6,49,16645C,The Olympians,UNIVERSITY ELEMENTARY SCHOOL,Indiana - Region 3 - South
2402,55,6,49,58073D,Strike Bots,WASHINGTON ELEMENTARY SCHOOL,North Dakota
2403,55,6,49,58073C,Robotics Rules,WASHINGTON ELEMENTARY SCHOOL,North Dakota
2404,55,2,53,58073F,Blue Bots,WASHINGTON ELEMENTARY SCHOOL,North Dakota
2405,55,4,51,99200G,The Ducks,BLUFF RIDGE SCHOOL,Utah
2406,55,4,51,27613B,Party Botz,ASBURY ELEMENTARY SCHOOL,Alabama
2407,55,4,51,71554A,BroBots,PRINCE OF PEACE LUTHERAN SCHOOL,Minnesota
2408,55,2,53,45806A,PantherBots,Euclid Avenue Elementary School,California - South
2409,55,2,53,3163Z,3163 Z,SP 316,Poland
2410,55,2,53,65250A,Jayhawks,JONATHAN JENNINGS SCHOOL 109,Indiana - Region 2 - Central
2411,55,0,55,3770C,VEX-THE-TREX,FORBUSS  ROBERT L ELEMENTARY SCHOOL,Nevada
2412,55,0,55,20058D,Lightning Eagles,CORAL ACADEMY OF SCIENCE LAS VEGAS  - Cadence,Nevada
2413,55,0,55,2005B,Highlifters,ALPINE ELEMENTARY SCHOOL,Colorado
2414,55,0,55,6699S,megastorm,Taiwan Robotics Lab,Chinese Taipei
2415,55,0,55,2223E,CSNS 17 Girls,College Street Normal School,New Zealand
2416,55,0,55,53625C,Team C,Sioux Falls Lutheran School,South Dakota
2417,55,0,55,54037P,StinkyBot,The Canadian International School Guangzhou,South China
2418,55,0,55,82674B,The Computer Chips,ARROYO ELEMENTARY,California - South
2419,55,0,55,478G,Elevate-Electronic Pythons,Elevate Tech,Washington
2420,55,0,55,21040A,Eaglebots,HART STREET ELEMENTARY,California - South
2421,55,0,55,42187D,Nora Panther Cub's,NORA ELEMENTARY SCHOOL,Indiana - Region 2 - Central
2422,55,0,55,24399B,Dragon Robotics B,Eastwood Knolls International School,Texas - Region 1
2423,55,0,55,6440D,Guilford Gears D,GUILFORD ELEMENTARY,Indiana - Region 2 - Central
2424,55,0,55,1990D,1990D,Jenison Robotics,Michigan
2425,55,0,55,41026F,Nitrobots,SILVER CREEK ELEMENTARY SCHOOL,Indiana - Region 3 - South
2426,55,0,55,60970B,Southport  Elementary,Southport Elementary School,Indiana - Region 2 - Central
2427,55,0,55,78539B,Triton Robotics B,TRITON ELEMENTARY SCHOOL,Indiana - Region 1 - North
2428,55,0,55,1955K,Robot Control,DEEP CREEK MIDDLE,Virginia
2429,55,0,55,91362J,Pink Pony Bots,Westchester Intermediate School,Indiana - Region 1 - North
2430,55,0,55,75135F,Geared Up Foxes,CADDO MILLS INTERMEDIATE,Texas - Region 2
2431,55,0,55,89998B,Bluey,Pine Tree Middle School,Texas - Region 2
2432,55,0,55,17983A,Boonsboro Warriors,Washington County Public Schools,Maryland
2433,55,0,55,12214D,AirCrabs,ABRAHAM LINCOLN ELEMENTARY SCHOOL,Indiana - Region 2 - Central
2434,55,0,55,22822S,Robo Eagles,Allen Elementary LEAD VEX Robotics,California - South
2435,54,17,37,33062F,Robo Nation,HARTSELLE INTERMEDIATE SCHOOL,Alabama
2436,54,17,37,27752F,Diamond Bots,FOSTER DUAL LANGUAGE PK-8,Colorado
2437,54,17,37,55422D,Rizzlers of Oz,Sacred Heart Catholic School,Minnesota
2438,54,9,45,59421B,Tiger Byte,London Elementary School,Arkansas
2439,54,9,45,26094A,Panda Bots,PS 94 DAVID D PORTER,New York-South
2440,54,9,45,63122E,Thrivin' Drivin',WESTCHESTER ELEMENTARY SCHOOL.,Missouri
2441,54,8,46,95613B,Peanut Butter and Jellysaurus,CARROLLTON ELEMENTARY SCHOOL,Ohio
2442,54,7,47,77124A,The Chocolate Waffles,WILLIAMS MAGNET ELEMENTARY SCHOOL. SCHOOL,Arkansas
2443,54,0,54,62298A,Eagle Builders,HARMONY SCIENCE ACADEMY - CEDAR PARK,Texas - Region 4
2444,54,2,52,39071C,The Queens,EAST FLORA ELEMENTARY,Mississippi
2445,54,6,48,87511A,Sponge Bob Gear Pants,ST STEPHEN ELEMENTARY SCHOOL,Pennsylvania - West
2446,54,2,52,35796A,Parkside Panthers,PARKSIDE ELEMENTARY SCHOOL,Florida - South
2447,54,0,54,43947C,Hilltop VIPs,HILLTOP ELEMENTARY SCHOOL,West Virginia
2448,54,0,54,1909B,CHESSTRONICS CHECKMATES,Chesstronics Academy (CODE-CREATE-CHECKMATE),Georgia
2449,54,0,54,46345A,Screaming Eagles- A,LORNE STREET ELEMENTARY,California - South
2450,54,0,54,40591C,Chicken Slicers,WOODBROOK ELEMENTARY SCHOOL,Indiana - Region 2 - Central
2451,54,0,54,4318D,Abbas Ibn Firnas,Creativity Private School - Bahrain,Bahrain
2452,54,0,54,82324A,Juggernaut,JuggernautTeam,Ontario
2453,54,0,54,28507C,COOKIES,Mt. Vernon Intermediate School,Indiana - Region 2 - Central
2454,54,0,54,6039F,Red Velvet Robotics,BrandywineBOTS Robotics,Delmarva
2455,54,0,54,87174A,SKITTLERS,LANCASTER CENTRAL SCHOOL,Indiana - Region 1 - North
2456,54,0,54,83977E,ECLA,East Coast Leadership Academy,New Brunswick/Nova Scotia/Prince Edward Island
2457,54,0,54,7686R,WORM Squad,Harrisburg Public School District,South Dakota
2458,54,0,54,68751F,Mean Beans,SAND SPRINGS SCHOOL,Utah
2459,53,35,18,16807B,RoarX,John B Monlux Elementary,California - South
2460,53,28,25,13316A,The BOWbotics,Bridge of Weir Primary School,United Kingdom
2461,53,17,36,49301C,Motor Rogues,ADA CHRISTIAN SCHOOL,Michigan
2462,53,18,35,15832B,VikingBots Red,Sacred Heart Elementary School,Indiana - Region 1 - North
2463,53,18,35,2060F,Can-culator Conductors,Oakestown Intermediate School,Michigan
2464,53,19,34,30919A,RoboYotes,Desert Sunset Elementary School,Arizona
2465,53,19,34,25202A,Robotic Bees 25202A,Andrews Heights Elementary School,West Virginia
2466,53,18,35,93601G,Deep Drive,Shore,Australia
2467,53,18,35,33596A,Sweet vs Spicy,HIGHLANDS ELEMENTARY SCHOOL,Colorado
2468,53,18,35,43524C,WCA Wildcat Robotics,WASHINGTON CHRISTIAN ACADEMY,Maryland
2469,53,18,35,6502A,Coeur d'Alene WISE Lab,Coeur d'Alene Ave Elementary ,California - South
2470,53,17,36,3705B,The Mythics,Crestline Elementary School,Alabama
2471,53,17,36,38677C,BeaverBots,ROBERT F HUNT ELEMENTARY SCHOOL,Texas - Region 2
2472,53,17,36,31186B,THE BILLION DOLLAR BURGERS,PIONEER SCHOOL,Utah
2473,53,2,51,32886A,Fellside Chili Sloths,Fellside Community Primary School,United Kingdom
2474,53,7,46,50298C,Cannon Beetles,Mapleton Elementary School,Ohio
2475,53,7,46,33596C,The King Bobs,HIGHLANDS ELEMENTARY SCHOOL,Colorado
2476,53,7,46,43277B,GearBots Builders,Gear Bots,Arizona
2477,53,7,46,33596B,Soda Bots,HIGHLANDS ELEMENTARY SCHOOL,Colorado
2478,53,7,46,25705A,Tech Wizards,EAST BEAUREGARD ELEMENTARY SCHOOL,Louisiana
2479,53,2,51,828A,X-treme Bots,LLOYD R FERGUSON ELEMENTARY SCHOOL,Texas - Region 3
2480,53,2,51,96000R,Tech Titans,The Mind Spark,Pennsylvania - East
2481,53,6,47,55353A,The Krazy Doughnuts,Kimball IQ Program,Minnesota
2482,53,7,46,29100A,LaitakarinPojat,Luvian Yhtenäiskoulu,Finland
2483,53,7,46,12214A,Conveyor Monster,ABRAHAM LINCOLN ELEMENTARY SCHOOL,Indiana - Region 2 - Central
2484,53,7,46,46016A,Code Crushers,Lanesville Community Schools,Indiana - Region 3 - South
2485,53,4,49,81510A,Jazz's Bot Squad Team A,Howard Norman Elementary School,Texas - Region 4
2486,53,6,47,1597Z,Z Engineers,Jackson County Homeschool Robotics,Indiana - Region 3 - South
2487,53,2,51,10981C,GCA Patriots,GRACE CHRISTIAN ACADEMY,Arizona
2488,53,4,49,73677D,Fire Foxes,ST SUSANNA SCHOOL,Indiana - Region 2 - Central
2489,53,0,53,11180D,Colts 4,KELLY MILL ELEMENTARY,Georgia
2490,53,0,53,44408F,CMS: The Birb Gang,SOUTH SIDE MIDDLE SCHOOL,Ohio
2491,53,2,51,5124A,Woodstone ES,WOODSTONE ELEMENTARY SCHOOL,Texas - Region 4
2492,53,2,51,74160D,Wipe Out,MAJESTIC SCHOOL,Utah
2493,53,0,53,48598M,East Cyborg Eagles,EAST ELEMENTARY SCHOOL,Tennessee
2494,53,0,53,279C,Trailblazers,Trailblazer Robotics Juniors,Georgia
2495,53,2,51,220U,Universe,Western Mechatronics,Alberta/Saskatchewan
2496,53,2,51,78036A,LT Blazers,Lincoln Trail Elementary School,Indiana - Region 3 - South
2497,53,2,51,78036B,Lincoln Trail Vex,Lincoln Trail Elementary School,Indiana - Region 3 - South
2498,53,2,51,3482C,Robo Rhinos,POINT HARMONY ELEMENTARY SCHOOL,West Virginia
2499,53,0,53,2062K,Jawatha Robo Force,JAWATHA Private School ,Saudi Arabia
2500,53,0,53,7711B,Boone Meadow,BOONE MEADOW,Indiana - Region 2 - Central
2501,53,0,53,16651A,Blazing Infernos,Oxford City Schools,Alabama
2502,53,0,53,794C,RobotiX Institute,RobotiX Insititute,Tennessee
2503,53,0,53,18114A,Parkview Mustache Marshmellows,PARKVIEW PRIMARY SCHOOL,Indiana - Region 3 - South
2504,53,0,53,10459S,The TEST Pilots,SKILES TEST ELEMENTARY SCHOOL,Indiana - Region 2 - Central
2505,53,0,53,36670A,Kesling Slicers- Black,KESLING INTERMEDIATE SCHOOL,Indiana - Region 1 - North
2506,53,0,53,17410A,K-Pop Robo Hunters,MONTGOMERY CATHOLIC PREPARATORY SCHOOL,Alabama
2507,53,0,53,50051A,Fox Hill Robotics- Robox,FOX HILL ELEMENTARY SCHOOL,Indiana - Region 2 - Central
2508,53,0,53,88872B,Circuit Breakers B,Washington Upper Elementary School,Indiana - Region 3 - South
2509,53,0,53,63165G,Blue Phantoms,KRAFT MEADOWS INTERMEDIATE SCHOOL,Michigan
2510,53,0,53,1604S,Supernova,NSU UNIVERSITY SCHOOL,Florida - South
2511,53,0,53,36670B,Kesling Slicers- Orange,KESLING INTERMEDIATE SCHOOL,Indiana - Region 1 - North
2512,53,0,53,41026A,NanoBots,SILVER CREEK ELEMENTARY SCHOOL,Indiana - Region 3 - South
2513,53,0,53,17121C,Ninja Cows,SUNBURST SCHOOL,Utah
2514,53,0,53,12007A,Van Buren A,VAN BUREN ELEMENTARY SCHOOL,Indiana - Region 2 - Central
2515,53,0,53,92M,VEXMEN: Mimic,Brandywine Robotics Inc,Pennsylvania - East
2516,53,0,53,2316W,Vortex 2.0,Hall Fletcher Elementary,North Carolina
2517,53,0,53,10723B,Tiger Bob,HARMONY SCIENCE ACADEMY - GARLAND,Texas - Region 5
2518,53,0,53,48222B,Cougarbots 2,SAND CREEK ELEMENTARY,Indiana - Region 2 - Central
2519,53,0,53,4426A,Inferno,Future Innovators of Vienna,Virginia
2520,52,28,24,69559A,Nancy Hanks Elementary 1,NANCY HANKS ELEMENTARY SCHOOL,Indiana - Region 3 - South
2521,52,19,33,96942A,Gaelscoil na Dúglaise 5A,Gaelscoil na Dúglaise,Ireland
2522,52,18,34,13017A,The Alphas,Hutto Elementary School,Texas - Region 4
2523,52,18,34,1463C,Koder Kings,Unfinished Maker Space,California - North
2524,52,17,35,67352F,Trojan Digamma,WEST MARSHALL MIDDLE SCHOOL,Iowa
2525,52,16,36,11227S,Strawberry Hill Team 1,Strawberry Hill National School,Ireland
2526,52,14,38,13056C,Disco Party Bots,Royalton Community Education,Minnesota
2527,52,11,41,7706T,Trailside Titans,Trailside Elementary,Indiana - Region 2 - Central
2528,52,11,41,19968D,H.O.B Vikings Robotics,H. O. Brittingham Elementary School,Delmarva
2529,52,0,52,96813A,St. Andrew's Robotics A,THE ST ANDREWS SCHOOLS,Hawaii
2530,52,9,43,53732A,Pokemon Masters,ALL NATIONS COMMUNITY SCHOOL,Texas - Region 3
2531,52,9,43,72934A,The Vexnerds 2.0,Scoil mhuire gan smal,Ireland
2532,52,4,48,402C,Uno Reverso,ST ROBERT BELLARMINE SCHOOL,Nebraska
2533,52,7,45,2305B,Titanium Bots,DON ROBERTS ELEMENTARY SCHOOL,Arkansas
2534,52,7,45,206C,Over Thinkers,Grandville Grand View Elementary School,Michigan
2535,52,7,45,19183A,Robot Crushers,Brantley School ,Alabama
2536,52,7,45,66775C,D' Rezonators,Seven Mile School,Arizona
2537,52,7,45,59813Y,Darth Taters,L F SMITH ELEMENTARY,Indiana - Region 3 - South
2538,52,7,45,98854F,Nictophobia,Bright Field Middle School,Arkansas
2539,52,0,52,33300D,Vicious Vipers,Minneola Charter School,Florida - North/Central
2540,52,0,52,36066D,Beta Bots,DANIEL PRATT ELEMENTARY SCHOOL,Alabama
2541,52,7,45,79094A,Clonaghadoo NS,Clonaghadoo NS,Ireland
2542,52,0,52,78273D,TechTitans Minions,PS/MS 124Q OSMOND A CHURCH,New York-South
2543,52,6,46,30077D,Dragonfruit Sandwiches,BILOXI UPPER ELEMENTARY,Mississippi
2544,52,4,48,23272B,The Dirt Blocks,Caston Robotics,Indiana - Region 1 - North
2545,52,2,50,13017C,The Cosmobots,HUTTO ELEMENTARY SCHOOL,Texas - Region 4
2546,52,0,52,2219C,Ascot Lion's Robotic Club C,Ascot Avenue Elementary School,California - South
2547,52,0,52,1165B,Discovery 1165B,DISCOVERY SCHOOL,Tennessee
2548,52,0,52,807G,GatorTech,DARWIN L GILMORE ELEMENTARY SCHOOL,Texas - Region 3
2549,52,0,52,45618C,BES C,Brookwood Elementary School ,Alabama
2550,52,0,52,57G,Pinecrest Robo-Pirates,Pinecrest Academy,Florida - South
2551,52,0,52,34160C,Crazy Bots,BRUMMITT ELEMENTARY SCHOOL,Indiana - Region 1 - North
2552,52,0,52,67823B,Infinity Winners,iCode Glen Ellyn,Illinois
2553,51,7,44,82106C,MegaMinds,St Charles Catholic Primary School,United Kingdom
2554,51,21,30,30610E,Vila-Stem 7,VILA-STEM,Spain
2555,51,17,34,3243C,JDB Robotics,Jennie D. Blake School,New Hampshire/Vermont
2556,51,17,34,54983A,Panther Bots: Ruby Wise Robotics,Ruby Wise Elementary School,Louisiana
2557,51,17,34,201A,Robotic Pups,Grandville South Elementary School,Michigan
2558,51,17,34,40614D,Robotics Magnets,International Academy of Cincinnati,Ohio
2559,51,17,34,37500W,Blue Blaze Bots,WINECOFF ELEMENTARY,North Carolina
2560,51,17,34,53065A,Super Colossal Cosmic Cereal Bowls,MT. STUART ELEMENTARY,Washington
2561,51,17,34,60113E,Emperor B - Bots,Grand View Elementary School,Colorado
2562,51,17,34,49979G,NewPal Lightening Heads,NEW PALESTINE INTERMEDIATE SCHOOL,Indiana - Region 2 - Central
2563,51,17,34,41370F,Turbo Snails,ERIE ELEMENTARY SCHOOL,Colorado
2564,51,17,34,5266C,SPL Robo Raptors,ST PETERS LUTHERAN SCHOOL,Indiana - Region 3 - South
2565,51,17,34,96000M,Tech Masters,The Mind Spark,Pennsylvania - East
2566,51,0,51,77360D,Bro Stasch,BAGLEY ELEMENTARY,Minnesota
2567,51,4,47,93601H,Mission Possible,Shore,Australia
2568,51,0,51,14540A,The ACES,Alum Creek Elementary School,West Virginia
2569,51,7,44,19589B,WarriorBots2,WOODLAN ELEMENTARY SCHOOL,Indiana - Region 1 - North
2570,51,7,44,2454B,WuSiChong(B),HKECA Wu Si Chong Memorial School,Hong Kong
2571,51,4,47,37712Y,Badgers,Bixby East,Oklahoma
2572,51,6,45,11086F,Cybercat Royal Fishies,SUMMIT SCHOOL OF AHWATUKEE,Arizona
2573,51,6,45,3214B,Southland AutoBots,SOUTHLAND ELEMENTARY,Minnesota
2574,51,6,45,14114C,FireBots,ST JOHN CATHOLIC SCHOOL,Arkansas
2575,51,6,45,27183Y,The Nebulas,Exponential Robotics,Utah
2576,51,4,47,75015A,Malanda State School team 1,Education Queensland,Australia
2577,51,0,51,53510S,Rocket Fuel Robotics,RIVERSIDE INTERMEDIATE,Indiana - Region 1 - North
2578,51,4,47,29544C,Falcon Force,CSA FODREA CAMPUS,Indiana - Region 3 - South
2579,51,0,51,12110A,Hokubots A,HOKULANI ELEMENTARY SCHOOL,Hawaii
2580,51,2,49,3708C,Shark Byte,Victoria Shanghai Academy,Hong Kong
2581,51,0,51,74285A,ATIS-ES,Atakamul international school,Kuwait
2582,51,0,51,96902E,ABE StarBots Team E,AMY BEVERLAND ELEMENTARY,Indiana - Region 2 - Central
2583,51,0,51,1920A,Cougar 'Bots,Rolling Robots Pasadena,California - South
2584,51,0,51,9933D,Cybot-Raptor,Cybot Robotics Academy,British Columbia (BC)
2585,51,0,51,18114D,Parkview Flying Pickles,Parkview Elementary School,Indiana - Region 3 - South
2586,51,0,51,11510B,Surferbots Team B,LIHIKAI ELEMENTARY SCHOOL,Hawaii
2587,51,0,51,828D,Titanium Tots,LLOYD R FERGUSON ELEMENTARY SCHOOL,Texas - Region 3
2588,51,0,51,40349A,Robos Locos,DYR,California - North
2589,51,0,51,68671B,Devil Ducks,DANVILLE ELEMENTARY SCHOOL,Ohio
2590,51,0,51,19333A,Dooish NS,Dooish NS,Ireland
2591,51,0,51,36699B,Breed St. Bearbots,BREED STREET STEM ELEMENTARY,California - South
2592,51,0,51,64006A,Crenshaw Elementary,CRENSHAW ELEMENTARY,Texas - Region 3
2593,51,0,51,88872C,Circuit Breakers C,Washington Upper Elementary School,Indiana - Region 3 - South
2594,51,0,51,45618B,BES B,Brookwood Elementary School ,Alabama
2595,51,0,51,84037F,The Fry Guys,H C BURTON SCHOOL,Utah
2596,51,0,51,84037B,The Tropical Kiwis,H C BURTON SCHOOL,Utah
2597,51,0,51,84037C,The Moffians,H C BURTON SCHOOL,Utah
2598,51,0,51,7811A,Leopards,Adarsha  Academy,Arizona
2599,51,0,51,84924D,Robo Knights,SHARON ELEMENTARY SCHOOL,Georgia
2600,51,0,51,81134J,Bionic Pandaz,VAUGHN NEXT CENTURY LEARNING CENTER,California - South
2601,51,0,51,50316E,"Dude, Where's My Bot?",COMMODORE JOHN ROGERS ELEMENTARY/MIDDLE,Maryland
2602,51,0,51,1443B,1443B,Jenison Robotics,Michigan
2603,51,0,51,67111A,Watervillians11,Waterville Valley Elementary School,New Hampshire/Vermont
2604,51,0,51,95133A,Team A,San Jose STEM,California - North
2605,51,0,51,6210V,HCS: V-Team,HERITAGE CHRISTIAN SCHOOL,Indiana - Region 2 - Central
2606,51,0,51,6403F,Fantastic Four,Brookside Intermediate School,Ohio
2607,51,0,51,45730D,The Gingerbread Men,Knowlton Elementary School,Utah
2608,51,0,51,77357H,Saja Boys,Muir School,Utah
2609,51,0,51,31413A,Mountainville Academy,Mountainville Academy,Utah
2610,51,0,51,38821D,Mix & Match Legends,EAST AMORY SCHOOL,Mississippi
2611,51,0,51,41476A,Diamond Robotics: NASA BOTS,Midland Trail Elementary School Diamond Robotics Team,West Virginia
2612,51,0,51,22255B,MCE Robotics,MILL CREEK EAST ELEMENTARY,Indiana - Region 2 - Central
2613,51,0,51,22255D,MCE Robotics,MILL CREEK EAST ELEMENTARY,Indiana - Region 2 - Central
2614,51,0,51,68132D,The Bots,ST MARGARET MARY SCHOOL,Nebraska
2615,51,0,51,384A,Robee 1,CREATIVE CITY PUBLIC CHARTER SCHOOL,Maryland
2616,51,0,51,68346Y,Gears,VIKING ELEMENTARY SCHOOL,North Dakota
2617,51,0,51,67563C,CyberColts C,JAMES B EADS ELEMENTARY SCHOOL,Indiana - Region 1 - North
2618,50,4,46,11515D,Smash Bros,WHITERIVER ELEMENTARY,Arizona
2619,50,20,30,18880A,MCYOS,AD & FD POHL Mrs Cheng Yam On School,Hong Kong
2620,50,18,32,82318Z,The RoBros,Homeschool,Alabama
2621,50,18,32,1838B,Raiders Robotics,ST JOHNS LUTHERAN SCHOOL,Indiana - Region 3 - South
2622,50,7,43,47721F,Fire Breathing Mega Minyons,PRINCETON INTERMEDIATE SCHOOL,Minnesota
2623,50,17,33,1975D,Electric Boltz,WESTWOOD ELEMENTARY SCHOOL,Arkansas
2624,50,14,36,837C,Crispy Croissants,Blaze Robotics Academy - Issaquah,Washington
2625,50,7,43,97320B,Top Hat Kids,LAVALETTE ELEMENTARY SCHOOL,West Virginia
2626,50,14,36,15034G,BadgerBOTS G,BINFORD ELEMENTARY SCHOOL,Indiana - Region 3 - South
2627,50,14,36,24399C,Dragon Robotics C,Eastwood Knolls International School,Texas - Region 1
2628,50,2,48,33278A,Park Eagles,PARK ELEMENTARY SCHOOL,Indiana - Region 1 - North
2629,50,9,41,5509Z,VHS Falcons,Valley Home Schoolers,Wisconsin
2630,50,7,43,41610B,Robo Jaws,Cultivate Homeschool,Michigan
2631,50,4,46,4295A,Team Robohawkes,HAWKES BLUFF ELEMENTARY SCHOOL,Florida - South
2632,50,4,46,15034E,BadgerBOTS E,BINFORD ELEMENTARY SCHOOL,Indiana - Region 3 - South
2633,50,6,44,19398B,Hillcrest B,HILLCREST ELEMENTARY SCHOOL,Alabama
2634,50,4,46,95849C,Wa-Nee: Pantherbots C,WaNee: Pantherbots,Indiana - Region 1 - North
2635,50,4,46,12510A,Dynamic Destroyers  ,Riot Robotics,North Carolina
2636,50,2,48,75135E,Geared Up Foxes,CADDO MILLS INTERMEDIATE,Texas - Region 2
2637,50,0,50,6039D,The Eyeballs,BrandywineBOTS Robotics,Delmarva
2638,50,4,46,30028B,30028B,SILVER CITY ELEMENTARY SCHOOL,Georgia
2639,50,4,46,68117J,Junk Jawas,St. John Paul II Academy,Nebraska
2640,50,2,48,16651D,Sour Limes,Oxford City Schools,Alabama
2641,50,2,48,16714B,Keiki Builders B,Kamehameha Schools Hawai'i Elementary,Hawaii
2642,50,2,48,16714A,Keiki Builders A,Kamehameha Schools Hawai'i Elementary,Hawaii
2643,50,2,48,15029D,The Smarties,WEST SMITHS STATION ELEMENTARY SCHOOL,Alabama
2644,50,0,50,70655A,Mississinewa Indians,NORTHVIEW ELEMENTARY SCHOOL,Indiana - Region 1 - North
2645,50,0,50,68751K,Mechanical Catastrophes,SAND SPRINGS SCHOOL,Utah
2646,50,0,50,34160E,ThunderHawks,BRUMMITT ELEMENTARY SCHOOL,Indiana - Region 1 - North
2647,50,0,50,15486B,King Krabs,VISTA SCHOOL,Utah
2648,50,0,50,53168U,XZL,XZL,South China
2649,50,0,50,2996X,What Robot,Bestcoder,New Zealand
2650,50,0,50,3707D,The Four Musketeers,CHEROKEE BEND ELEMENTARY SCHOOL,Alabama
2651,50,0,50,31574D,KNIGHT BOTS,Montgomery Catholic Preparatory School St. Bede Campus,Alabama
2652,49,0,49,90222D,Straley Roaring Robos,STRALEY ELEMENTARY SCHOOL,West Virginia
2653,49,14,35,59872C,Bobcats,BRYANT ELEMENTARY SCHOOL,Arkansas
2654,49,14,35,63122D,Dynomite,WESTCHESTER ELEMENTARY SCHOOL.,Missouri
2655,49,13,36,54501A,A.V.D. Robotics,MILLINGTON ELEMENTARY SCHOOL,New Jersey
2656,49,11,38,3333R,Fighting Irish R,Notre Dame Prep,Michigan
2657,49,4,45,6510B,Shrekbots,"Pymble Ladies College, Sydney, Australia",Australia
2658,49,7,42,2305A,Multiplexers,DON ROBERTS ELEMENTARY SCHOOL,Arkansas
2659,49,7,42,2425B,Clockwork Bananas,Roscomare Road Elementary,California - South
2660,49,0,49,2060J,Hyper Hybrid Pickle Snakes,Oakestown Intermediate School,Michigan
2661,49,4,45,97869D,SVMS Build a Tech,SOUTH VERMILLION MIDDLE SCHOOL,Indiana - Region 3 - South
2662,49,4,45,6884A,Angels,Timber Run Robotics,Indiana - Region 2 - Central
2663,49,4,45,1059A,CyberKnights Alpacas,KIMBERLIN ACAD FOR EXCEL,Texas - Region 5
2664,49,2,47,8310B,Eaglebots Blue,CROSSWIND ELEMENTARY SCHOOL,Tennessee
2665,49,2,47,94411B,Bobcat Robot Commanders B,Owens Elementary,California - South
2666,49,2,47,1469K,KSN,Khalsa School Newton,British Columbia (BC)
2667,49,2,47,45618D,Brookwood Cookers,Brookwood Elementary School,Alabama
2668,49,0,49,3018P,Pinkish Purple Pigs,Techna Pwn Robotics,Iowa
2669,49,0,49,10452H,Fithies,Haslett Robotics Club,Michigan
2670,49,0,49,1506W,Cyber Squirrels,Pact Charter School,Minnesota
2671,49,0,49,63190N,Krubots - The Hornets,Krubots.com,New Jersey
2672,49,0,49,20532B,Roaring Dragons,ESPERANZA MEDRANO ELEMENTARY SCHOOL,Texas - Region 2
2673,48,24,24,41370E,Sea Pickles,ERIE ELEMENTARY SCHOOL,Colorado
2674,48,7,41,57290B,HueNited,KILBY LABORATORY SCHOOL,Alabama
2675,48,20,28,46527A,Nitro Coders,NITRO ELEMENTARY SCHOOL,West Virginia
2676,48,18,30,66179A,Stealthy Ninjas,DYR,California - North
2677,48,17,31,5713C,Rock Spring Robotics,ROCK SPRING ELEMENTARY,Georgia
2678,48,18,30,2005C,Robotic Froggies,ALPINE ELEMENTARY SCHOOL,Colorado
2679,48,18,30,42165B,Ball Ground Robotics,BALL GROUND ELEMENTARY SCHOOL,Georgia
2680,48,2,46,40693N,Hurricane Pandas,Gillette College,Wyoming
2681,48,14,34,18799A,AnacondaBots,Montessori Science Academy,Indiana - Region 2 - Central
2682,48,11,37,29677A,TigerBots,Tartesso Elementary School,Arizona
2683,48,6,42,10981A,GCA Patriots,GRACE CHRISTIAN ACADEMY,Arizona
2684,48,8,40,43920J,Potterbots: The 5 Braincells,WESTGATE MIDDLE SCHOOL,Ohio
2685,48,7,41,77977Z,Froggy Squad,ASU PREPARATORY ACADEMY-POLYTECHNIC ELEMENTARY,Arizona
2686,48,7,41,114A,114A,KANESVILLE SCHOOL,Utah
2687,48,7,41,1972A,Lord of the Gears,HOLY FAMILY ST. MARYS SCHOOL,North Dakota
2688,48,7,41,10424E,The Exotics,CENTRAL ELEMENTARY SCHOOL,Colorado
2689,48,7,41,39144A,S.I.D.Z.VeloStackers,EVENING STAR ELEMENTARY SCHOOL,Arkansas
2690,48,7,41,74275D,Shiloh Shark Danger Robots,SHILOH POINT ELEMENTARY,Georgia
2691,48,7,41,19945A,Blitz Botz,CLAYTON (JOHN M.) ELEMENTARY SCHOOL,Delmarva
2692,48,6,42,233D,Thunder Boltz,WINNECONNE ELEMENTARY,Wisconsin
2693,48,4,44,17890B,The Epic Pretzels,Bishop Noland Episcopal Day School,Louisiana
2694,48,4,44,10452G,Bot Kings,Haslett Robotics Club,Michigan
2695,48,2,46,10277B,MacRobotics-Orange,Douglas Macarthur Elementary School,Indiana - Region 1 - North
2696,48,2,46,85036B,Glitching Glizzy,FALL RIVER ELEMENTARY SCHOOL,Colorado
2697,48,2,46,12022B,CAT-astrophic,HENRYVILLE ELEMENTARY SCHOOL,Indiana - Region 3 - South
2698,48,0,48,24944B,Robo Pueos,KEONEPOKO ELEMENTARY SCHOOL,Hawaii
2699,48,0,48,2594C,SBCPS,St. Bonaventure Catholic Primary School,Hong Kong
2700,48,0,48,11924C,SES Tech Knights,SOUTHWOOD ELEMENTARY SCHOOL,Indiana - Region 1 - North
2701,48,0,48,13989T,Cherry Tree Robotics,Cherry Tree Elementary School,Indiana - Region 2 - Central
2702,48,0,48,84636C,Pirate Robotics,PARKSIDE ELEMENTARY SCHOOL,Indiana - Region 3 - South
2703,48,0,48,7736B,Fire Bots,Jarman Elementary School,Oklahoma
2704,48,0,48,20204A,Flapjackers,Flapjackers,California - South
2705,48,0,48,20267C,NovaBots,The Beyond Coding,South Korea
2706,48,0,48,17023C,Eagle Edge,Happy Robot,Chinese Taipei
2707,48,0,48,3203J,Robolabs Janus,Robolabs San Jose,California - North
2708,48,0,48,37064C,Creekside Otter Robotics,CREEKSIDE ELEMENTARY SCHOOL,Tennessee
2709,48,0,48,57069S,Code Bots,Robotics of Vermillion,South Dakota
2710,48,0,48,13645Y,The Click,LAURA INGALLS WILDER,Texas - Region 3
2711,48,0,48,21454B,Potato Bots - Star View Team 2,STAR VIEW ELEMENTARY,California - South
2712,48,0,48,81134M,The Stariez,VAUGHN NEXT CENTURY LEARNING CENTER,California - South
2713,48,0,48,12832G,Granville Horde VEX,GRANVILLE ELEMENTARY SCHOOL,New York-North
2714,48,0,48,1566A,VEXPLORERS,VEXPLORERS,California - North
2715,48,0,48,15034A,BadgerBOTS A,BINFORD ELEMENTARY SCHOOL,Indiana - Region 3 - South
2716,48,0,48,3547A,Robosaurus,Technolgy First,Michigan
2717,48,0,48,3207Y,Emotional Damage,Diamond Bar Robotics,California - South
2718,48,0,48,27362A,SP 364,primary school,Poland
2719,48,0,48,96433E,Aluminum,ALL SAINTS ACADEMY-ST CLOUD CAMPUS,Minnesota
2720,47,17,30,41370C,Sea Dolphins,ERIE ELEMENTARY SCHOOL,Colorado
2721,47,17,30,47238C,The Paw Crew,P A  DISKIN ELEMENTARY SCHOOL,Nevada
2722,47,0,47,54602D,Alban - The Flames,ALBAN ELEMENTARY SCHOOL,West Virginia
2723,47,17,30,10638B,4to CDS (P. P. P.),Colegio del Sol,Paraguay
2724,47,17,30,60113A,Burrito Bomber B - Bots,Grand View Elementary School,Colorado
2725,47,17,30,90027F,Franklin Foxes F,FRANKLIN AVENUE ELEMENTARY,California - South
2726,47,12,35,98487B,Build A Bot,Good Elementary School,Texas - Region 5
2727,47,11,36,13397A,Tech Masters,Pitts School Road Elementary School,North Carolina
2728,47,10,37,28K,Karrot with a K,Robot Revolution,New Jersey
2729,47,10,37,7686A,Macrobots,Harrisburg Public School District,South Dakota
2730,47,10,37,44955B,Team Thunder Bots ,CENTERVILLE-ABINGTON ELEMENTARY SCHOOL SCHOOL,Indiana - Region 1 - North
2731,47,0,47,11450H,RMS Lions,RAVENSWOOD MIDDLE,California - North
2732,47,6,41,49466B,Tech Titans,CHEROKEE ELEMENTARY SCHOOL,Oklahoma
2733,47,7,40,4496S,St Tolas NS 2,St Tolas NS,Ireland
2734,47,6,41,37500B,Galaxy Grinders,Winecoff Elementary School,North Carolina
2735,47,6,41,87620C,MattBots,MATT ELEMENTARY SCHOOL,Georgia
2736,47,6,41,37500S,Magic Fairy Minions,Winecoff Elementary School,North Carolina
2737,47,6,41,51451B,The Steaming Robotic Bananas,SAWNEE ELEMENTARY SCHOOL,Georgia
2738,47,4,43,68046E,Cereal Isn’t Soup,St. Columbkille Catholic School,Nebraska
2739,47,2,45,860A,Rocket Bots,GARDENDALE ELEMENTARY SCHOOL,Alabama
2740,47,0,47,56445D,Bot Wheels,Pike County Schools - Center for Advanced Academics & Accelerated Learning,Alabama
2741,47,0,47,79530A,Teen TITANS,LAKESIDE ELEMENTARY SCHOOL,Arkansas
2742,47,0,47,83879A,IronWill Robotics,IronWill Robotics,California - North
2743,47,0,47,10457B,Firebots from Mansfield,Mansfield Elementary School,Georgia
2744,47,0,47,78336D,G3AR G1RLZ,"PINE CREST SCHOOL, Boca Raton Campus",Florida - South
2745,47,0,47,4888A,STEAM LONG I,STEAM,South China
2746,47,0,47,41026E,Falconbots,SILVER CREEK ELEMENTARY SCHOOL,Indiana - Region 3 - South
2747,47,0,47,2223G,CSNS Golden Gurlz,College Street Normal School,New Zealand
2748,47,0,47,1156C,The Reptiles,SAMUELS ELEMENTARY SCHOOL,Colorado
2749,47,0,47,50879B,North Side Bots,NORTH SIDE ELEMENTARY SCHOOL,Indiana - Region 1 - North
2750,47,0,47,45730A,Immortals,Knowlton Elementary School,Utah
2751,47,0,47,924C,Otter Robotics Team C,OVERALL CREEK ELEMENTARY,Tennessee
2752,47,0,47,10452M,The Axobotls,Haslett Robotics Club,Michigan
2753,47,0,47,3931C,Failing 4 Fun,CAMPTON ELEMENTARY SCHOOL,New Hampshire/Vermont
2754,47,0,47,95950B,Carl Jr,GJ Mann,New York-North
2755,47,0,47,9520A,Grizzly Giants,Maple Ave Elementary School,New York-North
2756,47,0,47,49856C,Bots-of-Glory,RAMON GARZA ELEMENTARY,California - South
2757,47,0,47,87758A,Eissler Robotics,Eissler Elementary,California - South
2758,47,0,47,838U,Ultra Instinct,Blaze Robotics Academy,Washington
2759,47,0,47,51172B,BattleCats B,LOST LAKE ELEMENTARY SCHOOL,Florida - North/Central
2760,47,0,47,36670D,Kesling Slicers robos,KESLING INTERMEDIATE SCHOOL,Indiana - Region 1 - North
2761,47,0,47,85407V,Banana Lathana Peeps,UINTAH SCHOOL,Utah
2762,47,0,47,22255A,MCE Robotics,MILL CREEK EAST ELEMENTARY,Indiana - Region 2 - Central
2763,46,20,26,78454Z,Vortex,STEAMwhiz - The STEM Learning Lab,New York-North
2764,46,18,28,63165S,Error 404 Name Not Found,KRAFT MEADOWS INTERMEDIATE SCHOOL,Michigan
2765,46,18,28,9224X,9224X,East Point ES,Texas - Region 1
2766,46,17,29,62298B,Almighty - Eagle,HARMONY SCIENCE ACADEMY - CEDAR PARK,Texas - Region 4
2767,46,11,35,67352E,Trojan Epsilon,WEST MARSHALL MIDDLE SCHOOL,Iowa
2768,46,11,35,7357B,MSE Team 2,MOUNTAIN SPRINGS ELEMENTARY SCHOOL SCHOOL,Arkansas
2769,46,10,36,233A,The Builders,WINNECONNE ELEMENTARY,Wisconsin
2770,46,0,46,49979F,NewPal Kitty Bots,NEW PALESTINE INTERMEDIATE SCHOOL,Indiana - Region 2 - Central
2771,46,9,37,72092A,Knockavilla NS,primary school,Ireland
2772,46,0,46,43350A,Prickly Pickles,EAST WASHINGTON MIDDLE SCHOOL,Indiana - Region 3 - South
2773,46,0,46,8128A,Mini Mice,LAMP Robotics Community Outreach,Alabama
2774,46,0,46,5117A,Windcrest  ULTRON,WINDCREST ELEMENTARY SCHOOL,Texas - Region 4
2775,46,7,39,4712B,Koalabots B,KENTWOOD ELEMENTARY,California - South
2776,46,6,40,10452D,Digital Dragons,Haslett Robotics Club,Michigan
2777,46,4,42,331B,Gummy Sharks,ROBERT WILLIS ELEMENTARY SCHOOL,Florida - North/Central
2778,46,2,44,20002C,The Good Dave,Mankato Community Education  Department,Minnesota
2779,46,0,46,80085Z,Jolly Giraffes,ORCHARD HILLS,California - South
2780,46,0,46,27775B,SilverTronics,SILVER PALMS ELEMENTARY SCHOOL,Florida - South
2781,46,0,46,4112G,Yin & Yang,ZANE GREY ELEMENTARY SCHOOL,Ohio
2782,46,2,44,14259A,Flying Bananas,ESTES PARK K-5 SCHOOL,Colorado
2783,46,2,44,91625F,The Dragonites,SANDROCK ELEMENTARY,Colorado
2784,46,0,46,13056D,Mechanical Mac&Cheese,Royalton Community Education,Minnesota
2785,46,0,46,90081A,Belt Sanders,HOLBROOK SCHOOL,Utah
2786,46,0,46,14140A,SMW Robotics 1,Stephen M. White Middle School and S.T.E.A.M. Magnet,California - South
2787,46,0,46,16781R,ZXLABO Shadow.ver,Ritsumeikan Primary School,Japan
2788,46,0,46,3931D,Newbies,CAMPTON ELEMENTARY SCHOOL,New Hampshire/Vermont
2789,46,0,46,98854H,A+(Rx4),Bright Field Middle School,Arkansas
2790,46,0,46,25595C,St Vinnies 3,St Vincent's Primary School,Australia
2791,46,0,46,24520A,Team Team,Team Team,British Columbia (BC)
2792,46,0,46,81120A,BUTSAN1,C.C.C. ButSan Primary School,Hong Kong
2793,46,0,46,85045B,STEAM Avengers,Steamup Academy,Florida - North/Central
2794,46,0,46,63180D,BCCC Junior (63180D),Blakes Crossing Christian College,Australia
2795,46,0,46,2479D,Mecha Gators,Rivercrest Christian College,Australia
2796,46,0,46,15888A,HTSPS A,獅子會何德心小學,Hong Kong
2797,46,0,46,92626A,RoboDucks - Orange,Maude B. Davis Elementary School,California - South
2798,46,0,46,46714B,Tiger Bots 2,BLUFFTON-HARRISON ELEMENTARY SCH,Indiana - Region 1 - North
2799,46,0,46,279F,Trailblazers,Trailblazer Robotics Juniors,Georgia
2800,46,0,46,17760M,Axolotles,Capitol City Robotics,District of Columbia
2801,46,0,46,11921A,Fiery Nuggets,SUGAR CREEK ELEMENTARY SCH,Indiana - Region 2 - Central
2802,46,0,46,22435A,Mighty Mac,St. Macartan's National School,Ireland
2803,46,0,46,44115A,Waverly Ember Wolves,Waverly Elementary School,Indiana - Region 2 - Central
2804,46,0,46,22442E,VEXHeads,HAYDEN R. LAWRENCE UPPER ELEMENTARY SCHOOL,Louisiana
2805,46,0,46,10459M,The TEST Pilots,Skiles Test Elementary School,Indiana - Region 2 - Central
2806,46,0,46,53732E,Fidgets,ALL NATIONS COMMUNITY SCHOOL,Texas - Region 3
2807,46,0,46,70347C,Blue Devils 3,Van Buren Elementary School,Indiana - Region 2 - Central
2808,46,0,46,45337B,Robocats B,John Simatovich Elementary School,Indiana - Region 1 - North
2809,46,0,46,697B,Sound Ninjas,Mars Hill Bible School Elementary,Alabama
2810,46,0,46,81124D,Pinedale D,PINEDALE ELEMENTARY SCHOOL,Alabama
2811,46,0,46,14159C,14159C,RED DUKE ELEMENTARY SCHOOL,Texas - Region 3
2812,46,0,46,45618E,BES E,Brookwood Elementary School,Alabama
2813,46,0,46,46250F,Allisonville Robotics Team 6,ALLISONVILLE ELEMENTARY SCHOOL,Indiana - Region 2 - Central
2814,46,0,46,10452A,Royal Robots,Haslett Robotics Club,Michigan
2815,46,0,46,5527H,Twisted Tech Cyclone Cyborgs,FLINT CULTURAL CENTER ACADEMY,Michigan
2816,46,0,46,26054A,TPS1,Taikoo Primary School,Hong Kong
2817,46,0,46,54515B,Victory Tigers2,VICTORY BOULEVARD ELEMENTARY,California - South
2818,46,0,46,63190B,Krubots - Purple Dragon,Krubots.com,New Jersey
2819,46,0,46,4303A,IKNS Coyotes,Ibn Khuldoon National School,Bahrain
2820,46,0,46,8800C,Backstreet Boys,Hudsonville Robotics - Alward ES,Michigan
2821,46,0,46,68792A,Riverside Robotics,Riverside Intermediate School,Indiana - Region 2 - Central
2822,46,0,46,5006A,Brainstorm Bots,Westminster School At Oak Mountain,Alabama
2823,46,0,46,60970A,Southport  Elementary,Southport Elementary School,Indiana - Region 2 - Central
2824,46,0,46,18189F,The Colts,Mt. Carmel Elementary School,Indiana - Region 3 - South
2825,46,0,46,31528C,Raider Gears,W D RICHARDS ELEMENTARY SCHOOL,Indiana - Region 3 - South
2826,46,0,46,97265A,West Clay WolfBots - Red,WEST CLAY ELEMENTARY SCHOOL,Indiana - Region 2 - Central
2827,46,0,46,36646C,Brooklyn STEM Cyberbot,Brooklyn STEM Academy,Indiana - Region 1 - North
2828,46,0,46,4621F,Brickmill Elementary,BRICK MILL ELEMENTARY SCHOOL,Delmarva
2829,46,0,46,30424C,Tech-Know Turtles,LITTLE TURTLE ELEMENTARY SCHOOL,Indiana - Region 1 - North
2830,46,0,46,6581C,Barkell's Il Grande Giro,BARKELL ELEMENTARY SCHOOL,Michigan
2831,46,0,46,20002A,PokéBots,Mankato Community Education & Recreation Department,Minnesota
2832,45,28,17,79865B,O'hana Bots,Private Team,California - North
2833,45,21,24,29224A,Quantam Quasars,Technic Education,India
2834,45,18,27,1886B,Concord Elementary Robotics,CONCORD ELEMENTARY SCHOOL,Alabama
2835,45,17,28,90948A,NP Yellow Jackets,NORTH POINTE ELEMENTARY,South Carolina
2836,45,17,28,2342A,Beethoven Bears,Beethoven Street Elementary School,California - South
2837,45,17,28,96813B,St. Andrew's Robotics B,THE ST ANDREWS SCHOOLS,Hawaii
2838,45,17,28,3333E,Dinonuggets,Notre Dame Prep,Michigan
2839,45,17,28,122A,122A,ONE HUNDRED TWENTY-SECOND STREET ELEMENTARY,California - South
2840,45,17,28,46345D,Screaming Eagles- D,LORNE STREET ELEMENTARY,California - South
2841,45,17,28,91148S,Team No Name,OUR LADY OF THE HOLY SOULS,Arkansas
2842,45,0,45,19800A,Raptors,BOULTON SCHOOL,Utah
2843,45,7,38,1125C,Tech Titans,Harrison Middle School,Arkansas
2844,45,9,36,1972C,Winter Cardinals,HOLY FAMILY ST. MARYS SCHOOL,North Dakota
2845,45,9,36,81510B,Jazz's Bot Squad B,Howard Norman Elementary School,Texas - Region 4
2846,45,9,36,19945C,Super Ducks,CLAYTON (JOHN M.) ELEMENTARY SCHOOL,Delmarva
2847,45,7,38,802D,brekkie-botz,HENRY BAUERSCHLAG ELEMENTARY SCHOOL,Texas - Region 3
2848,45,7,38,3708B,Tiger Sharks,Victoria Shanghai Academy,Hong Kong
2849,45,7,38,46950E,What's Up Bot,EASTSIDE ELEMENTARY SCHOOL,Arkansas
2850,45,7,38,21544E,Selma Brave Bots E,SELMA ELEMENTARY SCHOOL,Indiana - Region 1 - North
2851,45,4,41,12410B,Team Bubbles,HARMON MIDDLE SCHOOL,Ohio
2852,45,0,45,75007B,Blue Cheetahs- Rainwater Robotics,RAINWATER ELEMENTARY SCHOOL,Texas - Region 5
2853,45,7,38,4712A,Koalabots A,KENTWOOD ELEMENTARY,California - South
2854,45,7,38,2547D,SORA,Showa Elementary School,Japan
2855,45,4,41,8024B,Team 2,King david primary School/ Code inventorz,United Kingdom
2856,45,4,41,45218B,Genius Giraffes,Revolutionary Robotics,Utah
2857,45,4,41,331G,The Googley-Eyed Geckos,ROBERT WILLIS ELEMENTARY SCHOOL,Florida - North/Central
2858,45,2,43,44010H,The Hackers,WEDDINGTON HILLS ELEMENTARY,North Carolina
2859,45,0,45,16651E,LemmonHeadZZ,Oxford City Schools,Alabama
2860,45,0,45,90270A,Maywood Mustangs,Maywood Elementary School,California - South
2861,45,2,43,21124E,Ochoa Rockets,ELLEN OCHOA LEARNING CENTER,California - South
2862,45,2,43,94329D,The Silly Gooses,BOUNTIFUL SCHOOL,Utah
2863,45,0,45,202A,Electric Pickles,GRANDVILLE WEST ELEMENTARY SCHOOL,Michigan
2864,45,0,45,34160A,Thunder BoBots,BRUMMITT ELEMENTARY SCHOOL,Indiana - Region 1 - North
2865,45,0,45,31890C,Robo Huskies,Dr. Thomas L. Higdon Elementary School,Maryland
2866,45,0,45,11924S,SES Titanium Knights,SOUTHWOOD ELEMENTARY SCHOOL,Indiana - Region 1 - North
2867,45,0,45,99150V,Collegium Robotics: Victorious,COLLEGIUM CS,Pennsylvania - East
2868,45,0,45,5111A,The Olmos Code Masters,OLMOS ELEMENTARY SCHOOL,Texas - Region 4
2869,45,0,45,5133B,Stone Oak ES,STONE OAK ELEMENTARY SCHOOL,Texas - Region 4
2870,45,0,45,75194A,VEX IQ,PORTER RANCH COMMUNITY,California - South
2871,45,0,45,77360B,Swedish Fish,BAGLEY ELEMENTARY,Minnesota
2872,45,0,45,98600A,Halcombe Hornets,Hornets ,New Zealand
2873,45,0,45,11510A,Surferbots,LIHIKAI ELEMENTARY SCHOOL,Hawaii
2874,45,0,45,53415A,NORTH HILL 1,COLEGIO NORTH HILL,Mexico
2875,45,0,45,825B,Amazing Amethysts- Hall Elementary,WALTER HALL ELEMENTARY SCHOOL,Texas - Region 3
2876,45,0,45,56100B,St. Andrews 2,St Andrews School,Australia
2877,45,0,45,2223S,CSNS Girlz,College Street Normal School,New Zealand
2878,45,0,45,55163D,The Ravens,Harmony Public Schools - Harmony School of Science ,Texas - Region 4
2879,45,0,45,75135D,Geared Up Foxes,CADDO MILLS INTERMEDIATE,Texas - Region 2
2880,45,0,45,12653A,Robot Raptors Hope Elementary,HOPE ELEMENTARY SCHOOL,Indiana - Region 3 - South
2881,45,0,45,19901C,Cooley Tigers,T. S. COOLEY ELEMENTARY MAGNET SCHOOL,Louisiana
2882,45,0,45,36699C,Breed St. Engineers,BREED STREET STEM ELEMENTARY,California - South
2883,45,0,45,66893B,Golden Owl Bots,Sheridan Street Elementary School,California - South
2884,45,0,45,12220A,Astonauts,ST MARY CATHOLIC SCHOOL,Indiana - Region 1 - North
2885,45,0,45,54758A,A+ Mustangs Team A,ANDASOL AVENUE ELEMENTARY,California - South
2886,45,0,45,90240A,Robo-Grizzlies-SLAAA,GALLATIN ELEMENTARY,California - South
2887,45,0,45,30597H,Running Dragons,Korea International School Jeju,South Korea
2888,45,0,45,10459T,The TEST Pilots,SKILES TEST ELEMENTARY SCHOOL,Indiana - Region 2 - Central
2889,45,0,45,56019C,Flames of Fury,SHOALS CHRISTIAN SCHOOL,Alabama
2890,45,0,45,2014B,Demon Killer Bots,Sandpiper School,California - North
2891,45,0,45,79783C,Marvin Stallions,Marvin Elementary School,California - South
2892,45,0,45,64061G,GB-Kind,GREENBRIAR ELEMENTARY SCHOOL,Indiana - Region 2 - Central
2893,45,0,45,14675D,EES Black,EAST ELEMENTARY SCHOOL,Indiana - Region 2 - Central
2894,45,0,45,6403X,The Big 4,Brookside Intermediate School,Ohio
2895,45,0,45,58575B,Gear-rus,WC GRIGGS ELEMENTARY SCHOOL,Alabama
2896,45,0,45,12651A,Sendak Wild Things - Team A,Maurice Sendak Elementary & ACT Magnet Center,California - South
2897,45,0,45,14012D,VEXemplary,Pinecrest Lakes Academy,Florida - North/Central
2898,45,0,45,71667C,Robomasters,Brown Elementary School,Arkansas
2899,45,0,45,56048A,The Quetzal,BROWNSTOWN ELEMENTARY SCHOOL,Indiana - Region 3 - South
2900,45,0,45,25917A,Erskine All-Stars,Erskine Elememtary School,Indiana - Region 1 - North
2901,45,0,45,66689A,66889A,Ustar Los Altos,California - North
2902,45,0,45,49944A,Muharruq Youth Center,Muharraq Model Youth Center,Bahrain
2903,45,0,45,7362P,Drużyna 7362P,Szkoła Podstawowa nr 362 im. prof. T. Kotarbińskiego,Poland
2904,45,0,45,36670C,Kesling Slicers,KESLING INTERMEDIATE SCHOOL,Indiana - Region 1 - North
2905,45,0,45,68792F,Riverside Robotics,Riverside Intermediate School,Indiana - Region 2 - Central
2906,45,0,45,66461A,Cyber Frogz,Willard Elementary School,Indiana - Region 1 - North
2907,45,0,45,78546B,McK Bots B,MCKENNEY-HARRISON ELEMENTARY SCH,Indiana - Region 1 - North
2908,45,0,45,42354A,Southside VEX-stangs,SOUTHSIDE ELEMENTARY SCHOOL,Indiana - Region 3 - South
2909,45,0,45,27777A,Hawkbots,FRANK H HAMMOND ELEMENTARY SCHOOL,Indiana - Region 1 - North
2910,45,0,45,65967S,Redhawks Robotics,MERLE SIDENER GIFTED ACADEMY,Indiana - Region 2 - Central
2911,45,0,45,13655B,Twin Branch Tigers B,TWIN BRANCH ELEMENTARY SCHOOL,Indiana - Region 1 - North
2912,45,0,45,6039V,Team Awesomesauce,BrandywineBOTS Robotics,Delmarva
2913,45,0,45,55163B,TigerBotz,Harmony Public Schools - Harmony School of Science ,Texas - Region 4
2914,45,0,45,61026C,Twining Chimeras,NATHAN TWINING ELEMENTARY SCHOOL,North Dakota
2915,45,0,45,49628C,Dolphins 1,Gertrude Walker Elementary School,Kansas
2916,45,0,45,32290A,Robo Runners,RGCGISD,Texas - Region 6
2917,45,0,45,20532C,Roaring DragonZ,ESPERANZA MEDRANO ELEMENTARY SCHOOL,Texas - Region 2
2918,45,0,45,45730C,Evil Potato Chickens,KNOWLTON ELEMENTARY SCHOOL,Utah
2919,44,12,32,33278B,Eagles Robotics Team,Park Elementary School,Indiana - Region 1 - North
2920,44,9,35,96627B,Sharp Creek Gray Norsebot,SHARP CREEK ELEMENTARY SCHOOL,Indiana - Region 1 - North
2921,44,9,35,96627E,Sharp Creek SIlver Norsebots,SHARP CREEK ELEMENTARY SCHOOL,Indiana - Region 1 - North
2922,44,8,36,625D,The Demogorgons,MAPLEWOOD MIDDLE,Wisconsin
2923,44,8,36,2972B,Mighty Bots,BEAUREGARD ELEMENTARY SCHOOL,Alabama
2924,44,7,37,25984A,Hackers,HOLY TRINITY CATHOLIC SCHOOL,Indiana - Region 3 - South
2925,44,7,37,67052A,Challenger Alpha,CHALLENGER INTERMEDIATE SCHOOL,Kansas
2926,44,7,37,97320A,Kool Aid Kids,LAVALETTE ELEMENTARY SCHOOL,West Virginia
2927,44,0,44,90948B,NP Yellow Jackets,NORTH POINTE ELEMENTARY,South Carolina
2928,44,7,37,13017B,The Goobers,HUTTO ELEMENTARY SCHOOL,Texas - Region 4
2929,44,7,37,30134A,Coolanarney NS,Irish Primary School,Ireland
2930,44,7,37,41370A,Chaos Creators ,ERIE ELEMENTARY SCHOOL,Colorado
2931,44,7,37,98854K,Krazy Koalas,Bright Field Middle School,Arkansas
2932,44,6,38,10525J,Jazzy Jumping Jollybeans,FOREST GLEN ELEMENTARY SCHOOL,Indiana - Region 2 - Central
2933,44,6,38,58979C,Fantastic Four,TARA ELEMENTARY SCHOOL,Florida - North/Central
2934,44,6,38,99910M,The McDonald's Menu,FORTVILLE ELEMENTARY SCHOOL,Indiana - Region 2 - Central
2935,44,0,44,80085K,StarBots,ORCHARD HILLS,California - South
2936,44,0,44,2316G,The Architects,Hall Fletcher Elementary,North Carolina
2937,44,0,44,91910B,Cheetah Bots B,Chula Vista Hills Elementary School,California - South
2938,44,0,44,3770B,VEX-The-TREX Supreme,FORBUSS  ROBERT L ELEMENTARY SCHOOL,Nevada
2939,44,0,44,6750B,Cyber Dragons,Nano Ninja Inc,California - North
2940,44,0,44,19901B,Cooley Tigers,T. S. COOLEY ELEMENTARY MAGNET SCHOOL,Louisiana
2941,44,0,44,1945C,The Wibbly Wobblies,MINTO ELEMENTARY SCHOOL,North Dakota
2942,44,0,44,73331A,Motor Mouths,HYGIENE ELEMENTARY SCHOOL,Colorado
2943,44,0,44,442D,The Pizza,Lake Manatee K-8,Florida - North/Central
2944,44,0,44,3723F,Checkmate,Seoul Foreign School,South Korea
2945,44,0,44,41779A,Harrand Creek A,HARRAND CREEK ELEMENTARY SCHOOL,Alabama
2946,44,0,44,77082E,Summit Starbots E,SUMMIT ELEMENTARY SCHOOL,Indiana - Region 3 - South
2947,44,0,44,89500A,LaVille Lancer Robotics,Laville Elementary School,Indiana - Region 1 - North
2948,44,0,44,1597C,RIX,Jackson County Homeschool Robotics,Indiana - Region 3 - South
2949,44,0,44,49628B,Dolphins 3,Gertrude Walker Elementary School,Kansas
2950,44,0,44,97401B,Beaver Bots,BEAVER TECHNOLOGY CENTER,Texas - Region 5
2951,44,0,44,67067B,Robo Lions,Los Altos Elementary ,California - South
2952,44,0,44,67067A,Robo Lions,Los Altos Elementary ,California - South
2953,44,0,44,85734C,CRE Roborunners,CUMBERLAND ROAD ELEMENTARY SCHOOL,Indiana - Region 2 - Central
2954,44,0,44,66461C,World Champion Gamers,Willard Elementary School,Indiana - Region 1 - North
2955,44,0,44,91187B,Arlington Eagle Bots,ARLINGTON HEIGHTS ELEMENTARY SCH,Indiana - Region 3 - South
2956,43,7,36,670B,Black Thunder,DOHSCHOOL,Japan
2957,43,7,36,770C,Re-imagine Robotics Complete Rookies,Re-imagine Robotics,Georgia
2958,43,19,24,56721H,Cats and Dogs,RIVERSIDE CHRISTIAN SCHOOL,Minnesota
2959,43,7,36,4299D,CouGEARS - Bacon Pancakes,Ellis Middle School,Tennessee
2960,43,18,25,52654B,Destroyer’s Dragons,NORTHERN ELEMENTARY SCHOOL,Kentucky
2961,43,18,25,806A,FPE,FALCON PASS ELEMENTARY SCHOOL,Texas - Region 3
2962,43,13,30,3333N,Notre Damerators,Notre Dame Prep,Michigan
2963,43,7,36,10452B,Phoenix Force,Haslett Robotics Club,Michigan
2964,43,9,34,99150A,Collegium Robotics: Apollo Action,COLLEGIUM CS,Pennsylvania - East
2965,43,9,34,19945E,The Bulldogs,CLAYTON (JOHN M.) ELEMENTARY SCHOOL,Delmarva
2966,43,9,34,19945B,The Super Tsunamis,CLAYTON (JOHN M.) ELEMENTARY SCHOOL,Delmarva
2967,43,2,41,78573B,Robo Rangers,STAGECOACH ELEMENTARY SCHOOL,Arkansas
2968,43,7,36,46384B,The Royal Sequels,Ida Nason Aronica Elementary,Washington
2969,43,7,36,24944A,Robo Pueos,KEONEPOKO ELEMENTARY SCHOOL,Hawaii
2970,43,7,36,114D,Positive Picklebots,KANESVILLE SCHOOL,Utah
2971,43,7,36,19183F,The Robot Ragers,Brantley School ,Alabama
2972,43,7,36,12160C,CCI Mighty Mechanics,Cedar Crest Intermediate School,Indiana - Region 3 - South
2973,43,7,36,61026A,Twining Griffins,NATHAN TWINING ELEMENTARY SCHOOL,North Dakota
2974,43,7,36,6750C,Circuit Ninjas,Nano Ninja Inc,California - North
2975,43,7,36,89748C,ECS Engineering Eagles,EPSOM CENTRAL SCHOOL,New Hampshire/Vermont
2976,43,7,36,80124B,AVA,AVA Robotics,California - North
2977,43,7,36,56903A,Tokyo Drifters,TIMBERLINE PK-8,Colorado
2978,43,7,36,1447C,The Champs,AVON GROVE INTRMD SCH,Pennsylvania - East
2979,43,7,36,2410A,The Rapids,KEYSTONE ELEMENTARY SCHOOL SCH,Pennsylvania - West
2980,43,4,39,924A,Otter Robotics Team A,OVERALL CREEK ELEMENTARY,Tennessee
2981,43,2,41,5203P,Horse Power,Ola Elementary School,Georgia
2982,43,2,41,18347A,Trailblazer Blue,Discovery Elementary School,North Dakota
2983,43,2,41,4051E,Midway’s Team Techno,MIDWAY ELEMENTARY SCHOOL,Georgia
2984,43,2,41,84737A,The Titans,LAMAR ELEMENTARY SCHOOL,Texas - Region 5
2985,43,2,41,53062A,SISC CyberTech,Southville International School and Colleges,Philippines
2986,43,2,41,71711C,Indy 5,INDEPENDENCE ELEMENTARY,California - South
2987,43,2,41,46096M,Hitman 46096M,LOACHAPOKA ELEMENTARY SCHOOL,Alabama
2988,43,2,41,19183D,Bulldog Bots,Brantley School ,Alabama
2989,43,2,41,15034B,BadgerBOTS B,BINFORD ELEMENTARY SCHOOL,Indiana - Region 3 - South
2990,43,2,41,651C,The Chicken Nuggets,BRADEN RIVER ELEMENTARY SCHOOL,Florida - North/Central
2991,43,0,43,82419B,Sigma Squad,Beyond Code Academy,Thailand
2992,43,0,43,50853A,Robotic RAMS A,ORANGEWOOD CHRISTIAN SCHOOL,Florida - North/Central
2993,43,0,43,78808B,iCode Pearland Team B,iCode Pearland,Texas - Region 3
2994,43,0,43,4855B,Super Bees 4855 B,ERNEST BOWEN DESILVA ELEMENTARY SCHOOL,Hawaii
2995,43,0,43,29843S,Mighty Hummingbirds,PANORAMA CITY ELEMENTARY,California - South
2996,43,0,43,57638A,Rice,Rice Elementary School,California - South
2997,43,0,43,79129C,Unnamed winter island of Songdo,American STEM Prep Songdo,South Korea
2998,43,0,43,28240C,Crocodile Crushers,SOUTH SMITHS STATION ELEMENTARY SCHOOL,Alabama
2999,43,0,43,11875B,Bot Fathers,Blackford Intermediate School,Indiana - Region 1 - North
3000,43,0,43,13680A,Treasure Trackers,Pooles Mill Elementary,Georgia
3001,43,0,43,4916D,The Banana Chips,MARIPOSA ELEMENTARY,California - South
3002,43,0,43,290H,Hades 2.0,Orley Farm School,United Kingdom
3003,43,0,43,14012F,Vextravagant,PINECREST LAKES ACADEMY,Florida - North/Central
3004,43,0,43,38310B,6-7 Fluffy Hair Kids,NORTHLAKE ELEMENTARY SCHOOL,Texas - Region 5
3005,43,0,43,43350E,The Bionic Sharks,EAST WASHINGTON MIDDLE SCHOOL,Indiana - Region 3 - South
3006,43,0,43,94511A,Pittsboro Stack Attack,PITTSBORO ELEMENTARY SCHOOL,Indiana - Region 2 - Central
3007,43,0,43,46706B,Bell Bots,BELL INTERMEDIATE ACADEMY,Indiana - Region 2 - Central
3008,43,0,43,90547B,The Engineering Elves,Sacred Heart Grade School,West Virginia
3009,43,0,43,30424A,Tech-Know Turtles,LITTLE TURTLE ELEMENTARY SCHOOL,Indiana - Region 1 - North
3010,43,0,43,5203D,Horse Power 2,OLA ELEMENTARY SCHOOL,Georgia
3011,42,18,24,50529A,Tiger Bytes,Templeton Elementary,Indiana - Region 3 - South
3012,42,17,25,60360A,Time2Paintball,Heritage Elementary School,California - South
3013,42,7,35,16329C,Robotic Rockstarts,MARLAN J. WALKER ELEMENTARY,Nevada
3014,42,17,25,56721F,F Force,RIVERSIDE CHRISTIAN SCHOOL,Minnesota
3015,42,14,28,14259C,Double C E's,ESTES PARK K-5 SCHOOL,Colorado
3016,42,9,33,86273D,The Tiitled,Carpenter Community Charter,California - South
3017,42,7,35,3971A,Smart Stingrays,WASATCH SCHOOL,Utah
3018,42,7,35,28918B,Solon Solvers,SOLON ROBINSON ELEMENTARY SCHOOL,Indiana - Region 1 - North
3019,42,7,35,59872A,LightningZ,BRYANT ELEMENTARY SCHOOL,Arkansas
3020,42,7,35,83000X,Team BISP,"British international School Phuket,",Thailand
3021,42,7,35,65950C,Spectacular Spuds,Coast 2 Coast Robotics,New York-South
3022,42,7,35,30170C,Megabots,Mountain View Elementary School,Hawaii
3023,42,7,35,42000F,Sussy Duckies,Wren Robotics,Utah
3024,42,6,36,77124B,Ctrl+Alt+Defeat,WILLIAMS MAGNET ELEMENTARY SCHOOL. SCHOOL,Arkansas
3025,42,7,35,828E,The Skywalkers Strike Back,LLOYD R FERGUSON ELEMENTARY SCHOOL,Texas - Region 3
3026,42,7,35,20002D,Shark Attack,Mankato Community Education & Recreation Department,Minnesota
3027,42,7,35,33538A,Facefield N.S.,Facefield N.S.,Ireland
3028,42,7,35,77313A,Bandon primary,Bandon Primary,Ireland
3029,42,7,35,8024E,Team 5,King david primary School/ Code inventorz,United Kingdom
3030,42,7,35,25786B,RoBobz,PARKER ELEMENTARY SCHOOL,Florida - North/Central
3031,42,7,35,19183B,The Best Robotics,Brantley School ,Alabama
3032,42,7,35,5300A,5300A,HUDSONVILLE CHRISTIAN SCHOOL,Michigan
3033,42,6,36,43920D,Potterbots: The Magenta Potatoes,WESTGATE MIDDLE SCHOOL,Ohio
3034,42,6,36,3443C,The Four Amigos,Petal Elementary School,Mississippi
3035,42,2,40,44632H,Sugar Rush,LAKE ELEMENTARY SCHOOL,Ohio
3036,42,0,42,28669A,Party Puppies,CHAMBERLAIN ELEMENTARY SCHOOL,West Virginia
3037,42,6,36,6634A,TECHNO - CCS1,Chattanooga Christian School,Tennessee
3038,42,6,36,81510C,Jazz's Bot Squad C,Howard Norman Elementary School,Texas - Region 4
3039,42,6,36,88227A,The Galactics,GREENWOOD ELEMENTARY,Oklahoma
3040,42,4,38,58312D,Da Boys/Robotics,DESERT RIDGE,New Mexico
3041,42,4,38,12220C,Botzillas,ST MARY CATHOLIC SCHOOL,Indiana - Region 1 - North
3042,42,0,42,26231T,Star Tech,Hazelwood Elementary,Tennessee
3043,42,2,40,84570B,The Ultimates,Out-of-Door Academy,Florida - North/Central
3044,42,1,41,392B,Indians,DAHLONEGAH PUBLIC SCHOOL,Oklahoma
3045,42,0,42,807D,Bombadillo Crocadillos,DARWIN L GILMORE ELEMENTARY SCHOOL,Texas - Region 3
3046,42,0,42,25057A,Team 4898,Bayou View Elementary School,Mississippi
3047,42,0,42,52111F,TBD,Investigator College,Australia
3048,42,0,42,48018C,Carnmore,Carnmore NS,Ireland
3049,42,0,42,2410B,The Gamblers,KEYSTONE ELEMENTARY SCHOOL SCH,Pennsylvania - West
3050,42,0,42,77977P,Gear Gang,ASU PREPARATORY ACADEMY-POLYTECHNIC ELEMENTARY,Arizona
3051,42,0,42,820C,Rainbow Pokemon,WEDGEWOOD ELEMENTARY SCHOOL,Texas - Region 3
3052,42,0,42,6885C,→RoboPlanet←,RoboPlanet Burnaby,British Columbia (BC)
3053,42,0,42,16894A,Dromore NS 1,Dromore NS,Ireland
3054,42,0,42,37129C,37129C ESE,ERMA SIEGEL ELEMENTARY,Tennessee
3055,42,0,42,13645X,Tech Titans,LAURA INGALLS WILDER,Texas - Region 3
3056,42,0,42,68505D,No Doubt We're Cookin',NIWOT ELEMENTARY SCHOOL,Colorado
3057,42,0,42,58508K,Flower Power,Blair-taylor Middle/high School,Wisconsin
3058,42,0,42,87174B,JOLLY RANCHERS,LANCASTER CENTRAL SCHOOL,Indiana - Region 1 - North
3059,42,0,42,478N,Elevate-478N,Elevate Tech,Washington
3060,42,0,42,64173D,W.I.R.E.D - Waterford School District,Waterford School District,Michigan
3061,42,0,42,839P,// Caution Tape //,Caution Tape Robotics ////,Ontario
3062,42,0,42,30517A,EIS Eagles - A,EDGEWOOD INTERMEDIATE SCHOOL,Indiana - Region 3 - South
3063,42,0,42,68792J,Riverside Robotics,Riverside Intermediate School,Indiana - Region 2 - Central
3064,42,0,42,36996X,Stitious Simulators,1x Robotics,Virginia
3065,41,21,20,31617B,Crusader Robotics,Cumberland Christian school,New Jersey
3066,41,17,24,54983B,Panther Bots: Ruby Wise Robotics,Ruby Wise Elementary School,Louisiana
3067,41,17,24,6632C,Robo Eagles,Prairie Ridge Elementary School,Colorado
3068,41,17,24,7686H,The Red Pandas,Harrisburg Public School District,South Dakota
3069,41,16,25,30610R,Robotech,VILA-STEM,Spain
3070,41,13,28,11450F,RMS Lions,RAVENSWOOD MIDDLE,California - North
3071,41,14,27,10545C,Ovens1,Ovens National School,Ireland
3072,41,13,28,233E,Hold On ... I'm Busy,WINNECONNE ELEMENTARY,Wisconsin
3073,41,7,34,28101F,Fearless Phoenixes,NORTH UNION ELEMENTARY SCHOOL,Ohio
3074,41,0,41,19929B,Dreambotics,CARTWRIGHT  ROBERTA C ELEMENTARY SCHOOL,Nevada
3075,41,7,34,46384F,The Dragon Botz,Ida Nason Aronica Elementary School,Washington
3076,41,7,34,17432E,Electrobots,CEDARVILLE ELEMENTARY SCHOOL,Indiana - Region 1 - North
3077,41,7,34,2370C,2370C,Jenison  Robotics,Michigan
3078,41,7,34,71554B,Robo Nerds,PRINCE OF PEACE LUTHERAN SCHOOL,Minnesota
3079,41,7,34,30597J,Spinning Dolphins,Korea International School Jeju,South Korea
3080,41,0,41,55909B,Boombots 3000,SACRED HEART SCHOOL,Minnesota
3081,41,7,34,14237B,Eelectrical Engineers,BULVERDE CREEK,Texas - Region 4
3082,41,7,34,19183E,Green Team,Brantley School ,Alabama
3083,41,7,34,651E,The Extraordinary Excaliburs,BRADEN RIVER ELEMENTARY SCHOOL,Florida - North/Central
3084,41,7,34,13650B,Legendary Velociraptors,MAPLEWOOD ELEMENTARY,Louisiana
3085,41,7,34,3723D,Cubed Conconuts,Seoul Foreign School,South Korea
3086,41,7,34,76921B,Circuit Shifters,ESMS Junior School,United Kingdom
3087,41,7,34,74850C,The Lightning Bolts,WALKER ELEMENTARY SCHOOL,Alabama
3088,41,7,34,49301D,Robo Gummy Bears,ADA CHRISTIAN SCHOOL,Michigan
3089,41,7,34,97401D,Beaver Bots,BEAVER TECHNOLOGY CENTER,Texas - Region 5
3090,41,4,37,114C,Peter Griffin,KANESVILLE SCHOOL,Utah
3091,41,0,41,41137B,Digital Dragons,Collierville Elementary School,Tennessee
3092,41,6,35,38677D,CryptoKnights,ROBERT F HUNT ELEMENTARY SCHOOL,Texas - Region 2
3093,41,6,35,84855K,Circuit Breakers,ST BARNABAS SCHOOL,Indiana - Region 2 - Central
3094,41,0,41,1270C,Robo Ninja Wolves,Wenatchee Valley Museum,Washington
3095,41,0,41,34202G,Cyber Shadow,GILBERT W MCNEAL ELEMENTARY SCHOOL,Florida - North/Central
3096,41,4,37,30028D,30028D,SILVER CITY ELEMENTARY SCHOOL,Georgia
3097,41,0,41,480A,RoboHippos-A,NADINE JOHNSON ELEMENTARY SCHOOL,Texas - Region 4
3098,41,0,41,54602E,The Alban Fire Breathers,ALBAN ELEMENTARY SCHOOL,West Virginia
3099,41,0,41,37500E,The Taco Nators,Winecoff Elementary School,North Carolina
3100,41,0,41,96433D,Money,ALL SAINTS ACADEMY-ST CLOUD CAMPUS,Minnesota
3101,41,0,41,37064A,Creekside Otter Robotics,CREEKSIDE ELEMENTARY SCHOOL,Tennessee
3102,41,0,41,48635A,Jerry Ross Rockets,Jerry Ross Elementary School,Indiana - Region 1 - North
3103,41,0,41,3243B,JDB Robotics,Jennie D. Blake School,New Hampshire/Vermont
3104,41,0,41,4514E,4514E Sharkies,Decatur High Ability Academy,Indiana - Region 2 - Central
3105,41,0,41,90240B,Robo-Grizzlies-BOB,GALLATIN ELEMENTARY,California - South
3106,41,0,41,19398D,Hillcrest D,HILLCREST ELEMENTARY SCHOOL,Alabama
3107,41,0,41,19813C,Ninja G.O.A.T.S.,EAGLE BAY SCHOOL,Utah
3108,41,0,41,46567B,东方红小队,武汉市硚口区东方红小学,Middle China
3109,41,0,41,2135B,2135B,太原森孚机器人,Middle China
3110,41,0,41,3477H,Genesis+,St Andrews Christian College,Australia
3111,41,0,41,4226B,Saint Stephen's College 2,Saint Stephen's College,Australia
3112,41,0,41,6696A,西安曲江康桥学校/西安市曲江第一学校,西安曲江康桥学校/西安市曲江第一学校,West China
3113,41,0,41,2223B,CSNS Beautiful Duckz,College Street Normal School,New Zealand
3114,41,0,41,5441A,Code-Commanders,Independent,California - North
3115,41,0,41,3522G,St. Ambrose,ST AMBROSE CATHOLIC SCHOOL,Indiana - Region 3 - South
3116,41,0,41,96433C,Raptors,ALL SAINTS ACADEMY-ST CLOUD CAMPUS,Minnesota
3117,41,0,41,70277A,Universe Robots,LEGACY ELEMENTARY SCHOOL,Colorado
3118,41,0,41,45194B,Galaxy1,W H COUNCIL TRADITIONAL SCHOOL,Alabama
3119,41,0,41,43058F,Apple Force,COLEGIO ISAAC NEWTON,Mexico
3120,41,0,41,46234D,Harney Robotics,HARNEY ELEMENTARY SCHOOL,Indiana - Region 2 - Central
3121,41,0,41,8976B,WRV Elementary,WHITE RIVER VALLEY ELEMENTARY SCH,Indiana - Region 3 - South
3122,41,0,41,8976D,WRV Elementary,WHITE RIVER VALLEY ELEMENTARY SCH,Indiana - Region 3 - South
3123,41,0,41,1920B,Meme Team,Rolling Robots Pasadena,California - South
3124,41,0,41,3919B,Sharks,The international School of Choueifat Dubai,United Arab Emirates
3125,41,0,41,77013B,Firedogs,"City of Riihimäki, Herajoen koulu",Finland
3126,41,0,41,34998J,KoçVexJr.,The Koç School,Türkiye
3127,41,0,41,85745A,The Water Team,SAMOSET ELEMENTARY SCHOOL,Florida - North/Central
3128,41,0,41,56279G,Green Bulldogs Robotics Team,Green Elementary School,Ohio
3129,41,0,41,77357J,The Screaming G.O.A.T.S.,Muir School,Utah
3130,41,0,41,8856B,Nuclear Nanobots,Hudsonville 5/6 Building,Michigan
3131,41,0,41,58945B,St. Mary's Turkeys,ST MARY'S EPISCOPAL SCHOOL,Tennessee
3132,41,0,41,6252A,Cyber Python,Cyber Python,Washington
3133,41,0,41,25674B,DA BOYZ,Fred J Hums Elementary School,Indiana - Region 1 - North
3134,41,0,41,81134P,The Tacos,VAUGHN NEXT CENTURY LEARNING CENTER,California - South
3135,41,0,41,10054D,THE TITANS ,East Elementary School,Alabama
3136,41,0,41,10054B,TECHNATION,East Elementary School,Alabama
3137,41,0,41,59365C,Robo Raptors,ST FRANCIS CATHOLIC SCHOOL,Minnesota
3138,41,0,41,9225C,Thunder Cats C,White Plains Elementary School,Alabama
3139,41,0,41,1214P,Alexandria RoboCubs,Alexandria Elementary School,Alabama
3140,41,0,41,46145A,St. Joseph Warriors,ST JOSEPH SCHOOL,Indiana - Region 1 - North
3141,41,0,41,6403B,Saja Bots,Brookside Intermediate School,Ohio
3142,41,0,41,1959B,TLS Colts,THE LEXINGTON SCHOOL,Kentucky
3143,41,0,41,50845C,Raptors,LEMONS MILL ELEMENTARY SCHOOL,Kentucky
3144,41,0,41,46777A,Grayson Gryphons,The Grayson School,Pennsylvania - East
3145,41,0,41,90547C,The Dungeoneers,Sacred Heart Grade School,West Virginia
3146,41,0,41,21025B,Winfield RoboCats: California Gurlz,WINFIELD ELEMENTARY SCHOOL,Indiana - Region 1 - North
3147,41,0,41,91240A,The Henning Robots,W. T. HENNING ELEMENTARY SCHOOL,Louisiana
3148,41,0,41,99412A,The Suns of Innovation,HORIZON ELEMENTARY SCHOOL,Indiana - Region 1 - North
3149,40,20,20,56721J,Rubber Robots,RIVERSIDE CHRISTIAN SCHOOL,Minnesota
3150,40,0,40,2410J,M & M's,KEYSTONE ELEMENTARY SCHOOL SCH,Pennsylvania - West
3151,40,0,40,61326A,Mighty Mustangs -Team A,Sixty-first Street Elementary School,California - South
3152,40,0,40,4850A,Liholiho Warriors,KING LIHOLIHO ELEMENTARY SCHOOL,Hawaii
3153,40,0,40,22884C,Koalabots C,WEISSER PARK ELEMENTARY SCHOOL,Indiana - Region 1 - North
3154,40,7,33,6822C,Eagletronic Force,SIXTY-SIXTH STREET ELEMENTARY,California - South
3155,40,6,34,39071A,Roaring Jags,EAST FLORA ELEMENTARY,Mississippi
3156,40,4,36,36022C,RoboRebels,PINE LEVEL ELEMENTARY SCHOOL,Alabama
3157,40,4,36,3482A,Tinker Tots,POINT HARMONY ELEMENTARY SCHOOL,West Virginia
3158,40,6,34,81011D,Vex Ninjas,RAAS Robotics,New Jersey
3159,40,4,36,16150A,MC-Mixin' Magness,MAGNESS CREEK ELEMENTARY,Arkansas
3160,40,4,36,33911C,McCaw's Flying Robotz 33911C,MCCAW  GORDON ELEMENTARY SCHOOL,Nevada
3161,40,4,36,67052B,Challenger Bravo,CHALLENGER INTERMEDIATE SCHOOL,Kansas
3162,40,4,36,432D,Flamin' Hot Cheetos,Valley Grove Elementary School,Pennsylvania - West
3163,40,4,36,75477S,WASTE,St John's Grammar School,Australia
3164,40,4,36,2060B,Robo Reapers,Oakestown Intermediate School,Michigan
3165,40,4,36,90317A,Bad Guys,HIGHLAND ELEMENTARY,Mississippi
3166,40,4,36,2076D,Sprocket Pocket,Knox Grammar School,Australia
3167,40,4,36,43489A,Trinity Red,TRINITY PRESBYTERIAN SCHOOL,Alabama
3168,40,4,36,22386C,SWEN,ROCORI Elementary Robotics Club,Minnesota
3169,40,2,38,6510P,It's a jam,"Pymble Ladies College, Sydney, Australia",Australia
3170,40,2,38,53510T,Rocket Fuel Robotics,RIVERSIDE INTERMEDIATE,Indiana - Region 1 - North
3171,40,2,38,16651C,Triple Chined Mangos,Oxford City Schools,Alabama
3172,40,0,40,42354B,Southside VEX-stangs,SOUTHSIDE ELEMENTARY SCHOOL,Indiana - Region 3 - South
3173,40,0,40,37909A,Chicken Bananas,WEST HILLS ELEMENTARY,Tennessee
3174,40,2,38,6822B,Ninja Eagles,SIXTY-SIXTH STREET ELEMENTARY,California - South
3175,40,2,38,12022F,Robo-Huskies,HENRYVILLE ELEMENTARY SCHOOL,Indiana - Region 3 - South
3176,40,2,38,13911A,Whiplash,Whiplash Robotics Team,Colorado
3177,40,2,38,95610A,Crimson Crushers,John & Olive Hinojosa Elementary,Texas - Region 6
3178,40,0,40,4430U,Unknowns,WEST HARDIN MIDDLE SCHOOL,Kentucky
3179,40,0,40,16781B,Rits VEXplorers,Ritsumeikan Primary School,Japan
3180,40,0,40,2237B,RUNYON-X,JOHN W RUNYON ELEMENTARY SCHOOL,Texas - Region 2
3181,40,0,40,7508D,Robo Chickens,WESTMORELAND MIDDLE SCHOOL,Tennessee
3182,40,0,40,5299B,Cyber-Nators,LARRY G SMITH ELEMENTARY SCHOOL,Texas - Region 2
3183,40,0,40,10243G,Great Girls,COAL MOUNTAIN ELEMENTARY SCHOOL,Georgia
3184,40,0,40,20002H,Electric Titans,Mankato Community Education & Recreation Department,Minnesota
3185,40,0,40,20735A,Creagh National School,Creagh National School,Ireland
3186,40,0,40,12110B,Hokubots B,HOKULANI ELEMENTARY SCHOOL,Hawaii
3187,40,0,40,860C,Rocket Bots,GARDENDALE ELEMENTARY SCHOOL,Alabama
3188,40,0,40,67293C,Cardinals C,OAK HILL ELEMENTARY SCHOOL,Indiana - Region 1 - North
3189,40,0,40,1270B,That's a lot of Cheese!,Wenatchee Valley Museum,Washington
3190,40,0,40,70347D,Blue Devils 4,Van Buren Elementary School,Indiana - Region 2 - Central
3191,40,0,40,8417B,Badger Bytes,LOUISA MAY ALCOTT ELEMENTARY,Washington
3192,40,0,40,442A,The Dominators,Lake Manatee K-8,Florida - North/Central
3193,40,0,40,88525A,The Green Machine,Greenland Community Primary School,United Kingdom
3194,40,0,40,43920B,Potterbots: The Green Goobers,WESTGATE MIDDLE SCHOOL,Ohio
3195,40,0,40,99349D,Los Bros,MORRIS SCHOTT ELEMENTARY,Washington
3196,40,0,40,48255A,Wilder 1,Wilder Elementary School,North Dakota
3197,40,0,40,76129A,Ridge Robots,Maple Ridge Elementary School,Indiana - Region 2 - Central
3198,40,0,40,63363Z,Cookie Crunchers,Logansport Intermediate School,Indiana - Region 1 - North
3199,40,0,40,69433B,TechPaws,NORTON ELEMENTARY,Kentucky
3200,40,0,40,23272A,Cosmic Coders,Caston Robotics,Indiana - Region 1 - North
3201,40,0,40,91384B,WOWO'S ECA Eagles,ELKHART CHRISTIAN ACADEMY,Indiana - Region 1 - North
3202,40,0,40,48598A,East Cyborg Eagles,EAST ELEMENTARY SCHOOL,Tennessee
3203,40,0,40,31449B,Stormers,Red Barn Robotics,Indiana - Region 1 - North
3204,39,9,30,22386A,North Star,COLD SPRING ELEMENTARY,Minnesota
3205,39,4,35,2775S,Jackson Area Robotics : Spark Joy,Jackson Area Robotics,Tennessee
3206,39,4,35,67846M,Pivot Robotics,Great Plains MakerSpace - Pivot Robotics,Kansas
3207,39,9,30,1922E,Rising Dragons,ST JAMES SCHOOL,Connecticut
3208,39,9,30,94411C,Bobcat Robot Commanders C,Owens Elementary,California - South
3209,39,7,32,90248B,RSG Astroids,RIO SAN GABRIEL ELEMENTARY,California - South
3210,39,0,39,44632C,Fusion Force,LAKE ELEMENTARY SCHOOL,Ohio
3211,39,0,39,243G,StarTeam,FRONTIER SCHL OF INNOVATION-M,Missouri
3212,39,7,32,17760C,Team Gears,Capitol City Robotics,District of Columbia
3213,39,7,32,3321D,Robo-Pioneers D,Virginia Shuman Young Elementary School,Florida - South
3214,39,7,32,92492S,The Tanks,South Fork Elementary ,Idaho
3215,39,6,33,17121Z,Can I have a PleaZeburger CheeZe?,SUNBURST SCHOOL,Utah
3216,39,0,39,3707A,Why is that sparking?,CHEROKEE BEND ELEMENTARY SCHOOL,Alabama
3217,39,4,35,9210M,Bulldogs,ISD47 Sauk Rapids Elementary Schools - Hosted at Middle School,Minnesota
3218,39,2,37,58073A,The Coders,WASHINGTON ELEMENTARY SCHOOL,North Dakota
3219,39,0,39,10546J,STA Tigers 9,ST THOMAS AQUINAS SCHOOL,Indiana - Region 2 - Central
3220,39,4,35,11600B,Ge Robotics Club,Georgetown Elementary School,Delmarva
3221,39,4,35,8261A,South Bank Tyners,Bill Quay Primary School,United Kingdom
3222,39,4,35,54757B,The Buffalos,SEQUOYAH ELEMENTARY SCHOOL,Oklahoma
3223,39,4,35,10227W,The Wonderful Winning Woodchucks,The Potomac School,Virginia
3224,39,2,37,53510F,Rocket Fuel Robotics,RIVERSIDE INTERMEDIATE,Indiana - Region 1 - North
3225,39,2,37,3437D,FHES Onyx Flobots,FOREST HILLS SCHOOL,Alabama
3226,39,2,37,715D,CKS Robotics,Christ The King Catholic School,Indiana - Region 2 - Central
3227,39,0,39,53298A,Camross Black,Camross,Ireland
3228,39,0,39,76542C,Las Quesadillas,WALZEM ELEMENTARY SCHOOL,Texas - Region 4
3229,39,0,39,8485B,Knights Robotics,KENDALL CHRISTIAN SCHOOL,Florida - South
3230,39,0,39,49205A,MTV Eagles,MT. VERNON ELEMENTARY,California - South
3231,39,0,39,16481A,STMATTHEW-A,S.K.H. St. Matthew's Primary School,Hong Kong
3232,39,0,39,94511D,Pittsboro Late Night Snacks,PITTSBORO ELEMENTARY SCHOOL,Indiana - Region 2 - Central
3233,39,0,39,295N,Thinkers,Placer Robotics (PART),California - North
3234,39,0,39,11875D,Robo Titans,Blackford Intermediate School,Indiana - Region 1 - North
3235,39,0,39,99349A,Better Than Ever,MORRIS SCHOTT ELEMENTARY,Washington
3236,39,0,39,30077G,Great Green Grapes,BILOXI UPPER ELEMENTARY,Mississippi
3237,39,0,39,955A,King Bob,PINE CREST SCHOOL,Florida - South
3238,39,0,39,26692A,SLE Vikings,Scott Lake ELementary,Florida - South
3239,39,0,39,34237D,Billingsley Bears Robotics Team,BILLINGSLEY HIGH SCHOOL,Alabama
3240,39,0,39,68751D,The Oysters,SAND SPRINGS SCHOOL,Utah
3241,38,36,2,80088W,DFD-W,Dongfengdong Road Primary School,South China
3242,38,24,14,84029M,United Knights,The Knights' Success Lab,Colorado
3243,38,4,34,7706S,Steel Ninjas,Trailside Elementary,Indiana - Region 2 - Central
3244,38,19,19,34202D,Thunderbolts,GILBERT W MCNEAL ELEMENTARY SCHOOL,Florida - North/Central
3245,38,18,20,11450J,RMS Lions,RAVENSWOOD MIDDLE,California - North
3246,38,0,38,5017G,GA Brobotics Team,Greenwich Academy,Connecticut
3247,38,17,21,95196A,Team Triton,PASS ROAD ELEMENTARY SCHOOL,Mississippi
3248,38,17,21,93413F,Dr. Tiger,Glen Springs,Florida - North/Central
3249,38,17,21,20915U,Ochoa 4,Ellen Ochoa Elementary,Oklahoma
3250,38,2,36,2587X,DiscoBots - Xray,DiscoBots,Texas - Region 3
3251,38,4,34,14118A,Gear Up!,Davis Youth Robotics,California - North
3252,38,10,28,14114B,Daisy Dynamics,ST JOHN CATHOLIC SCHOOL,Arkansas
3253,38,7,31,74275E,Shiloh Shark Extreme Engineers,SHILOH POINT ELEMENTARY,Georgia
3254,38,6,32,39401C,RGB Bots,"Pine Belt Robotics Academy and Enrichment Center, LLC",Mississippi
3255,38,8,30,15034D,BadgerBots D,BINFORD ELEMENTARY SCHOOL,Indiana - Region 3 - South
3256,38,7,31,802E,Wild Strawberries,HENRY BAUERSCHLAG ELEMENTARY SCHOOL,Texas - Region 3
3257,38,0,38,9104A,Alberto & Celia Barrera Elementary,Alberto & Celia Barrera Elem. ,Texas - Region 6
3258,38,2,36,74628J,Doodle Bobs,THREE RIVERS SCHOOL,Illinois
3259,38,7,31,45806C,PantherBots,Euclid Avenue Elementary School,California - South
3260,38,7,31,36607A,36607 A,OLD SHELL ROAD MAGNET SCHOOL,Alabama
3261,38,0,38,53976D,Tara Oaks Tigerbots,TARA OAKS ELEMENTARY SCHOOL,Tennessee
3262,38,4,34,49019A,The Brainiacs,Camden Elementary School,Mississippi
3263,38,4,34,10981B,GCA Patriots,GRACE CHRISTIAN ACADEMY,Arizona
3264,38,2,36,51061D,Lakeroids Cherries on Top,LAKEWOOD ELEMENTARY SCHOOL,West Virginia
3265,38,4,34,10546G,STA Tigers 7,ST THOMAS AQUINAS SCHOOL,Indiana - Region 2 - Central
3266,38,0,38,7706E,Exploding Eagles,Trailside Elementary,Indiana - Region 2 - Central
3267,38,4,34,77017A,Haukansilmät,"City of Riihimäki, Pohjoinen koulu",Finland
3268,38,4,34,90222A,Straley Galloping Gears,Straley Elementary School,West Virginia
3269,38,4,34,2410G,Smarties,KEYSTONE ELEMENTARY SCHOOL SCH,Pennsylvania - West
3270,38,2,36,41406F,Beautiful Butterflies,TechWise Academy,Indiana - Region 1 - North
3271,38,2,36,44408J,CMS: Jawbreakers,SOUTH SIDE MIDDLE SCHOOL,Ohio
3272,38,2,36,16461S,Rumble,Mid-Buchanan R-V Elementary School,Missouri
3273,38,0,38,1177B,Ivalee GOATS,IVALEE ELEMENTARY SCHOOL,Alabama
3274,38,2,36,17151H,Stack Attack,KENNETH T BEAGLE  MIDDLE SCHOOL,Michigan
3275,38,0,38,93673N,ShamrockBot Shakers,LUDINGTON AREA CATHOLIC SCHOOL,Michigan
3276,38,0,38,12937B,LJS16,KCIS,South Korea
3277,38,2,36,13032W,Beaumont GNS,Beaumont GNS,Ireland
3278,38,2,36,10277C,MacRobotics <Blue>,DOUGLAS MACARTHUR ELEMENTARY SCHOOL SCHOOL,Indiana - Region 1 - North
3279,38,2,36,23315A,Jackets 1,Corner School,Alabama
3280,38,2,36,77015B,VEX Ranut,City of Riihimäki Patastenmäen koulu,Finland
3281,38,2,36,23418D,RED BISONS,RED BISONS,Japan
3282,38,2,36,81239C,Dragon Beasts,WINCHESTER VILLAGE ELEMENTARY,Indiana - Region 2 - Central
3283,38,2,36,76666E,MINECRAFT MAKER'S,"Aula Maker, Castellón",Spain
3284,38,0,38,98157A,Olive Grove Elementary School,Olive Grove Elementary School,California - North
3285,38,0,38,61167A,Cleveland Elementary,CLEVELAND ELEMENTARY SCHOOL,Indiana - Region 1 - North
3286,38,0,38,34160B,Sesame Street Boys,BRUMMITT ELEMENTARY SCHOOL,Indiana - Region 1 - North
3287,38,0,38,5585B,B,JENNIE BARKER ELEMENTARY SCHOOL,Kansas
3288,38,0,38,2730B,Flat Rock Tigers,FLAT ROCK ELEMENTARY,South Carolina
3289,38,0,38,60360C,Capybotics,Heritage Elementary School,California - South
3290,38,0,38,46038D,SLDM ES Robotics D,St Louis De Montfort Catholic School,Indiana - Region 2 - Central
3291,38,0,38,1177H,The Neighbors,IVALEE ELEMENTARY SCHOOL,Alabama
3292,38,0,38,56270C,Hackers,BEN FRANKLIN ELEMENTARY SCHOOL,North Dakota
3293,38,0,38,4396A,金融街教育培训中心,金融街教育培训中心,North China
3294,38,0,38,862A,MoonBots,Moon Robotics,New Zealand
3295,38,0,38,6145A,6145A,"Zhanlan road No.1 Primary School, Xicheng District, Beijing",North China
3296,38,0,38,1120E,Ten Ton Robotics,West Vancouver Schools,British Columbia (BC)
3297,38,0,38,6565Z,RoboPlanet,RoboPlanet Richmond 02,British Columbia (BC)
3298,38,0,38,62253A,Mighty Mustangs,HORACE MANN ELEMENTARY,California - South
3299,38,0,38,80491A,Mac & che-dohs,RED HAWK ELEMENTARY,Colorado
3300,38,0,38,44106D,The OG Builders,BEULAH ELEMENTARY SCHOOL,Alabama
3301,38,0,38,8757Z,STEAM-ED Robotics Z,STEAM-ED Robotics,New Zealand
3302,38,0,38,805A,Clear Lake City,CLEAR LAKE CITY ELEMENTARY SCHOOL,Texas - Region 3
3303,38,0,38,60171B,Ctrl Alt Elite,Code Ninjas Borehamwood,United Kingdom
3304,38,0,38,68792D,Riverside Robotics,Riverside Intermediate School,Indiana - Region 2 - Central
3305,38,0,38,810B,Goforth G.E.A.R.S.,ART AND PAT GOFORTH ELEMENTARY SCHOOL,Texas - Region 3
3306,38,0,38,3250M,Robo Mustangs,Harmony Science Academy Leander,Texas - Region 4
3307,38,0,38,12800Z,Presa Wildcats Team Z,PRESA ELEMENTARY SCHOOL,Texas - Region 1
3308,38,0,38,10452T,Fuzzy Robots,Haslett Robotics Club,Michigan
3309,38,0,38,520B,Immanuel Warriors,Immanuel Lutheran School,Indiana - Region 3 - South
3310,38,0,38,51404C,The Royal Tigers,St Andrew’s International School Bangkok,Thailand
3311,38,0,38,54758B,A+ Mustangs Team B,ANDASOL AVENUE ELEMENTARY,California - South
3312,38,0,38,9145B,BH Hawks,Arezou and Trissia,California - North
3313,38,0,38,22442B,Shining Engineers,HAYDEN R. LAWRENCE UPPER ELEMENTARY SCHOOL,Louisiana
3314,38,0,38,30597P,Jumping Pterodactyls,Korea International School Jeju,South Korea
3315,38,0,38,11875A,Mr Roboto,Blackford Intermediate School,Indiana - Region 1 - North
3316,38,0,38,80491E,Robotic Pancakes,RED HAWK ELEMENTARY,Colorado
3317,38,0,38,64173C,W.I.R.E.D - Elementary C,Waterford School District,Michigan
3318,38,0,38,18189D,Bengal Bots,Mt. Carmel Elementary School,Indiana - Region 3 - South
3319,38,0,38,3554D,Sunsetters,WACOOCHEE ELEMENTARY SCHOOL,Alabama
3320,38,0,38,91218A,Ballard Bots,BALLARD ELEMENTARY SCHOOL,Florida - North/Central
3321,38,0,38,95121B,Fantastic Four,Grand Meadow Public School,Minnesota
3322,38,0,38,32867A,LFSM Gear Bears,Los Feliz Science/tech/engineer/math/medicine Magnet,California - South
3323,38,0,38,34314G,Gortnamona  Gigas,Gortanmona National School,Ireland
3324,38,0,38,8068A,SPES ATOMS FAMILY A,STEM PREPARATORY ELEMENTARY,California - South
3325,38,0,38,77011D,Wolf,City of Riihimäki Eteläinen koulu,Finland
3326,38,0,38,2316A,Gear Girls,Hall Fletcher Elementary,North Carolina
3327,38,0,38,3437C,FHES Chromium Robofalcons,FOREST HILLS SCHOOL,Alabama
3328,38,0,38,84924B,Robo Knights,SHARON ELEMENTARY SCHOOL,Georgia
3329,38,0,38,98860A,Liberty Maroon,LIBERTY ELEMENTARY SCHOOL,Indiana - Region 1 - North
3330,38,0,38,6106K,SKH Yautong Kei Hin Primary School,S.K.H. Yautong Kei Hin Primary School.,Hong Kong
3331,38,0,38,13210B,TMGPS TEAM 2,Tuen Mun Government Primary School,Hong Kong
3332,38,0,38,1466G,Next Level Kidz »» Robotic Cyborgs,Next Level Kidz Inc.,South Carolina
3333,38,0,38,81556H,The Yogurt Parfaits,ANTELOPE SCHOOL,Utah
3334,38,0,38,4945C,Eaglebots: Gorilla Gears,GRAND RAPIDS CHRISTIAN,Michigan
3335,38,0,38,11111F,St. Bridget School 11111F,ST BRIDGET SCHOOL,Connecticut
3336,38,0,38,87511C,Codebusters,ST STEPHEN ELEMENTARY SCHOOL,Pennsylvania - West
3337,38,0,38,95462A,Soaring Eagles,JOELLA GOOD ELEMENTARY SCHOOL,Florida - South
3338,38,0,38,1112H,SCI Sharks - Gold,Sand Creek Intermediate School,Indiana - Region 2 - Central
3339,38,0,38,4430F,Forgotten,WEST HARDIN MIDDLE SCHOOL,Kentucky
3340,38,0,38,41219B,The Fantastic Four,NORTHSIDE ELEMENTARY SCHOOL,Arkansas
3341,38,0,38,15867A,Gooder Knights of Gary,PIONEER ELEMENTARY SCHOOL,Indiana - Region 1 - North
3342,38,0,38,44692A,McAuliffe 1,McAuliffe Elementary - Union Public Schools,Oklahoma
3343,38,0,38,85407S,Marshmello Maniacs,UINTAH SCHOOL,Utah
3344,38,0,38,90876A,Geist Elementary Team 1,GEIST ELEMENTARY SCHOOL,Indiana - Region 2 - Central
3345,38,0,38,93111D,Shambot IV,WESTFIELD INTERMEDIATE SCHOOL,Indiana - Region 2 - Central
3346,38,0,38,14540B,The Tigers,Alum Creek Elementary School,West Virginia
3347,38,0,38,32636B,The Dinobots,BATTELL ELEMENTARY SCHOOL,Indiana - Region 1 - North
3348,38,0,38,86289A,BEMORobotiX,Szkoła Podstawowa nr 341,Poland
3349,38,0,38,87511B,Elmo Riders,ST STEPHEN ELEMENTARY SCHOOL,Pennsylvania - West
3350,38,0,38,55865A,Malden Cubs,MALDEN ELEMENTARY SCHOOL,West Virginia
3351,38,0,38,54235C,Firebots,HOLLY HILL ELEMENTARY SCHOOL,Alabama
3352,38,0,38,15486G,BOB,VISTA SCHOOL,Utah
3353,37,21,16,5498D,HARES,ROBOCOD KH,Tunisia
3354,37,18,19,16326B,Marvelous Munroe Mustangs,MUNROE ELEMENTARY SCHOOL,Colorado
3355,37,14,23,29312D,The Purple Ones,HAMPTON HIGH SCHOOL,Nebraska
3356,37,0,37,19370B,Robo Rams Orange,Our Lady of Perpetual Help Catholic School,Tennessee
3357,37,9,28,3214F,Southland FarmBots,SOUTHLAND ELEMENTARY,Minnesota
3358,37,9,28,18990B,Mulkey B,MULKEY ELEMENTARY SCHOOL,Alabama
3359,37,9,28,22386Z,Microbe Obliterator,ROCORI Elementary Robotics Club,Minnesota
3360,37,7,30,45390B,Junior Cosmos,ebs Europäische Bildungsstiftung gGmbH,Germany
3361,37,7,30,930B,RoboHuskys,HEDENKAMP (ANNE AND WILLIAM) ELEMENTARY,California - South
3362,37,7,30,90244B,The Six Musketeers,GAULDIN (A.L.) ELEMENTARY,California - South
3363,37,7,30,11036E,Cheesy Chicken Wings,POWDERSVILLE ELEMENTARY,South Carolina
3364,37,7,30,34091D,Cabot Robotics Techno~Paws,CABOT MIDDLE SCHOOL NORTH,Arkansas
3365,37,2,35,31314D,The Littles,Whitehall Elementary & Middle School,Wisconsin
3366,37,7,30,90244A,Professor Chubbs,GAULDIN (A.L.) ELEMENTARY,California - South
3367,37,7,30,46016B,The Byte Bots,Lanesville Community Schools,Indiana - Region 3 - South
3368,37,7,30,2060M,Nuclear Sprinkles,Oakestown Intermediate School,Michigan
3369,37,7,30,7700P,Platypus,Rolling Robots STEM Partners,California - South
3370,37,7,30,295H,Confuzzled Bananas,Placer Robotics (PART),California - North
3371,37,7,30,6605B,Campbell Robotics,CAMPBELL ELEMENTARY SCHOOL,Texas - Region 3
3372,37,7,30,73507B,Les Cornichons,nooby.tech,Belgium
3373,37,7,30,9800A,Dishwasher,families,Washington
3374,37,7,30,99200R,Dog Squad,BLUFF RIDGE SCHOOL,Utah
3375,37,6,31,6510K,ERROR 404: TEAM NAME NOT FOUND,"Pymble Ladies College, Sydney, Australia",Australia
3376,37,6,31,2972A,Beauregard Beasts,BEAUREGARD ELEMENTARY SCHOOL,Alabama
3377,37,6,31,46281A,Pinewood,PINEWOOD ELEMENTARY SCHOOL,Indiana - Region 1 - North
3378,37,6,31,58073E,Cyber Truck,WASHINGTON ELEMENTARY SCHOOL,North Dakota
3379,37,0,37,2815C,South Cyber Bots,EICHOLDMERTZ SCHOOL OF MATH AND SCIENCE,Alabama
3380,37,2,35,91148W,The Bad Boys,OUR LADY OF THE HOLY SOULS,Arkansas
3381,37,4,33,39071B,Mighty Jaguars,EAST FLORA ELEMENTARY,Mississippi
3382,37,2,35,16863C,ASP Vex Noobs?,American STEM Prep,South Korea
3383,37,2,35,839U,// Caution Tape //,Caution Tape Robotics ////,Ontario
3384,37,2,35,16714C,Keiki Builders C,Kamehameha Schools Hawai'i Elementary,Hawaii
3385,37,2,35,30170B,MVES Vex,Mountain View Elementary School,Hawaii
3386,37,2,35,27921A,Prime Robotics Squad,Makati Integrated School,Philippines
3387,37,0,37,91362H,Frenchies Fries,Westchester Intermediate School,Indiana - Region 1 - North
3388,37,2,35,7500D,Bananas,David E Norman Elementary School,Nevada
3389,37,2,35,12022A,Robotic Princesses,HENRYVILLE ELEMENTARY SCHOOL,Indiana - Region 3 - South
3390,37,2,35,22278D,22278D,Fawn Hollow Elementary School,Connecticut
3391,37,2,35,1227A,PAWsome Cats!,BOLTON CENTER SCHOOL,Connecticut
3392,37,0,37,1195C,1195C,Jenison Robotics,Michigan
3393,37,0,37,1174A,Aikahi Dirt Diggers,Kaino LLC,Hawaii
3394,37,0,37,61326C,Mighty Mustangs -Team C,Sixty-first Street Elementary School,California - South
3395,37,0,37,74160C,Cup of Noodles,MAJESTIC SCHOOL,Utah
3396,37,0,37,4613D,Barker Orangebacks,Barker College,Australia
3397,37,0,37,46702A,Andrews Cardinals,ANDREWS ELEMENTARY SCHOOL,Indiana - Region 1 - North
3398,37,0,37,5797M,M-Vortex,Curious X-Lab,Chinese Taipei
3399,37,0,37,68671F,Otter Potters,DANVILLE ELEMENTARY SCHOOL,Ohio
3400,37,0,37,8310N,EagleBots Navy,CROSSWIND ELEMENTARY SCHOOL,Tennessee
3401,37,0,37,85287D,Les Crevettes,European School of Strasbourg,France
3402,37,0,37,57992A,The Roboterfly,"Sacred Heart Schools, Atherton",California - North
3403,37,0,37,95115A,Shanbally NS,Shanbally NS,Ireland
3404,37,0,37,40842G,Scoil Cholcmille Letterkenny 5th,Scoil Cholmcille,Ireland
3405,37,0,37,25808P,Lightning Key,Oberoi International School,India
3406,37,0,37,78036C,LT - 4th Grade,Lincoln Trail Elementary School,Indiana - Region 3 - South
3407,37,0,37,22442A,LSU Lemons,HAYDEN R. LAWRENCE UPPER ELEMENTARY SCHOOL,Louisiana
3408,37,0,37,14100A,14100A,MORGAN SCHOOL,Utah
3409,37,0,37,5280C,Best Guys,SOARING HEIGHTS PK-8,Colorado
3410,37,0,37,473C,Dragon Fire,FLAGSTAFF CHARTER ACADEMY,Colorado
3411,37,0,37,92707A,Monroe Botz,MONROE ELEMENTARY,California - South
3412,37,0,37,43612C,CHALLENGERS_THREE,CESAR CHAVEZ ELEMENTARY,California - South
3413,37,0,37,46665B,College Wood Team B,COLLEGE WOOD ELEMENTARY SCHOOL,Indiana - Region 2 - Central
3414,37,0,37,45708C,The Chill Dudes,Charles O Stones Intermediate Center,Kansas
3415,37,0,37,8856A,Robo Bananas,Hudsonville 5/6 Building,Michigan
3416,37,0,37,46227C,Cardinal Coders,SOUTHPORT 6TH GRADE ACADEMY,Indiana - Region 2 - Central
3417,37,0,37,44010E,Bionic Nuggies,WEDDINGTON HILLS ELEMENTARY,North Carolina
3418,37,0,37,98854M,The Driving Dragons,Bright Field Middle School,Arkansas
3419,37,0,37,6210E,HCS: Elite Eagles,HERITAGE CHRISTIAN SCHOOL,Indiana - Region 2 - Central
3420,37,0,37,41026B,Dreambots,SILVER CREEK ELEMENTARY SCHOOL,Indiana - Region 3 - South
3421,37,0,37,65837A,Wild Robots,W M IRVIN ELEMENTARY,North Carolina
3422,37,0,37,29690A,H.E.R.E. The Annihilators,HERITAGE ELEMENTARY,South Carolina
3423,37,0,37,94511E,Pittsboro Blitz Bots,Pittsboro Elementary School,Indiana - Region 2 - Central
3424,37,0,37,46880R,Robo Storm,Leap Hub Education,New Jersey
3425,36,18,18,60113C,Mad Stacker B - Bots,Grand View Elementary School,Colorado
3426,36,0,36,67052D,Challenger Delta,CHALLENGER INTERMEDIATE SCHOOL,Kansas
3427,36,18,18,81625T,Triple Stack,Ridgeview Robotics,Colorado
3428,36,18,18,19991E,The GOATS,Harvest Intermediate School,Wisconsin
3429,36,11,25,18990A,Mulkey A,MULKEY ELEMENTARY SCHOOL,Alabama
3430,36,9,27,61026F,Twining Goblins,NATHAN TWINING ELEMENTARY SCHOOL,North Dakota
3431,36,6,30,83203M,Autobots,OSCEOLA SCIENCE CHARTER SCHOOL,Florida - North/Central
3432,36,8,28,42968A,Team A,Bixby North,Oklahoma
3433,36,2,34,22443F,RoboRavens,BUCKEYE HIGH SCHOOL,Louisiana
3434,36,2,34,13056B,Dominators,Royalton Community Education,Minnesota
3435,36,0,36,63190C,Krubots - The Wave,Krubots.com,New Jersey
3436,36,4,32,74850A,Reba Buds,WALKER ELEMENTARY SCHOOL,Alabama
3437,36,6,30,15486F,HELICOPTER CREW,VISTA SCHOOL,Utah
3438,36,6,30,98487A,Programming Penguins,Good Elementary School,Texas - Region 5
3439,36,0,36,84091X,Smartie Pants,Bixby Central,Oklahoma
3440,36,2,34,9464C,Cowboy Robotics,HICKORY RIDGE ELEMENTARY,North Carolina
3441,36,6,30,11028E,NCSA Robotics (ES),Newton County STEAM Academy,Georgia
3442,36,6,30,90034A,Palms Robotics A,PALMS ELEMENTARY,California - South
3443,36,4,32,31061A,Rising Phoenix,Concordia International School Shanghai,East China
3444,36,4,32,3443D,Panthers,Petal Elementary School,Mississippi
3445,36,2,34,283A,DIS Bulldogs,DUNBAR INTERMEDIATE CENTER,West Virginia
3446,36,2,34,46836A,Robotic Wolves,SORRENTO ELEMENTARY,Florida - North/Central
3447,36,4,32,49979A,NewPal Water Boys,NEW PALESTINE INTERMEDIATE SCHOOL,Indiana - Region 2 - Central
3448,36,2,34,39548B,Robo Raptors,Hale Area Schools,Michigan
3449,36,4,32,99349B,Robot Attack!,MORRIS SCHOTT ELEMENTARY,Washington
3450,36,4,32,3326C,Transformers,RUE ELEMENTARY SCHOOL,Iowa
3451,36,4,32,836H,RoboBees H,growingSTEMS,Maryland
3452,36,4,32,16158A,BCS Quantum Robotics,Baltimore Chinese School,Maryland
3453,36,4,32,10050K,SPROCKETS,HERITAGE ELEMENTARY,Oklahoma
3454,36,2,34,2035D,Mix and Match Masters,JACKSON PREPARATORY SCHOOL,Mississippi
3455,36,2,34,16714Y,Keiki Builders Y,Kamehameha Schools Hawai'i Elementary,Hawaii
3456,36,2,34,93558Y,Y Knot,REEDS SPRING INTERMEDIATE,Missouri
3457,36,2,34,9210P,Mavericks,ISD47 Sauk Rapids Elementary Schools - Hosted at Middle School,Minnesota
3458,36,2,34,27336A,Triple D,Breens Intermediate School,New Zealand
3459,36,2,34,58575A,The Tech Turtles,WC GRIGGS ELEMENTARY SCHOOL,Alabama
3460,36,2,34,25552A,Robotic Huskies,HAW CREEK ELEMENTARY,Georgia
3461,36,0,36,43947B,Hilltop Baddies,HILLTOP ELEMENTARY SCHOOL,West Virginia
3462,36,0,36,34362F,Spare Parts,ST JOSEPH SCHOOL,Wisconsin
3463,36,2,34,8297B,The Shrocks,Holz Elementary School,West Virginia
3464,36,2,34,3770A,Code Champion,FORBUSS  ROBERT L ELEMENTARY SCHOOL,Nevada
3465,36,2,34,66775B,Young Warriors,Seven Mile School,Arizona
3466,36,2,34,66281A,The Roxborough Rebels,Scoil an Spioraid Naoimh,Ireland
3467,36,2,34,19183C,Robot Buddies,Brantley School ,Alabama
3468,36,2,34,90243A,Los 4 Ingenieros,CARPENTER (C. C.) ELEMENTARY,California - South
3469,36,2,34,11860B,The Bro Bots,BRENTWOOD ELEMENTARY SCHOOL,Indiana - Region 2 - Central
3470,36,0,36,1443A,1443A,Jenison Robotics,Michigan
3471,36,0,36,781E,Da Supa Novas,FREEDOM ELEMENTARY SCHOOL,Florida - North/Central
3472,36,0,36,3703B,The Handsome Shreks,Mountain Brook Machines-MBE,Alabama
3473,36,0,36,48635B,Jerry Ross Rockets,Jerry Ross Elementary School,Indiana - Region 1 - North
3474,36,0,36,66406C,Bailly C,BAILLY ELEMENTARY SCHOOL,Indiana - Region 1 - North
3475,36,0,36,37500A,Quantum Constructors,Winecoff Elementary School,North Carolina
3476,36,0,36,8310W,Eaglebots White,CROSSWIND ELEMENTARY SCHOOL,Tennessee
3477,36,0,36,25552E,Robotic Huskies,HAW CREEK ELEMENTARY,Georgia
3478,36,0,36,50905A,Camross Amber,Camross,Ireland
3479,36,0,36,84212K,The Baconaters,EAST HILLS MIDDLE SCHOOL,Arkansas
3480,36,0,36,4440C,Eaglebotics Crazy Capybaras,EAGLE CREST ELEMENTARY SCHOOL,Colorado
3481,36,0,36,77021F,Vex Kanat,City of Riihimäki Harjunrinteen koulu,Finland
3482,36,0,36,6033H,Harry Botter and the Mechanical Stone,Belmont Middle School,New Hampshire/Vermont
3483,36,0,36,59713A,Vexacuters,MERCER ELEMENTARY,West Virginia
3484,36,0,36,16461D,Jackrabbits,Mid-Buchanan R-V Elementary School,Missouri
3485,36,0,36,60667C,VEX Academy Tianjin Hope Team,VEX ROBOTICS ACADEMY(TIAN JIN),North China
3486,36,0,36,98420A,SISGLC1,SISGLC,South Korea
3487,36,0,36,54235B,HHE B,HOLLY HILL ELEMENTARY SCHOOL,Alabama
3488,36,0,36,41954T,Chez Lords,Create It! Factory,California - North
3489,36,0,36,15029B,Robot Pandas,WEST SMITHS STATION ELEMENTARY SCHOOL,Alabama
3490,36,0,36,12779F,Benitez HephTek,Francisco Benitez Elementary School - Main,Philippines
3491,36,0,36,39465B,Pi-oneers,Petal Upper Elementary School,Mississippi
3492,36,0,36,838W,Whiplash Watermelons,Blaze Robotics Academy,Washington
3493,36,0,36,53510R,Rocket Fuel Robotics,RIVERSIDE INTERMEDIATE,Indiana - Region 1 - North
3494,36,0,36,83643B,St. John Eagles,ST. JOHN ELEMENTARY SCHOOL,Louisiana
3495,36,0,36,9087D,PVS robotics club Delta ,Pioneer Village School,Australia
3496,36,0,36,39465C,Three Sapphires,Petal Upper Elementary School,Mississippi
3497,36,0,36,77360C,Firmware Flyers,BAGLEY ELEMENTARY,Minnesota
3498,36,0,36,8215A,Ka'ōhao Iwotics,Ka'ohao Iwotics,Hawaii
3499,36,0,36,822B,Whitcomb 822B,G H WHITCOMB ELEMENTARY SCHOOL,Texas - Region 3
3500,36,0,36,12556T,Timber Techs,TAYLOR WHITE ELEMENTARY SCHOOL,Alabama
3501,36,0,36,295G,Short Circuit,Placer Robotics (PART),California - North
3502,36,0,36,44698A,天靈一隊,聖公會天水圍靈愛小學,Hong Kong
3503,36,0,36,34196A,ABGPS1,Aldrich Bay Government Primary School,Hong Kong
3504,36,0,36,12653F,The After Burners Hope Elementary,HOPE ELEMENTARY SCHOOL,Indiana - Region 3 - South
3505,36,0,36,88816A,precious blood primary school,Precious Blood Primary School,Hong Kong
3506,36,0,36,88816B,precious blood primary school,Precious Blood Primary School,Hong Kong
3507,36,0,36,75476B,5 Rusty Gear's,Norwalk Catholic Elementary School,Ohio
3508,36,0,36,3580C,Stingbots Kabobs,SEMINOLE SCIENCE CHARTER SCHOOL,Florida - North/Central
3509,36,0,36,12653D,The Zooming Masterminds Hope Elementary,HOPE ELEMENTARY SCHOOL,Indiana - Region 3 - South
3510,36,0,36,67760G,Lightning Bots,Imagine Schools At South Lake,Florida - North/Central
3511,36,0,36,10972A,The Exterminators,INDIAN PEAKS ELEMENTARY SCHOOL,Colorado
3512,36,0,36,67760F,Coded Error,Imagine Schools At South Lake,Florida - North/Central
3513,36,0,36,13459C,Mechmasters,MONTCALM ELEMENTARY SCHOOL,West Virginia
3514,36,0,36,83920T,Islanders,Caribbean Robotics Academy ,Puerto Rico
3515,36,0,36,3657A,Mirror Lake Cyber Fins,MIRROR LAKE ELEMENTARY SCHOOL,Florida - South
3516,36,0,36,26516G,Gleneely National School,Gleneely National School,Ireland
3517,36,0,36,54037V,CIS RoboGrizzly 7,The Canadian International School Guangzhou,South China
3518,36,0,36,78682R,Dynamic Dolphin Bots 78682 R,DAVES CREEK ELEMENTARY SCHOOL,Georgia
3519,36,0,36,47220E,Robo Saints,LUTHERAN CENTRAL SCHOOL,Indiana - Region 3 - South
3520,36,0,36,95139F,EPE Team 6,Ellison Park School,Utah
3521,36,0,36,55040B,Alpha Bots,MONTESSORI SCHOOL OF MCLEAN,Virginia
3522,36,0,36,14159B,Team 2,RED DUKE ELEMENTARY SCHOOL,Texas - Region 3
3523,36,0,36,4514A,4514 A Optimus Prime Evil,MSD Decatur Township,Indiana - Region 2 - Central
3524,36,0,36,807B,Texas Bot,DARWIN L GILMORE ELEMENTARY SCHOOL,Texas - Region 3
3525,36,0,36,30146B,Bulldog Bots,BRYSON AVENUE ELEMENTARY,California - South
3526,36,0,36,96815A,Hughes Magnet Tigerbot,TERESA HUGHES ELEMENTARY,California - South
3527,36,0,36,6438C,Russell Robotics,RUSSELL ELEMENTARY,California - South
3528,36,0,36,50256D,Engineering Dolphins,Loreto Street Elementary School,California - South
3529,36,0,36,50256E,The Mighty Dolphins,Loreto Street Elementary School,California - South
3530,36,0,36,88310C,HHCA Riptide,HILTON HEAD CHRISTIAN ACADEMY,South Carolina
3531,36,0,36,10781C,Cyborg Squirrels,St Bernard School,Wisconsin
3532,36,0,36,87161W,The Wild Wolves,Wolfhill NS,Ireland
3533,36,0,36,16863S,ASP Swordfish,American STEM Prep,South Korea
3534,36,0,36,1260D,SAJA Girls,BLUE MOUNTAIN ELEMENTARY,Colorado
3535,36,0,36,14001D,Da GuMmY bEaRs,Weis,Texas - Region 3
3536,36,0,36,90081D,Otterbots,HOLBROOK SCHOOL,Utah
3537,36,0,36,45337A,Robocats,JOHN SIMATOVICH ELEMENTARY SCHOOL,Indiana - Region 1 - North
3538,36,0,36,10723A,Flaming Tigers,HARMONY SCIENCE ACADEMY - GARLAND,Texas - Region 5
3539,36,0,36,34543A,She Hath Found It Upon The Robot,345Robotics,Cayman Islands
3540,36,0,36,61000A,EPI GIRLS,Epitacio Huarte,Mexico
3541,36,0,36,71909A,ASK Robotics 1,American School of Kuwait,Kuwait
3542,36,0,36,87799A,Gurgle,Littlewood,Florida - North/Central
3543,36,0,36,15850B,Haskell STEAM Machine 2,HASKELL ELEMENTARY SCHOOL SCI TECH ENGR ARTS AND MATH (STEAM) MAGNET,California - South
3544,36,0,36,38495A,Fishburn Tigers,FISHBURN AVENUE ELEMENTARY,California - South
3545,36,0,36,41450A,Smyrna Wildcats,SMYRNA ELEMENTARY SCHOOL,Kentucky
3546,36,0,36,2316X,The Blazers,Hall Fletcher Elementary,North Carolina
3547,36,0,36,27638B,Rockcreek Tech Dogs B,ROCKCREEK ELEMENTARY SCHOOL,Indiana - Region 3 - South
3548,36,0,36,1804A,ARTBOTS A,Visual & Performing Art Magnet,Arkansas
3549,36,0,36,1354C,Vex Vikings,HERITAGE SCHOOL,Utah
3550,36,0,36,29582B,Cyber Sharks,CHAPARRAL ELEMENTARY SCHOOL,Arizona
3551,36,0,36,58247H,CMSS Robotics,Cabot Middle School South,Arkansas
3552,36,0,36,84037D,The Ice Breakers,H C BURTON SCHOOL,Utah
3553,36,0,36,70484X,Snotsterz,Independent Team,Virginia
3554,36,0,36,12022E,The Henryville Bananas,HENRYVILLE ELEMENTARY SCHOOL,Indiana - Region 3 - South
3555,36,0,36,76240A,Decepticons,GAINESVILLE INT,Texas - Region 5
3556,36,0,36,73507D,six-seven,nooby.tech,Belgium
3557,36,0,36,19706A,Technos,G D ROGERS GARDEN- BULLOCK ELEMENTARY,Florida - North/Central
3558,36,0,36,11036A,Robo Ducks,POWDERSVILLE ELEMENTARY,South Carolina
3559,36,0,36,520F,Immanuel Warriors,Immanuel Lutheran School,Indiana - Region 3 - South
3560,36,0,36,66461B,Mippy,Willard Elementary School,Indiana - Region 1 - North
3561,36,0,36,6651C,Popcorns,GATEWAY SCIENCE ACAD-SOUTH ELE,Missouri
3562,36,0,36,6440E,Guilford Gears E,GUILFORD ELEMENTARY,Indiana - Region 2 - Central
3563,36,0,36,12220B,Botzillas,ST MARY CATHOLIC SCHOOL,Indiana - Region 1 - North
3564,36,0,36,95100A,R2D2,GREENFIELD INTERMEDIATE SCHOOL,Indiana - Region 2 - Central
3565,36,0,36,10227T,The Spark Machine,The Potomac School,Virginia
3566,36,0,36,72514B,Flamers,W. W. Keysor Elementary.,Missouri
3567,36,0,36,42031A,Minions,Westwood Elementary School,Minnesota
3568,36,0,36,1990C,1990C,Jenison  Robotics,Michigan
3569,36,0,36,63165N,Smart Quantum Bots,KRAFT MEADOWS INTERMEDIATE SCHOOL,Michigan
3570,36,0,36,32884B,Eastern Robots,East Washington Elementary School,Indiana - Region 3 - South
3571,36,0,36,70543T,70543T,MARGARETTA ELEMENTARY SCHOOL,Ohio
3572,36,0,36,1094A,Academir Tiger Bots,ACADEMIR CHARTER SCHOOL PREPARATORY,Florida - South
3573,36,0,36,69455B,Bubble Bots,Coltrane-Webb STEM Elementary,North Carolina
3574,36,0,36,85407U,Monkey Builders,UINTAH SCHOOL,Utah
3575,36,0,36,27672C,Glenns Valley G.R.O.A.T.,GLENNS VALLEY ELEMENTARY SCHOOL,Indiana - Region 2 - Central
3576,36,0,36,88552A,Vex Hunters,Private,Virginia
3577,36,0,36,2465D,Red Robots,VALLEY VIEW SCHOOL,Utah
3578,36,0,36,17121R,Rapid Rattlesnakes,SUNBURST SCHOOL,Utah
3579,36,0,36,90948F,NP Yellow Jackets,NORTH POINTE ELEMENTARY,South Carolina
3580,36,0,36,13420B,KA - Beat Boxing Blueberries,Kennedy Primary Academy,Indiana - Region 1 - North
3581,36,0,36,4429S,Steak and Shake,CECILIA VALLEY ELEMENTARY SCHOOL,Kentucky
3582,36,0,36,5410B,The Hungry Robo Dragons,BENJAMIN DOC KERLEY ELEMENTARY SCHOOL,Texas - Region 4
3583,36,0,36,25674F,Hums Foxez,Fred J Hums Elementary School,Indiana - Region 1 - North
3584,36,0,36,83660B,Husky Bots,HORACE MANN ELEMENTARY,Indiana - Region 1 - North
3585,36,0,36,11865A,Tiger Bots 1,POSTON ROAD ELEMENTARY SCHOOL,Indiana - Region 2 - Central
3586,36,0,36,70484Y,Team of Wizards,Independent Team,Virginia
3587,36,0,36,23063C,CIS 6th Grade,CORYDON INTERMEDIATE SCHOOL,Indiana - Region 3 - South
3588,36,0,36,91240B,The Hurricane Robots,W. T. HENNING ELEMENTARY SCHOOL,Louisiana
3589,36,0,36,1407D,Gears N Bots,JENNIE WILSON ELEMENTARY SCHOOL,Kansas
3590,36,0,36,14584A,SP306,Szkoła Podstawowa nr 306 im. ks. Jan Twardowskiego,Poland
3591,36,0,36,49131E,The Donkeys,NORTH CLARION CO ELEMENTARY SCHOOL SCH,Pennsylvania - West
3592,35,18,17,40313A,BearBots,Eastwood Elementary School,West Virginia
3593,35,17,18,14102S,Swooping Swans,The Swan NS,Ireland
3594,35,7,28,46291A,Medusa,Earlsdon Primary School,United Kingdom
3595,35,10,25,4514F,The Viruses,Decatur High Ability Academy,Indiana - Region 2 - Central
3596,35,2,33,2490A,N.E.M.O.,"STEM Center of Excellence, Inc.",Maryland
3597,35,2,33,51717V,Unknowns,ROOSEVELT ELEMENTARY SCHOOL,Iowa
3598,35,9,26,162B,Fire Hawks,WEST HAVEN SCHOOL,Utah
3599,35,4,31,90317E,Doofensmirtz Evil Inc.,HIGHLAND ELEMENTARY,Mississippi
3600,35,0,35,15550B,FrostLine,E3 Robotics Center,Indiana - Region 1 - North
3601,35,0,35,9057D,The 7,SANCHEZ (DAVID J.) ELEMENTARY,California - South
3602,35,7,28,6510A,Pro-testers,"Pymble Ladies College, Sydney, Australia",Australia
3603,35,7,28,5303B,Cougar Bots B,Kester Avenue Elementary,California - South
3604,35,7,28,18516C,Lisnagry NS,Lisnagry N.S.,Ireland
3605,35,7,28,42498A,Marvel Mechanics,ESMS Junior School,United Kingdom
3606,35,7,28,88701C,OPS Robot 3,Oscar-Paret-Schule Freiberg am Neckar,Germany
3607,35,0,35,15034H,BadgerBOTS H,BINFORD ELEMENTARY SCHOOL,Indiana - Region 3 - South
3608,35,0,35,74899B,Lil Failures,Creekside School,Utah
3609,35,0,35,13655A,Twin Branch Tigers,TWIN BRANCH ELEMENTARY SCHOOL,Indiana - Region 1 - North
3610,35,0,35,46384D,The Royal Robots,Ida Nason Aronica Elementary,Washington
3611,35,0,35,65280B,The Bobston Builders,"St Catherine's School, Sydney",Australia
3612,35,0,35,10452X,Firehawks,Haslett Robotics Club,Michigan
3613,35,0,35,49979C,NewPal Sith Bots,NEW PALESTINE INTERMEDIATE SCHOOL,Indiana - Region 2 - Central
3614,35,0,35,97401A,Beaver Bots,BEAVER TECHNOLOGY CENTER,Texas - Region 5
3615,35,0,35,11860C,The Davey Gravys,BRENTWOOD ELEMENTARY SCHOOL,Indiana - Region 2 - Central
3616,35,0,35,3173B,Freeman Techno tigers,FREEMAN ELEMENTARY SCHOOL,Texas - Region 5
3617,35,2,33,84212Z,The Sour Patch Kidz,EAST HILLS MIDDLE SCHOOL,Arkansas
3618,35,0,35,11541D,Techbots,STAR ELEMENTARY SCHOOL,Michigan
3619,35,0,35,30077E,Electro-Softball Girls,BILOXI UPPER ELEMENTARY,Mississippi
3620,35,0,35,1419A,PCHES 1419 A,PEARL CITY HIGHLANDS SCHOOL,Hawaii
3621,35,0,35,85036D,Wild Robots,FALL RIVER ELEMENTARY SCHOOL,Colorado
3622,35,0,35,85484B,T3rmin@t0r'$ Ch!ld,OUR LADY OF SORROWS CATHOLIC SCHOOL,Alabama
3623,35,0,35,6537M,Middleton Jaguars 2,MIDDLETON STREET ELEMENTARY,California - South
3624,35,0,35,5311D,Robophins,APOPKA ELEMENTARY,Florida - North/Central
3625,35,0,35,81124B,Pinedale B,PINEDALE ELEMENTARY SCHOOL,Alabama
3626,35,0,35,860B,Rocket Bots,GARDENDALE ELEMENTARY SCHOOL,Alabama
3627,35,0,35,36695B,Lightning Bots,Dawes Intermediate School,Alabama
3628,35,0,35,1354F,Potatoes,HERITAGE SCHOOL,Utah
3629,35,0,35,37528A,The Saints,Wesley Christian Academy,Florida - North/Central
3630,35,0,35,90876B,Geist Elementary Team 2,GEIST ELEMENTARY SCHOOL,Indiana - Region 2 - Central
3631,35,0,35,4485F,TribeTech F,Danville Community Schools,Indiana - Region 2 - Central
3632,35,0,35,38970A,Spanishburg,SPANISHBURG,West Virginia
3633,35,0,35,13088A,13088A,石家庄-棒贝智学,North China
3634,35,0,35,7508C,Tadpole Tots,WESTMORELAND MIDDLE SCHOOL,Tennessee
3635,35,0,35,30597K,Dragon Builders,Korea International School Jeju,South Korea
3636,35,0,35,6750A,Lightning Leopards,Nano Ninja Inc,California - North
3637,35,0,35,24678Y,门前大桥下,西安国际港务区高新一中陆港小学,West China
3638,35,0,35,67760D,Cyber Tigers,Imagine Schools At South Lake,Florida - North/Central
3639,35,0,35,2909A,Robo Titans,NextGen RoboMinds,Georgia
3640,35,0,35,15029E,Bionic Bones,WEST SMITHS STATION ELEMENTARY SCHOOL,Alabama
3641,35,0,35,2223C,CSNS Amazebots,College Street Normal School,New Zealand
3642,35,0,35,8757V,STEAM-ED Robotics V,STEAM-ED Robotics Tauranga,New Zealand
3643,35,0,35,28325M,Minigators,American School of Asunción,Paraguay
3644,35,0,35,42277A,Varsity College 1,Education Queensland(Varsity College),Australia
3645,35,0,35,6088D,Storm Bots,EMMONS ELEMENTARY SCHOOL,Indiana - Region 1 - North
3646,35,0,35,820B,Golden BillyBots,WEDGEWOOD ELEMENTARY SCHOOL,Texas - Region 3
3647,35,0,35,819A,Starbots 1,JOHN F WARD ELEMENTARY SCHOOL,Texas - Region 3
3648,35,0,35,13221B,LMS RoboTeam B,Lei Muk Shue Catholic Primary School,Hong Kong
3649,35,0,35,473E,Blazin' Dragons,FLAGSTAFF CHARTER ACADEMY,Colorado
3650,35,0,35,708B,708 B,BUFFALO JONES ELEMENTARY SCHOOL,Kansas
3651,35,0,35,23023D,Galaxy Dinos,F.P. Tillman Elementary School,Missouri
3652,35,0,35,4227E,Tiny Pickles,QUEEN OF PEACE SCHOOL,Oregon
3653,35,0,35,25552F,Robotic Huskies,HAW CREEK ELEMENTARY,Georgia
3654,35,0,35,84636D,Pirate Robotics,PARKSIDE ELEMENTARY SCHOOL,Indiana - Region 3 - South
3655,35,0,35,12653E,The Hot Cheetos Hope Elementary,HOPE ELEMENTARY SCHOOL,Indiana - Region 3 - South
3656,35,0,35,290U,Universal X,Orley Farm School,United Kingdom
3657,35,0,35,13201B,Lochinver Spitfires,Lochinver House School,United Kingdom
3658,35,0,35,49406B,UTG Kitsilano,Under the GUI - Kitsilano,British Columbia (BC)
3659,35,0,35,40091A,Whitecastle Ladies,Scoil Naomh Fionán,Ireland
3660,35,0,35,54037H,Falcons,The Canadian International School Guangzhou,South China
3661,35,0,35,72661C,JGE Bulldogs,JEREMIAH GRAY ELEMENTARY SCHOOL,Indiana - Region 2 - Central
3662,35,0,35,43426C,Flashy Flamingos,Girl Scouts of Northern CA,California - North
3663,35,0,35,924B,Otter Robotics Team B,OVERALL CREEK ELEMENTARY,Tennessee
3664,35,0,35,6311B,Trojan Coders,NORTH STEWART ELEMENTARY,Tennessee
3665,35,0,35,8973B,Mustangs 2 Boys,LAS COLINAS ELEMENTARY SCHOOL,Texas - Region 5
3666,35,0,35,27948A,Lions Roar,LASALLE ELEMENTARY SCHOOL,Indiana - Region 1 - North
3667,35,0,35,11677A,JC Parks Blue Beetles!,J. C. Parks Elementary,Maryland
3668,35,0,35,62751A,Green Machines,GREEN TOWNSHIP ELEMENTARY SCHOOL,Indiana - Region 2 - Central
3669,35,0,35,90873B,KCES Team Dynamo,Kay Carl Elementary School,Nevada
3670,35,0,35,42000M,Mix and Match M&Ms,Wren Robotics,Utah
3671,35,0,35,40591D,Delicious Dinos,WOODBROOK ELEMENTARY SCHOOL,Indiana - Region 2 - Central
3672,35,0,35,7708U,Ultimate Dino-Chicken Nuggets,UNION ELEMENTARY SCHOOL,Indiana - Region 2 - Central
3673,35,0,35,34202B,Radioactive Spiders,GILBERT W MCNEAL ELEMENTARY SCHOOL,Florida - North/Central
3674,35,0,35,478K,Elevate-Ctrl Alt Elite,Elevate Tech,Washington
3675,35,0,35,3011B,Smartiez,Santa Maria Bonita School District,California - South
3676,35,0,35,3003A,Most Valuable Team,MVT Robotics,Washington
3677,35,0,35,32344B,Angel Bots,MARGUERITE POINDEXTER LAMOTTE ELEMENTARY,California - South
3678,35,0,35,14012C,Vexterminators,Pinecrest Lakes Academy,Florida - North/Central
3679,35,0,35,3554B,Bravo Tech,WACOOCHEE ELEMENTARY SCHOOL,Alabama
3680,35,0,35,56019B,Flames of Fury,SHOALS CHRISTIAN SCHOOL,Alabama
3681,35,0,35,2601C,Robo-Cats C,Watson Technology Center,Texas - Region 5
3682,35,0,35,41779B,Harrand Creek B,HARRAND CREEK ELEMENTARY SCHOOL,Alabama
3683,35,0,35,31314E,Team Air Strike,Whitehall Elementary & Middle School,Wisconsin
3684,35,0,35,43058E,Fuerza G,Colegio Isaac Newton,Mexico
3685,35,0,35,71909B,ASK Robotics 2,American School of Kuwait,Kuwait
3686,35,0,35,21040B,Eaglebots 2,HART STREET ELEMENTARY,California - South
3687,35,0,35,30949A,Ibn Rushd Robotics Team,(Ibn Roshd Jazan (girl,Saudi Arabia
3688,35,0,35,91945A,GCES GlenBotz 91945 - A,GLEN COVE ELEMENTARY SCHOOL,Texas - Region 1
3689,35,0,35,79924A,Desertaire Robotics,DESERTAIRE ELEMENTARY SCHOOL,Texas - Region 1
3690,35,0,35,91524G,North Star Patriots,NORTH STAR ELEMENTARY SCHOOL,Texas - Region 1
3691,35,0,35,87758C,Eissler Robotics,Eissler Elementary,California - South
3692,35,0,35,30517F,EIS Eagles - F,EDGEWOOD INTERMEDIATE SCHOOL,Indiana - Region 3 - South
3693,35,0,35,12651B,Sendak Wild Things - Team B,Maurice Sendak Elementary & ACT Magnet Center,California - South
3694,35,0,35,9989A,Gear Gals,CHALLENGER ELEMENTARY,Minnesota
3695,35,0,35,38028B,BC BOTS- Bernards,Briarcrest Christian School,Tennessee
3696,35,0,35,96613A,Crawford Robotics,CRAWFORD ELEMENTARY SCHOOL,Arkansas
3697,35,0,35,5585A,A,JENNIE BARKER ELEMENTARY SCHOOL,Kansas
3698,35,0,35,70347A,Blue Devils 1,VAN BUREN ELEMENTARY SCHOOL,Indiana - Region 2 - Central
3699,35,0,35,40591A,Angry Alpacas,WOODBROOK ELEMENTARY SCHOOL,Indiana - Region 2 - Central
3700,35,0,35,9210S,Blizzard,ISD47 Sauk Rapids Elementary Schools - Hosted at Middle School,Minnesota
3701,35,0,35,81556K,The Piggy Piggums,ANTELOPE SCHOOL,Utah
3702,35,0,35,5133A,Stone Oak ES,STONE OAK ELEMENTARY SCHOOL,Texas - Region 4
3703,35,0,35,46234M,Harney Robotics,HARNEY ELEMENTARY SCHOOL,Indiana - Region 2 - Central
3704,35,0,35,81556G,The Junkbots,ANTELOPE SCHOOL,Utah
3705,35,0,35,17151P,The Random 4th Graders,KENNETH T BEAGLE  MIDDLE SCHOOL,Michigan
3706,35,0,35,10227U,Under Construction,The Potomac School,Virginia
3707,35,0,35,3203A,Robolabs Apollo,Dublin Robotics Club,California - North
3708,35,0,35,70026B,Best Harry Potter Fans,FLINT SPRINGS ELEMENTARY,Indiana - Region 1 - North
3709,35,0,35,87174D,ATOMIC SOUR KIDS,LANCASTER CENTRAL SCHOOL,Indiana - Region 1 - North
3710,35,0,35,28101C,Craft Bots,NORTH UNION ELEMENTARY SCHOOL,Ohio
3711,35,0,35,1787E,Steve,FARR WEST SCHOOL,Utah
3712,35,0,35,44955F,Team NEKOW Robotics ,CENTERVILLE-ABINGTON ELEMENTARY SCHOOL SCHOOL,Indiana - Region 1 - North
3713,35,0,35,40614C,In-Tech Sparx,International Academy of Cincinnati,Ohio
3714,35,0,35,99412B,Horizon Bark Bots,HORIZON ELEMENTARY SCHOOL,Indiana - Region 1 - North
3715,35,0,35,10300E,Falconbot - Echo,ASHLAND ELEMENTARY,Virginia
3716,35,0,35,25971A,Sun Valley Elementary,SUN VALLEY ELEMENTARY SCHOOL,West Virginia
3717,35,0,35,95253A,New Middletown Robotic Rangers,New Middletown Elementary School,Indiana - Region 3 - South
3718,35,0,35,23023A,CWHS,F.P. Tillman Elementary School,Missouri
3719,35,0,35,14581H,Techno-Bots,Charlotte Public Schools,Michigan
3720,35,0,35,1260E,Artificial Grapes,BLUE MOUNTAIN ELEMENTARY,Colorado
3721,35,0,35,994R,Rizzlers,Future Sphere Syosset,New York-South
3722,34,18,16,5017E,the  brohimes (Jonas bros),GREENWICH ACADEMY,Connecticut
3723,34,17,17,51349A,Ford Bulldogs,Ford Boulevard Elementary School,California - South
3724,34,16,18,955E,Pink Smarties,PINE CREST SCHOOL,Florida - South
3725,34,14,20,32642D,Junior Knuckle Sandwiches,Norwalk Main Street School,Ohio
3726,34,13,21,11450K,RMS Lions,RAVENSWOOD MIDDLE,California - North
3727,34,0,34,44632F,The Flaming Computer Chips,LAKE ELEMENTARY SCHOOL,Ohio
3728,34,9,25,93939D,Cypher,"Shrewsbury International School, Riverside",Thailand
3729,34,7,27,24510A,Metal Fangs,BONHAM ELEMENTARY SCHOOL,Texas - Region 5
3730,34,7,27,15550A,FrostLine,E3 Robotics Center,Indiana - Region 1 - North
3731,34,0,34,6033A,Tech Titans,BMS Robotics,New Hampshire/Vermont
3732,34,0,34,40693R,Jurassic Sparks,Gillette College,Wyoming
3733,34,7,27,1227K,Diamond Divas,BOLTON CENTER SCHOOL,Connecticut
3734,34,7,27,5124B,Woodstone ES-B,WOODSTONE ELEMENTARY SCHOOL,Texas - Region 4
3735,34,7,27,5266E,SPL Spark Squad,ST PETERS LUTHERAN SCHOOL,Indiana - Region 3 - South
3736,34,6,28,84737B,The Sigma's,LAMAR ELEMENTARY SCHOOL,Texas - Region 5
3737,34,6,28,3333C,Squishmellows,Notre Dame Prep,Michigan
3738,34,4,30,70814B,Bubble Bots,Charles E. Boger Elementary,North Carolina
3739,34,4,30,2815B,Sparkling Tech Girls,EICHOLDMERTZ SCHOOL OF MATH AND SCIENCE,Alabama
3740,34,2,32,43920G,Potterbots: The Sour Patch Kids,WESTGATE MIDDLE SCHOOL,Ohio
3741,34,4,30,96707A,Kapolei Dolphins,KAPOLEI ELEMENTARY SCHOOL,Hawaii
3742,34,4,30,91625G,The Fire Dragons,SANDROCK ELEMENTARY,Colorado
3743,34,0,34,30597M,Screaming Capybaras,Korea International School Jeju,South Korea
3744,34,4,30,98881A,Pro-volution,Learning Media Education Centre,Singapore
3745,34,2,32,42165A,Ball Ground Robotics,BALL GROUND ELEMENTARY SCHOOL,Georgia
3746,34,0,34,15486K,DRAGON CREW,VISTA SCHOOL,Utah
3747,34,0,34,77147D,Robo Clankers,INTERNATIONAL STUDIES MAGNET,Arkansas
3748,34,0,34,91625C,The Storms,SANDROCK ELEMENTARY,Colorado
3749,34,0,34,67052C,Challenger Charlie,CHALLENGER INTERMEDIATE SCHOOL,Kansas
3750,34,2,32,18737E,Scoil Bhride Convoy,Scoil Bhride Convoy,Ireland
3751,34,2,32,72661B,JGE Bulldogs,JEREMIAH GRAY ELEMENTARY SCHOOL,Indiana - Region 2 - Central
3752,34,0,34,34091B,Cabot Robotics Techno~Paws,CABOT MIDDLE SCHOOL NORTH,Arkansas
3753,34,0,34,559C,RQ - Kalba 1,RQ Science & Technology - Kalba,United Arab Emirates
3754,34,0,34,88397N,Yellow Callipers,St Andrew's College,New Zealand
3755,34,0,34,64330G,Coding Chameleons,HOLY SPIRIT SCHOOL,Kentucky
3756,34,0,34,1596B,XYZ,USD 457 Plymell Elementary School,Kansas
3757,34,0,34,955F,Lil Timmies,PINE CREST SCHOOL,Florida - South
3758,34,0,34,18551A,Tigers 6..7,WALNUT PARK ELEMENTARY,California - South
3759,34,0,34,77357D,The Noodles,Muir School,Utah
3760,34,0,34,52026B,p525b,Rathdown Junior School,Ireland
3761,34,0,34,2601B,Robo-Cats B,Watson Technology Center,Texas - Region 5
3762,34,0,34,14888E,Epsilon Squad,X-Robots Edu,New Zealand
3763,34,0,34,54235D,HHE D,HOLLY HILL ELEMENTARY SCHOOL,Alabama
3764,34,0,34,1963D,Mad Scientists,The Donoho School,Alabama
3765,34,0,34,88700Y,TAPAXLAN 2,Academia STEM Tapachula,Mexico
3766,34,0,34,68132G,The Dancing Pickles,ST MARGARET MARY SCHOOL,Nebraska
3767,34,0,34,29010A,RSS 29010A,RSS,New Zealand
3768,34,0,34,84924A,Robo Knights,SHARON ELEMENTARY SCHOOL,Georgia
3769,34,0,34,12410D,Himothy Bots,HARMON MIDDLE SCHOOL,Ohio
3770,34,0,34,77730A,Risky Robots,HORIZON SCIENCE ACADEMY ELEMENTARY SCHOOL,Ohio
3771,34,0,34,45623A,LAZR,LAZR,California - North
3772,34,0,34,80600B,RoboTiger,Harmony Science Academy- Lubbock,Texas - Region 5
3773,34,0,34,92703G,92703G,Jefferson Elementary,California - South
3774,34,0,34,22445A,AAES Team 1,AUGUST AHRENS ELEMENTARY SCHOOL,Hawaii
3775,34,0,34,46714A,Tiger Bots,BLUFFTON-HARRISON ELEMENTARY SCH,Indiana - Region 1 - North
3776,34,0,34,49958B,The Cobras,HEALTH/WELLNESS ENVI MAGNET,Arkansas
3777,34,0,34,50316D,Five Guys,COMMODORE JOHN ROGERS ELEMENTARY/MIDDLE,Maryland
3778,34,0,34,98626B,Teammates trust me,iCoding爱编程金源,South China
3779,34,0,34,66799K,AST-onishing K,American School in Taichung,Chinese Taipei
3780,34,0,34,46714C,Tiger Bots 3,BLUFFTON-HARRISON ELEMENTARY SCH,Indiana - Region 1 - North
3781,34,0,34,12653C,King Cobras Hope Elementary,HOPE ELEMENTARY SCHOOL,Indiana - Region 3 - South
3782,34,0,34,50845B,Fred's GOATS,LEMONS MILL ELEMENTARY SCHOOL,Kentucky
3783,34,0,34,12653B,The Gear Grinders Hope Elementary,HOPE ELEMENTARY SCHOOL,Indiana - Region 3 - South
3784,34,0,34,76240D,Dino Nuggies,GAINESVILLE INT,Texas - Region 5
3785,34,0,34,28295B,The Robos,MOUNTAIN VALLEY ELEMENTARY SCHOOL,West Virginia
3786,34,0,34,46366K,NJSP Robotics,North Judson San Pierre Schools,Indiana - Region 1 - North
3787,34,0,34,78539E,Triton Elementary Robotics E,TRITON ELEMENTARY SCHOOL,Indiana - Region 1 - North
3788,34,0,34,41026D,Grinding Gears,SILVER CREEK ELEMENTARY SCHOOL,Indiana - Region 3 - South
3789,34,0,34,17401C,PCS RoboRacers,Presbyterian Christian School,Mississippi
3790,34,0,34,8400E,Pink Fluffy Dinsaurs,BUFFALO POINT SCHOOL,Utah
3791,34,0,34,70664B,TwisterBots2,E. K. KEY ELEMENTARY SCHOOL,Louisiana
3792,34,0,34,72661A,JGE Bulldogs,JEREMIAH GRAY ELEMENTARY SCHOOL,Indiana - Region 2 - Central
3793,34,0,34,6689A,BCSW A,HHCKLA Buddhist Chan Shi Wan Primary School,Hong Kong
3794,34,0,34,62751B,The Chiefs,GREEN TOWNSHIP ELEMENTARY SCHOOL,Indiana - Region 2 - Central
3795,34,0,34,70277B,Yellow Jacks,LEGACY ELEMENTARY SCHOOL,Colorado
3796,34,0,34,34678B,Los Roboticos-Gridle-Montanez Elementary B,GRIDLEY STREET ELEMENTARY,California - South
3797,34,0,34,27187T,Tampa Heights Robotics Team,Tampa Heights Elementary Magnet,Florida - North/Central
3798,34,0,34,93454B,The Blind Bandits,Bill Libbon Elementary School,California - South
3799,34,0,34,9057A,The 3.5 Musketeers,SANCHEZ (DAVID J.) ELEMENTARY,California - South
3800,34,0,34,19433A,ECRobotics,El Cerrito Elementary School,California - South
3801,34,0,34,44224A,Robo-Wizards A,MAIN STREET ELEMENTARY,California - South
3802,34,0,34,18641N,Zippy Robotics,Scoil Naomh Eoin,Ireland
3803,34,0,34,53336B,LEW Robotics,L E WILLSON ELEMENTARY SCHOOL,Alabama
3804,34,0,34,56903C,Scorpions,TIMBERLINE PK-8,Colorado
3805,34,0,34,2465B,Rizz-Bots,VALLEY VIEW SCHOOL,Utah
3806,34,0,34,8976C,WRV Elementary,WHITE RIVER VALLEY ELEMENTARY SCH,Indiana - Region 3 - South
3807,34,0,34,44106B,Beulah BOLTS,BEULAH ELEMENTARY SCHOOL,Alabama
3808,34,0,34,89308M,Baby Dragons,MOUNTAIN VIEW ELEMENTARY SCHOOL,Colorado
3809,34,0,34,5017D,Gators D,GREENWICH ACADEMY,Connecticut
3810,34,0,34,4227D,Creativity,QUEEN OF PEACE SCHOOL,Oregon
3811,34,0,34,7899B,Rolling Robots,Rolling Robots,California - South
3812,34,0,34,18067A,Fultondale Wildcats Robotics Club,Fultondale Elementary School,Alabama
3813,34,0,34,18963A,Misty Mountain,The Elementary School Attached to Shanghai Jiaotong University,East China
3814,34,0,34,46250D,Allisonville Robotics Team 4,ALLISONVILLE ELEMENTARY SCHOOL,Indiana - Region 2 - Central
3815,34,0,34,7200C,Cyber Lions,VIRGIL MILLS ELEMENTARY SCHOOL,Florida - North/Central
3816,34,0,34,977A,Robo Lions,LOMA TERRACE ELEMENTARY SCHOOL,Texas - Region 1
3817,34,0,34,15012B,All Star Robotics,OAKLAND HEIGHTS ELEMENTARY SCHOOL. SCHOOL,Arkansas
3818,34,0,34,54793A,CougarBots,Center Valley Elementary School,Arkansas
3819,34,0,34,29582C,Ghoster-bots,CHAPARRAL ELEMENTARY SCHOOL,Arizona
3820,34,0,34,12801A,Robosaders,VISTA HILLS ELEMENTARY SCHOOL,Texas - Region 1
3821,34,0,34,76700A,Warrior Cry Robotics Team A,NEWPORT GRAMMAR SCHOOL,Tennessee
3822,34,0,34,76164B,Fairview Wildcats,Fairview Elementary School,Indiana - Region 3 - South
3823,34,0,34,50273A,50273A,PRATTVILLE INTERMEDIATE SCHOOL,Alabama
3824,34,0,34,1555D,Destroyer Robotics,Auburn Community Robotics,Alabama
3825,34,0,34,77082D,Summit Starbots D,SUMMIT ELEMENTARY SCHOOL,Indiana - Region 3 - South
3826,34,0,34,8024D,Team 4,King david primary School/ Code inventorz,United Kingdom
3827,34,0,34,81134N,The Tough Guys,VAUGHN NEXT CENTURY LEARNING CENTER,California - South
3828,34,0,34,20103A,Caseville 20103A,CASEVILLE SCHOOL K12,Michigan
3829,34,0,34,4426D,Mechanical Masterminds,Future Innovators of Vienna,Virginia
3830,34,0,34,59365F,The Gear Grinders,ST FRANCIS CATHOLIC SCHOOL,Minnesota
3831,34,0,34,90291C,Central Dragons,CENTRAL ELEMENTARY SCHOOL,Texas - Region 2
3832,34,0,34,55176A,Mohawk Trails Elementary Robotics Team A,Mohawk Trails Elementary,Indiana - Region 2 - Central
3833,34,0,34,6440A,Guilford Gears A,GUILFORD ELEMENTARY,Indiana - Region 2 - Central
3834,34,0,34,2370A,2370A,Jenison Robotics,Michigan
3835,34,0,34,5585J,J,JENNIE BARKER ELEMENTARY SCHOOL,Kansas
3836,34,0,34,91320E,BSIC BULLDOGS,Bernadine Sitts Intermediate Center,Kansas
3837,34,0,34,59365A,The Three Roboteers,ST FRANCIS CATHOLIC SCHOOL,Minnesota
3838,34,0,34,5588Z,Happy Builder,Happy Builder,Japan
3839,34,0,34,4112E,Quantum Koalas,ZANE GREY ELEMENTARY SCHOOL,Ohio
3840,34,0,34,32636A,The Yurtle Tertles,BATTELL ELEMENTARY SCHOOL,Indiana - Region 1 - North
3841,34,0,34,1177A,Ivalee Chiefs,IVALEE ELEMENTARY SCHOOL,Alabama
3842,34,0,34,36670E,Kesling Slicers- Orange,KESLING INTERMEDIATE SCHOOL,Indiana - Region 1 - North
3843,34,0,34,68792B,Riverside Robotics,Riverside Intermediate School,Indiana - Region 2 - Central
3844,34,0,34,2410H,The Monkey's,KEYSTONE ELEMENTARY SCHOOL SCH,Pennsylvania - West
3845,34,0,34,9225D,Thunder Cats D,White Plains Elementary School,Alabama
3846,34,0,34,84598D,Block Busters,SUNSET ELEMENTARY SCHOOL,Colorado
3847,34,0,34,45730B,Diamond Marshmallows,Knowlton Elementary School,Utah
3848,34,0,34,15421C,Exploding Goldfish,ODYSSEY SCHOOL,Utah
3849,34,0,34,32212D,St. Mary School,ST MARY SCHOOL,Connecticut
3850,34,0,34,84598B,B.A.R.T squad,SUNSET ELEMENTARY SCHOOL,Colorado
3851,34,0,34,68751C,The Doughnuts,SAND SPRINGS SCHOOL,Utah
3852,34,0,34,4429P,Lolipop Kids,CECILIA VALLEY ELEMENTARY SCHOOL,Kentucky
3853,34,0,34,20013S,CyberGnomes,Cybergnomes Robotics Inc.,Ontario
3854,34,0,34,36827A,Lincoln Lynx L,LINCOLN SCHOOL,Utah
3855,34,0,34,46366H,NJSP Robotics,North Judson San Pierre Schools,Indiana - Region 1 - North
3856,34,0,34,68132H,The Spartans are coming,ST MARGARET MARY SCHOOL,Nebraska
3857,34,0,34,83660C,Husky Bots C,HORACE MANN ELEMENTARY,Indiana - Region 1 - North
3858,34,0,34,83660D,Husky Bots D,HORACE MANN ELEMENTARY,Indiana - Region 1 - North
3859,34,0,34,2809A,Hornet Hackers,DEEP CREEK ELEMENTARY,Virginia
3860,34,0,34,9975Z,St. Luke's Episcopal - The Robo Tigers,ST LUKES EPISCOPAL SCHOOL,Texas - Region 4
3861,34,0,34,95235B,New Middletown Ranger Bots,New Middletown Elementary School,Indiana - Region 3 - South
3862,34,0,34,12208A,Luce Rebels A,LUCE ELEMENTARY SCHOOL,Indiana - Region 3 - South
3863,34,0,34,79501A,Buckaroo Bots,College Oaks Elementary,Louisiana
3864,34,0,34,27042B,DMCS Thunderbolts,Divine Mercy Catholic School,Minnesota
3865,34,0,34,70881B,NJMS Elem Robotics B,North Jefferson Middle School,Alabama
3866,33,12,21,81625U,Ultimate Stackers,Ridgeview Robotics,Colorado
3867,33,9,24,47163B,The Electros,HAWK EYE ELEMENTARY,North Carolina
3868,33,7,26,75007A,Absolute Hack- Rainwater Robotics,RAINWATER ELEMENTARY SCHOOL,Texas - Region 5
3869,33,2,31,30866A,Super Hooper Cougars A,Hooper Avenue Elementary School,California - South
3870,33,7,26,77357A,The Rizzlers,Muir School,Utah
3871,33,6,27,2076P,Robotix,Knox Grammar School,Australia
3872,33,2,31,2815D,Techno Slash,EICHOLDMERTZ SCHOOL OF MATH AND SCIENCE,Alabama
3873,33,4,29,74899C,The Garbage Trucks,Creekside School,Utah
3874,33,4,29,99200B,The Hot Shot Hot Dogs,BLUFF RIDGE SCHOOL,Utah
3875,33,4,29,44853N,Navy Wolves,Playmates,West Virginia
3876,33,2,31,77360E,Firmware Flyers,BAGLEY ELEMENTARY,Minnesota
3877,33,0,33,11056B,Slaughter Bots,SLAUGHTER ELEMENTARY,Kentucky
3878,33,0,33,6145D,6145C,"Zhanlan road No.1 Primary School, Xicheng District, Beijing",North China
3879,33,0,33,5266B,SPL Terminators,ST PETERS LUTHERAN SCHOOL,Indiana - Region 3 - South
3880,33,0,33,23S,Steampunk,STEM Robotics,Delmarva
3881,33,0,33,8400A,Nameless,BUFFALO POINT SCHOOL,Utah
3882,33,0,33,3081A,Lincoln Eagles,LINCOLN ELEMENTARY SCHOOL,Indiana - Region 1 - North
3883,33,0,33,48635C,Jerry Ross Rockets,Jerry Ross Elementary School,Indiana - Region 1 - North
3884,32,18,14,7707G,Gear Girls,Pleasant View Elementary Zionsville,Indiana - Region 2 - Central
3885,32,11,21,63089A,Cyber Cats,Davis Youth Robotics,California - North
3886,32,0,32,47238B,Crazy-Tronics,P A  DISKIN ELEMENTARY SCHOOL,Nevada
3887,32,7,25,33008K,Kuwait 2,Kuwait Information Technology Society,Kuwait
3888,32,7,25,94329A,The*Circuit*Sisters,BOUNTIFUL SCHOOL,Utah
3889,32,4,28,2076S,Puzzle Pieces,Knox Grammar School,Australia
3890,32,6,26,51061B,Lakeroids Blue Anchors,LAKEWOOD ELEMENTARY SCHOOL,West Virginia
3891,32,4,28,30077A,Axolotl Astronauts,BILOXI UPPER ELEMENTARY,Mississippi
3892,32,4,28,34087B,SFK ROBOTICS,SULTAN FATİH KOLEJİ,Türkiye
3893,32,4,28,5002D,Scoil Mhuire 1,Scoil Mhuire,Ireland
3894,32,4,28,63122F,Fresh Fruits,WESTCHESTER ELEMENTARY SCHOOL.,Missouri
3895,32,4,28,58979B,Moon Galaxy Group,TARA ELEMENTARY SCHOOL,Florida - North/Central
3896,32,2,30,3243A,JDB Robotics,Jennie D. Blake School,New Hampshire/Vermont
3897,32,2,30,53415C,NORTH HILL 3,COLEGIO NORTH HILL,Mexico
3898,32,0,32,56549E,The Dragon's,HAWLEY ELEMENTARY,Minnesota
3899,32,2,30,6510G,6510G,"Pymble Ladies College, Sydney, Australia",Australia
3900,32,2,30,75234B,McStrick 2,MCLAUGHLIN STRICKLAND ELEMENTARY SCHOOL,Texas - Region 5
3901,32,0,32,837A,Alpha Orange,Blaze Robotics Academy - Issaquah,Washington
3902,32,0,32,2547C,MSY,Showa Elementary School,Japan
3903,32,0,32,95035D,Code-A-Cola Cherry,VINTON ELEMENTARY SCHOOL,Louisiana
3904,32,0,32,70842A,Robo Rockstars,GEORGE R. ROBINSON ELEMENTARY SCHOOL.,Missouri
3905,32,2,30,91362A,Lucky Charms,WESTCHESTER INTERMEDIATE SCHOOL,Indiana - Region 1 - North
3906,32,2,30,10638E,RKS (Robotics Kids Squad),Colegio del Sol,Paraguay
3907,32,2,30,46389B,Robo Cardinals,Kent Elementary,Texas - Region 5
3908,32,2,30,85484C,The Golden Donuts,OUR LADY OF SORROWS CATHOLIC SCHOOL,Alabama
3909,32,2,30,75234A,McStrick #1,MCLAUGHLIN STRICKLAND ELEMENTARY SCHOOL,Texas - Region 5
3910,32,2,30,18355A,Robotic Dolphins Team A,MAGNOLIA SCIENCE ACADEMY 7,California - South
3911,32,2,30,62253C,Mighty Mustangs,HORACE MANN ELEMENTARY,California - South
3912,32,2,30,44955A,CAE Team Sprockets ,CENTERVILLE-ABINGTON ELEMENTARY SCHOOL SCHOOL,Indiana - Region 1 - North
3913,32,2,30,44274A,Aspull Church ,Aspull Church Primary School,United Kingdom
3914,32,2,30,554A,Gear Grinders,Infinity Gear Robotics Club,Alberta/Saskatchewan
3915,32,0,32,304A,Mustang Robotics,MCGILL ELEMENTARY SCHOOL,Texas - Region 5
3916,32,0,32,85287C,Les G.O.A.T.,European School of Strasbourg,France
3917,32,0,32,63366C,Robo Queens,IGNITE ROBOTICS,North Carolina
3918,32,0,32,3705H,Big Dogs,Crestline Elementary School,Alabama
3919,32,0,32,85571E,BIA OWL's,Baltimore International Academy,Maryland
3920,32,0,32,22278B,22278,Fawn Hollow Elementary School,Connecticut
3921,32,0,32,16823B,Gigabots B,Boys & Girls Club of Meriden,Connecticut
3922,32,0,32,65280C,Insert_Name_here,"St Catherine's School, Sydney",Australia
3923,32,0,32,50853C,Robotic RAMS C,ORANGEWOOD CHRISTIAN SCHOOL,Florida - North/Central
3924,32,0,32,77755E,SOR Team Short-Circuiters,School Of Robotics (SOR) Pte. Ltd.,Singapore
3925,32,0,32,642W,Wolves Robotics,Academia Wolves,Mexico
3926,32,0,32,85571G,BIA OWL's,Baltimore International Academy,Maryland
3927,32,0,32,75476C,Robe The Robot's,Norwalk Catholic Elementary School,Ohio
3928,32,0,32,75476D,Pibble,Norwalk Catholic Elementary School,Ohio
3929,32,0,32,46714D,Tiger Bots 4,BLUFFTON-HARRISON ELEMENTARY SCH,Indiana - Region 1 - North
3930,32,0,32,72231A,Kilglass NS,Kilglass NS,Ireland
3931,32,0,32,6115B,Falcon Magic,CORAL ACADEMY OF SCIENCE LAS VEGAS NELLIS AFB,Nevada
3932,32,0,32,1506X,Savage Chipmunks 67,Pact Charter School,Minnesota
3933,32,0,32,47744A,Gizmo Gators ,Johnson Bayou High School,Louisiana
3934,32,0,32,13645V,Fantastic Four,LAURA INGALLS WILDER,Texas - Region 3
3935,32,0,32,60309B,60309B,O'rourke Elementary School,Alabama
3936,32,0,32,85571F,BIA OWL's,Baltimore International Academy,Maryland
3937,32,0,32,363C,Robotic Warriors,R4Creating,New Mexico
3938,32,0,32,64173B,W.I.R.E.D - Elementary B,Waterford School District,Michigan
3939,32,0,32,21025C,Winfield RoboCats: Vex Pythons,WINFIELD ELEMENTARY SCHOOL,Indiana - Region 1 - North
3940,32,0,32,56019A,Flames of Fury,SHOALS CHRISTIAN SCHOOL,Alabama
3941,32,0,32,13680D,Map Masters,Pooles Mill Elementary,Georgia
3942,32,0,32,43920A,Potterbots: The Dolphins,WESTGATE MIDDLE SCHOOL,Ohio
3943,32,0,32,63165F,VexInvaders,KRAFT MEADOWS INTERMEDIATE SCHOOL,Michigan
3944,32,0,32,62253B,Mighty Mustangs,HORACE MANN ELEMENTARY,California - South
3945,32,0,32,81625G,Golden Girl Stackers,Ridgeview Robotics,Colorado
3946,32,0,32,47274B,Redding Robotics B,Seymour-Redding Elementary School,Indiana - Region 3 - South
3947,32,0,32,4223C,Breaking Bread,INNOVATION MONTESSORI OCOEE,Florida - North/Central
3948,32,0,32,3644A,Robo Avengers Team C,Robo Avengers Team C,Virginia
3949,32,0,32,96322A,Robo Buddies,PLEASANT CROSSING ELEMENTARY,Indiana - Region 2 - Central
3950,32,0,32,59365D,Fire Engines,ST FRANCIS CATHOLIC SCHOOL,Minnesota
3951,32,0,32,13519B,Arigatou,Kawasaki International School,Japan
3952,32,0,32,85734B,CRE Roborunners,CUMBERLAND ROAD ELEMENTARY SCHOOL,Indiana - Region 2 - Central
3953,32,0,32,49131H,Mad Monsters,NORTH CLARION CO ELEMENTARY SCHOOL SCH,Pennsylvania - West
3954,32,0,32,14100C,14100C,MORGAN SCHOOL,Utah
3955,32,0,32,1787C,The Coders,FARR WEST SCHOOL,Utah
3956,32,0,32,58247A,CMSS Robotics,Cabot Middle School South,Arkansas
3957,32,0,32,31528D,Raider Bytes,W D RICHARDS ELEMENTARY SCHOOL,Indiana - Region 3 - South
3958,32,0,32,16845B,Simple Minds ,CRADLEBOARD SCHOOL,Arizona
3959,32,0,32,249A,The Goofy Pickles,MESCALERO APACHE SCHOOL,New Mexico
3960,32,0,32,13420A,KA - Robot Ravens,Kennedy Primary Academy,Indiana - Region 1 - North
3961,32,0,32,19968B,H.O.B Vikings Robotics,H. O. Brittingham Elementary School,Delmarva
3962,32,0,32,92492F,The Sprokets,South Fork Elementary ,Idaho
3963,31,7,24,12171B,Blue Lake CHOMPions,BLUE LAKE ELEMENTARY SCHOOL,Florida - South
3964,31,9,22,90004R,Falcon Cyborgs,Frank Del Olmo Elementary School,California - South
3965,31,7,24,46384A,The Rainbow Goldfish,Ida Nason Aronica Elementary,Washington
3966,31,7,24,44632G,The Broken Circuit Boards,LAKE ELEMENTARY SCHOOL,Ohio
3967,31,0,31,91625B,Masterminds,SANDROCK ELEMENTARY,Colorado
3968,31,7,24,10638F,DeVex,Colegio del Sol,Paraguay
3969,31,7,24,89748A,ECS Hurricanes,EPSOM CENTRAL SCHOOL,New Hampshire/Vermont
3970,31,2,29,31731B,Golden Eagles,Mastermind Robotics,Indiana - Region 2 - Central
3971,31,2,29,12311C,Donut Lords,MIDLAND SCHOOL,Utah
3972,31,2,29,56733A,Springdale National School,Springdale National School,Ireland
3973,31,0,31,66406D,Bailly D,BAILLY ELEMENTARY SCHOOL,Indiana - Region 1 - North
3974,31,0,31,94645A,Charisma Dawgs,Liberty Intermediate School,Indiana - Region 1 - North
3975,31,0,31,78682N,Dynamic Dolphin Bots 78682 N,DAVES CREEK ELEMENTARY SCHOOL,Georgia
3976,31,0,31,5203C,Horse Power 2,OLA ELEMENTARY SCHOOL,Georgia
3977,31,0,31,41370D,Electric Flying Marshmallows,ERIE ELEMENTARY SCHOOL,Colorado
3978,31,0,31,54602A,Alban Draco,ALBAN ELEMENTARY SCHOOL,West Virginia
3979,31,0,31,45618A,BES A,Brookwood Elementary School ,Alabama
3980,31,0,31,8119A,oxo,Innovac Makerspace,Singapore
3981,31,0,31,4215D,Trinity Lions,Trinity Anglican College,Australia
3982,31,0,31,5279A,Team Apple - Scales,SCALES ELEMENTARY SCHOOL,Tennessee
3983,31,0,31,31114B,Brown Elementary Robotics,BROWN  HANNAH MARIE ELEMENTARY SCHOOL,Nevada
3984,31,0,31,1165A,Discovery 1165A,DISCOVERY SCHOOL,Tennessee
3985,31,0,31,97511A,RoboTechA,BASIS International School Bangkok,Thailand
3986,31,0,31,91228B,Vex Machina,North London Collegiate School Jeju,South Korea
3987,31,0,31,95121A,Smurfcats,GRAND MEADOW MIDDLE,Minnesota
3988,31,0,31,1485B,Blue Robatitions,Broad Heath Primary School,United Kingdom
3989,31,0,31,43945G,Robo Indians,SOUTHERN LOCAL ELEMENTARY SCHOOL,Ohio
3990,31,0,31,13680B,Mystic Marooners,Pooles Mill Elementary,Georgia
3991,31,0,31,76129C,MRE Bots,Maple Ridge Elementary School,Indiana - Region 2 - Central
3992,31,0,31,7901A,Sageland Terrenators,SAGELAND ELEMENTARY SCHOOL,Texas - Region 1
3993,31,0,31,3379M,The Alpha Wolves,Private,California - South
3994,31,0,31,1729E,Egregiously Excellent,International Robotics Academy,Kazakhstan
3995,31,0,31,60011A,TacoBotz,BRIGGS PUBLIC SCHOOL,Oklahoma
3996,31,0,31,99535A,Collegium Robotics: A,COLLEGIUM CS,Pennsylvania - East
3997,31,0,31,84522A,Robokids 1,TGG School by LCA,Japan
3998,31,0,31,392W,Indians ,DAHLONEGAH PUBLIC SCHOOL,Oklahoma
3999,31,0,31,37452M,The Happy Elephants,THE GREENE SCHOOL,Florida - South
4000,31,0,31,11036C,Ghostys,POWDERSVILLE ELEMENTARY,South Carolina
4001,31,0,31,46742B,46742B,HAMILTON COMMUNITY ELEMENTARY SCH,Indiana - Region 1 - North
4002,30,0,30,30077C,RoboTribe 3,Biloxi Upper Elementary,Mississippi
4003,30,0,30,60959A,Livingston Robotics,Livingston Elementary School,Georgia
4004,30,6,24,58312E,Midnight Tigers,DESERT RIDGE MIDDLE,New Mexico
4005,30,6,24,86500B,Bionic Shrimp,Dixon Elementary,Alabama
4006,30,6,24,90249B,Wild Robots,WARD (E. W.) ELEMENTARY,California - South
4007,30,4,26,39071D,Golden Falcons,EAST FLORA ELEMENTARY,Mississippi
4008,30,4,26,22386B,Four on Fire,COLD SPRING ELEMENTARY,Minnesota
4009,30,2,28,85094A,Robo Go-Go Squeeeze,Salem Elementary School,Arkansas
4010,30,2,28,3708A,Techno Sharks 2.0,Victoria Shanghai Academy,Hong Kong
4011,30,2,28,30410K,Chicken Jockey,St. Johnsbury Academy Jeju,South Korea
4012,30,2,28,53065B,The Architects,MT. STUART ELEMENTARY,Washington
4013,30,2,28,95887A,St. Conaire's,St. Conaire's N.S.,Ireland
4014,30,2,28,73507A,Hugo Jules Elyas,nooby.tech,Belgium
4015,30,0,30,91362C,The Snack Attack 5,WESTCHESTER INTERMEDIATE SCHOOL,Indiana - Region 1 - North
4016,30,0,30,23418C,RED BISONS Adventure,RED BISONS,Japan
4017,30,2,28,8396A,// Caution Tape Dunkin'donuts//,Caution Tape Newmarket ////,Ontario
4018,30,2,28,68505B,Flying Marshmallows,NIWOT ELEMENTARY SCHOOL,Colorado
4019,30,2,28,43920H,Potterbots: The Amazing Mangos,WESTGATE MIDDLE SCHOOL,Ohio
4020,30,2,28,33899B,WildStars,Winston Park K-8 Center,Florida - South
4021,30,2,28,41047A,Techno Masters,MOUNTAIN VIEW SCHOOL,Utah
4022,30,2,28,2601D,Robo-Cats D,Watson Technology Center,Texas - Region 5
4023,30,2,28,9464B,Cowboy Robotics,HICKORY RIDGE ELEMENTARY,North Carolina
4024,30,2,28,164B,Tankers,West Weber School,Utah
4025,30,0,30,11561R,Gilkey Stacker Bots,GILKEY ELEMENTARY SCHOOL,Michigan
4026,30,0,30,16104A,The Croominators,St. Mary's N.S.,Ireland
4027,30,0,30,90027A,Franklin Foxes A,FRANKLIN AVENUE ELEMENTARY,California - South
4028,30,0,30,651D,The Joker 1,BRADEN RIVER ELEMENTARY SCHOOL,Florida - North/Central
4029,30,0,30,4270W,Elementary Crusaders W,ST LOUIS SCHOOL,Hawaii
4030,30,0,30,52551D,Jackson Battle Bots,Jackson Elementary School,Indiana - Region 1 - North
4031,30,0,30,3644R,Robo Avengers Team A,Robo Avengers Team A,Virginia
4032,30,0,30,19702C,Cybernetics,JIMENEZ ROBERTO AND DR. FRANCISCO ELEMENTARY,California - South
4033,30,0,30,45308B,Shotley Swords,Shotley Bridge Primary School,United Kingdom
4034,30,0,30,93926A,Vena Elementary A,Vena Avenue Elementary School,California - South
4035,30,0,30,83723A,Montague's Red Rovers,MONTAGUE CHARTER ACADEMY,California - South
4036,30,0,30,5111B,The Olmos Night Owls,OLMOS ELEMENTARY SCHOOL,Texas - Region 4
4037,30,0,30,39465E,Apex Titans,Petal Upper Elementary School,Mississippi
4038,30,0,30,4613W,4613W,Barker College - K-12 School,Australia
4039,30,0,30,11150B,John Ruhrah Robotics,JOHN RUHRAH ELEMENTARY/MIDDLE,Maryland
4040,30,0,30,12800C,Presa Wildcats Team C,PRESA ELEMENTARY SCHOOL,Texas - Region 1
4041,30,0,30,68046D,Botzilla,St. Columbkille Catholic School,Nebraska
4042,30,0,30,17366D,Čapek Team,Colegio Cervantes,Paraguay
4043,30,0,30,13624A,Olympus,Espacio I Maker Space,Paraguay
4044,30,0,30,85036E,Raging Raptors,FALL RIVER ELEMENTARY SCHOOL,Colorado
4045,30,0,30,25552C,Robotic Huskies,HAW CREEK ELEMENTARY,Georgia
4046,30,0,30,1260A,Robotic Ducks,BLUE MOUNTAIN ELEMENTARY,Colorado
4047,30,0,30,87453B,Teletubbies,Heather Glen MONTCLAIR ELEMENTARY SCHOOL,Texas - Region 5
4048,30,0,30,68689W,Robowolves,BP STEM ACADEMY,California - South
4049,30,0,30,43350F,Spicy Ducks,EAST WASHINGTON MIDDLE SCHOOL,Indiana - Region 3 - South
4050,30,0,30,811A,Greene,P H GREENE ELEMENTARY SCHOOL,Texas - Region 3
4051,30,0,30,99303F,Cyber Hawks,Chadwick International,South Korea
4052,30,0,30,84401A,Robros,MARTHA & JOSH MORRISS MATH & ENGINEERING ELEMENTARY SCHOOL,Texas - Region 2
4053,30,0,30,49958C,Science Girls,HEALTH/WELLNESS ENVI MAGNET,Arkansas
4054,30,0,30,7340B,Pocket Raboon,Harmony School of Excellence-NorthCampus,Texas - Region 3
4055,30,0,30,24977C,Red Hill Team C,RED HILL ELEMENTARY,California - South
4056,30,0,30,34362J,Banana Splits,ST JOSEPH SCHOOL,Wisconsin
4057,30,0,30,22072C,TechnicaLEE Bots,FRANCES AND JEANNETTE LEE ELEMENTARY SCHOOL,Texas - Region 2
4058,30,0,30,75421A,Cooneal National School,Cooneal National School,Ireland
4059,30,0,30,2073B,Gear Grinders,ANNE WATSON ELEMENTARY SCHOOL,Arkansas
4060,30,0,30,72397A,Chestatee Eaglebots 1,CHESTATEE ELEMENTARY,Georgia
4061,30,0,30,92016A,Langford Leopards Robo Team,LANGFORD ELEMENTARY SCHOOL,Texas - Region 4
4062,30,0,30,36402E,Lightningbots,HARRISON HILL ELEMENTARY SCHOOL,Indiana - Region 2 - Central
4063,30,0,30,36092A,WES Robo Warriors,WETUMPKA ELEMENTARY SCHOOL,Alabama
4064,30,0,30,65016M,Buzz Bots,Welby Way Elementary School,California - South
4065,30,0,30,94645E,Mega Knights,LIBERTY INTERMEDIATE SCHOOL,Indiana - Region 1 - North
4066,30,0,30,52836A,Clarecastle NS,Clarecastle National School ,Ireland
4067,30,0,30,16863Z,ASP Best IQ,American STEM Prep,South Korea
4068,30,0,30,39562B,tECH Jr,East Central Upper Elementary,Mississippi
4069,30,0,30,3703D,The Nerdz,Mountain Brook Machines-MBE,Alabama
4070,30,0,30,2005E,Voltagetron,ALPINE ELEMENTARY SCHOOL,Colorado
4071,30,0,30,68751A,Cheesy Chez Burgers,SAND SPRINGS SCHOOL,Utah
4072,30,0,30,15832A,VikingBots Black,Sacred Heart Elementary School,Indiana - Region 1 - North
4073,30,0,30,11893D,RoboFinns,LAKE STREET ELEMENTARY SCHOOL,Indiana - Region 1 - North
4074,30,0,30,56445B,Ninja Turtles,Pike County Schools - Center for Advanced Academics & Accelerated Learning,Alabama
4075,30,0,30,46250E,Allisonville Robotics Team 5,ALLISONVILLE ELEMENTARY SCHOOL,Indiana - Region 2 - Central
4076,30,0,30,1506Y,Legendary Panthers,Pact Charter School,Minnesota
4077,30,0,30,19977U,Smyrna Robotics Team,Smyrna Robotics Club,Delmarva
4078,30,0,30,31574B,Golden Knights,Montgomery Catholic Preparatory School St. Bede Campus,Alabama
4079,30,0,30,4916B,The Cool Kids,MARIPOSA ELEMENTARY,California - South
4080,30,0,30,5527F,BrainStormers,FLINT CULTURAL CENTER ACADEMY,Michigan
4081,30,0,30,31574A,Nuts and Volts,Montgomery Catholic Preparatory School St. Bede Campus,Alabama
4082,30,0,30,63670C,Mechanical Masters,STE. GENEVIEVE ELEMENTARY SCHOOL.,Missouri
4083,30,0,30,17804B,Battle Bots,WESTWIND ELEMENTARY SCHOOL,Arizona
4084,30,0,30,295C,The Bro-bots,Placer Robotics (PART),California - North
4085,30,0,30,42024B,The Iron legion,STEM Academy,California - South
4086,30,0,30,15174A,Stewert Blue Stars,IDA M. STEWART ELEMENTARY SCHOOL,Florida - North/Central
4087,30,0,30,55176B,Mohawk Trails Elementary Robotics Team B,Mohawk Trails Elementary,Indiana - Region 2 - Central
4088,30,0,30,5300B,5300B,HUDSONVILLE CHRISTIAN SCHOOL,Michigan
4089,30,0,30,63670B,Robo Rockstars,STE. GENEVIEVE ELEMENTARY SCHOOL.,Missouri
4090,30,0,30,1407A,Superbot,JENNIE WILSON ELEMENTARY SCHOOL,Kansas
4091,30,0,30,61026G,Twining Giants,NATHAN TWINING ELEMENTARY SCHOOL,North Dakota
4092,30,0,30,37727C,Bear Bots C,BULLOCK ELEMENTARY SCHOOL,Texas - Region 5
4093,30,0,30,63165C,Screaming Eagles,KRAFT MEADOWS INTERMEDIATE SCHOOL,Michigan
4094,30,0,30,8856D,Bot To The Future,Hudsonville 5/6 Building,Michigan
4095,30,0,30,63165R,Red Mario,KRAFT MEADOWS INTERMEDIATE SCHOOL,Michigan
4096,30,0,30,20823C,Clear View Robotics T3,Clear View Elementary ,California - South
4097,30,0,30,3081C,Lincoln Eagles,LINCOLN ELEMENTARY SCHOOL,Indiana - Region 1 - North
4098,30,0,30,81239D,Code Cats,WINCHESTER VILLAGE ELEMENTARY,Indiana - Region 2 - Central
4099,30,0,30,3698W,Blaze,HOLY CROSS LUTHERAN SCHOOL,Indiana - Region 3 - South
4100,30,0,30,42354C,Southside VEX-stangs,SOUTHSIDE ELEMENTARY SCHOOL,Indiana - Region 3 - South
4101,30,0,30,34598B,Cavbots Blue,TRI-COUNTY INTERMEDIATE SCHOOL,Indiana - Region 1 - North
4102,30,0,30,24528B,HRE Rock-It Robots,HOOSIER ROAD ELEMENTARY SCHOOL,Indiana - Region 2 - Central
4103,30,0,30,84598A,Fantastic Four,SUNSET ELEMENTARY SCHOOL,Colorado
4104,30,0,30,85407R,Red Robots,UINTAH SCHOOL,Utah
4105,30,0,30,11999E,Rage Baiting Babies,Central Elementary School,Indiana - Region 2 - Central
4106,30,0,30,65837D,The Majestic Bananas,W M IRVIN ELEMENTARY,North Carolina
4107,30,0,30,90081B,Big & Brainy Squidwards,HOLBROOK SCHOOL,Utah
4108,30,0,30,36827B,Lincoln Lynx Y,LINCOLN SCHOOL,Utah
4109,30,0,30,65967E,Redhawks Robotics,MERLE SIDENER GIFTED ACADEMY,Indiana - Region 2 - Central
4110,30,0,30,49077C,RoboHawks,PRAIRIE TRACE ELEMENTARY SCHOOL,Indiana - Region 2 - Central
4111,30,0,30,12007E,Van Buren,VAN BUREN ELEMENTARY SCHOOL,Indiana - Region 2 - Central
4112,30,0,30,91362E,The Kings,Westchester Intermediate School,Indiana - Region 1 - North
4113,30,0,30,11600C,Ge Robotics Club,Georgetown Elementary School,Delmarva
4114,30,0,30,53510H,Rocket Fuel Robotics,RIVERSIDE INTERMEDIATE,Indiana - Region 1 - North
4115,30,0,30,46788C,Croninger Crusaders,FRED H CRONINGER ELEMENTARY SCHOOL,Indiana - Region 1 - North
4116,30,0,30,12160D,Ranger Robots,Cedar Crest Intermediate School,Indiana - Region 3 - South
4117,30,0,30,6651B,Bigg Golden Gators,GATEWAY SCIENCE ACADEMY OF ST. LOUIS,Missouri
4118,30,0,30,46389A,Supreme Cardinal Builders,Kent Elementary,Texas - Region 5
4119,30,0,30,3703A,TBBB: The Best Breakfast Boys,Mountain Brook Machines-MBE,Alabama
4120,29,7,22,27261A,Deltona Dynamite Doves Team 1,DELTONA ELEMENTARY SCHOOL,Florida - North/Central
4121,29,9,20,1447B,The Nano Nerds,AVON GROVE INTRMD SCH,Pennsylvania - East
4122,29,6,23,96658A,Toast,LINCOLN ELEMENTARY,Washington
4123,29,6,23,16645B,The Kiwis,UNIVERSITY ELEMENTARY SCHOOL,Indiana - Region 3 - South
4124,29,4,25,21216A,Harmony,KIPP Harmony,Maryland
4125,29,4,25,91625D,Bob the Builders,SANDROCK ELEMENTARY,Colorado
4126,29,4,25,46836B,Robotic Wolves,SORRENTO ELEMENTARY,Florida - North/Central
4127,29,3,26,8562C,PEGASUS,CODHUB Monastir,Tunisia
4128,29,2,27,3105F,The Fantastic 4,FT CONCHO ELEMENTARY SCHOOL,Texas - Region 5
4129,29,2,27,62030C,Sycamore Lion Bots,Sycamore Elementary School,Tennessee
4130,29,2,27,16021B,Andersen Robotics - B,Andersen Elementary,Oklahoma
4131,29,0,29,1270A,Wenatchee Salmon,Wenatchee Valley Museum,Washington
4132,29,0,29,98420C,SISGLC3,SISGLC,South Korea
4133,29,0,29,295T,TriMangulators,Placer Robotics (PART),California - North
4134,29,0,29,46234C,Harney Robotics,HARNEY ELEMENTARY SCHOOL,Indiana - Region 2 - Central
4135,29,0,29,6443B,The 5 Mustardteers,"The Barn, A Non-profit youth organization",Connecticut
4136,29,0,29,23023C,Perseverance Turtles,F.P. Tillman Elementary School,Missouri
4137,29,0,29,14159A,Tech Titans,RED DUKE ELEMENTARY SCHOOL,Texas - Region 3
4138,29,0,29,55310B,Benson B,BARBARA BENSON ELEMENTARY,California - South
4139,29,0,29,28918C,Solon Solvers,SOLON ROBINSON ELEMENTARY SCHOOL,Indiana - Region 1 - North
4140,29,0,29,70347E,Blue Devils 5,Van Buren Elementary School,Indiana - Region 2 - Central
4141,29,0,29,35950A,iCode Memorial Team A,iCode Memorial,Texas - Region 3
4142,29,0,29,95121E,Bombers,Grand Meadow Public School,Minnesota
4143,29,0,29,10989B,Rickety Robot,Alachua Elementary,Florida - North/Central
4144,29,0,29,81116A,81116A,Westchester Country Day School,North Carolina
4145,29,0,29,76240F,Fabulous 4,GAINESVILLE INT,Texas - Region 5
4146,29,0,29,1229A,Tillman Tiger,JAMES TILLMAN ELEMENTARY MAGNET SCHOOL,Florida - North/Central
4147,29,0,29,5354C,MTPS-C,港澳信義會明道小學,Hong Kong
4148,29,0,29,10851Z,We Tried,RIVERVIEW LUTHERAN SCHOOL,Wisconsin
4149,29,0,29,95100C,Mister Match,GREENFIELD INTERMEDIATE SCHOOL,Indiana - Region 2 - Central
4150,29,0,29,67052F,Challenger Foxtrot,CHALLENGER INTERMEDIATE SCHOOL,Kansas
4151,29,0,29,1445A,The Ender Kids,Karanko VEX Club,Japan
4152,29,0,29,1112S,SCI Sharks - Navy,Sand Creek Intermediate School,Indiana - Region 2 - Central
4153,29,0,29,7553M,6-7 Engineers,ICGC,Ohio
4154,29,0,29,3081B,Lincoln Eagles,LINCOLN ELEMENTARY SCHOOL,Indiana - Region 1 - North
4155,28,28,0,8815K,King Crown,朝晖小学&桐庐县实验小学&杭州惠立&杭州崇文小学,East China
4156,28,28,0,30355B,Jr.Trailblazers,Albireo Eğitim ve Danışmanlık Hizmetleri LTD.ŞTİ,Türkiye
4157,28,20,8,279B,Trailblazers,Trailblazer Robotics Juniors,Georgia
4158,28,9,19,18990C,Mulkey C,MULKEY ELEMENTARY SCHOOL,Alabama
4159,28,7,21,11086C,Cybercat Knights,SUMMIT SCHOOL OF AHWATUKEE,Arizona
4160,28,7,21,46291B,Programme Lime and Lemon,Earlsdon Primary School,United Kingdom
4161,28,7,21,86273B,Thundercloud Dogs,Carpenter Community Charter,California - South
4162,28,0,28,7899C,Rolling Robots,Rolling Robots,California - South
4163,28,7,21,90241B,Team Rocket,RIO HONDO ELEMENTARY,California - South
4164,28,7,21,62989E,The RoboRaptors,EMMA K. DOUB ELEMENTARY,Maryland
4165,28,4,24,1976C,Mickey-Mouse-Club-House,CARVER Washington MAGNET ELEMENTARY SCHOOL,Arkansas
4166,28,4,24,36022A,RoboDAWGS,PINE LEVEL ELEMENTARY SCHOOL,Alabama
4167,28,4,24,2972C,The Black Cobra,BEAUREGARD ELEMENTARY SCHOOL,Alabama
4168,28,2,26,58073G,The Robots,WASHINGTON ELEMENTARY SCHOOL,North Dakota
4169,28,4,24,27752E,Guardians of the Brownies!,FOSTER DUAL LANGUAGE PK-8,Colorado
4170,28,2,26,3482B,Battle Beans,POINT HARMONY ELEMENTARY SCHOOL,West Virginia
4171,28,0,28,15486C,Vista Voyagers,VISTA SCHOOL,Utah
4172,28,0,28,48893A,BMO Bots,LEWIS & CLARK ELEMENTARY SCHOOL,Iowa
4173,28,0,28,815B,Strawberry Foxes,MARGARET S MCWHIRTER ELEMENTARY SCHOOL,Texas - Region 3
4174,28,0,28,838F,F-15 Fighters,Blaze Robotics Academy,Washington
4175,28,0,28,84570A,The Banyan Blasters,Out-of-Door Academy,Florida - North/Central
4176,28,0,28,41047C,Droid Screaming Perfect,MOUNTAIN VIEW SCHOOL,Utah
4177,28,0,28,6054A,Mustangs1,LAKE AGASSIZ ELEMENTARY SCHOOL,North Dakota
4178,28,2,26,61251A,PPE Owlbots,Plantation Park Elementary School,Florida - South
4179,28,2,26,1174B,The Lion Rulers,Kaino LLC,Hawaii
4180,28,2,26,42664A,Belgooly,"Scoil Mhuire na nGrást, ",Ireland
4181,28,2,26,29582A,The Final Five Alive!,CHAPARRAL ELEMENTARY SCHOOL,Arizona
4182,28,2,26,86273F,Wandering Waffles,Carpenter Community Charter,California - South
4183,28,0,28,80491D,Robot Mayhem,RED HAWK ELEMENTARY,Colorado
4184,28,0,28,9087B,PVS robotics club Beta,Pioneer Village School,Australia
4185,28,0,28,99349C,WADK - We Actually Don't Know,MORRIS SCHOTT ELEMENTARY,Washington
4186,28,0,28,4514D,4514D Hossiers,Decatur High Ability Academy,Indiana - Region 2 - Central
4187,28,0,28,19702A,Blue Bubble Guppies,JIMENEZ ROBERTO AND DR. FRANCISCO ELEMENTARY,California - South
4188,28,0,28,95224G,Ges Robotics,Gulf English school,Kuwait
4189,28,0,28,73507F,Les Molécules infernales,nooby.tech,Belgium
4190,28,0,28,81625M,MOCO Robo,Ridgeview Robotics,Colorado
4191,28,0,28,23255B,Dommerich B,Dommerich Elementary School,Florida - North/Central
4192,28,0,28,91625A,Bulldog Builders,SANDROCK ELEMENTARY,Colorado
4193,28,0,28,11924B,SES Spark Seekers,SOUTHWOOD ELEMENTARY SCHOOL,Indiana - Region 1 - North
4194,28,0,28,78382A,MSGL Upper Elementary,"WonderLand Education, Inc",Indiana - Region 1 - North
4195,28,0,28,30410P,The Legendary P's,St. Johnsbury Academy Jeju,South Korea
4196,28,0,28,54321A,extreme coders,SafeNet Academy,Indiana - Region 2 - Central
4197,28,0,28,14572K,Nova,K robotics,South Korea
4198,28,0,28,25595E,St Vinnies 5,St Vincent's Primary School,Australia
4199,28,0,28,25595D,St Vinnies 4,St Vincent's Primary School,Australia
4200,28,0,28,57418H,Vexbots,Burke Robots,Virginia
4201,28,0,28,46702B,Andrews Cardinals,ANDREWS ELEMENTARY SCHOOL,Indiana - Region 1 - North
4202,28,0,28,40022B,LCE Team 1,Liberty Creek Elementary School,Tennessee
4203,28,0,28,37064B,Creekside Otter Robotics,CREEKSIDE ELEMENTARY SCHOOL,Tennessee
4204,28,0,28,41090B,SBE Starbots: 41090B,SETTLES BRIDGE ELEMENTARY SCHOOL,Georgia
4205,28,0,28,8192B,Wrecking Bots,Wrecking Bots,California - North
4206,28,0,28,1510W,Future Forge Galileo,Future Forge STEM Labs,California - North
4207,28,0,28,3333A,Girl Power,Notre Dame Prep,Michigan
4208,28,0,28,384B,Robee 2,CREATIVE CITY PUBLIC CHARTER SCHOOL,Maryland
4209,28,0,28,39605B,Eagle Bots B,Stella Hills Elementary,California - South
4210,28,0,28,3075E,The Cookie Clan,OAKLAND CHRISTIAN SCHOOL,Michigan
4211,28,0,28,7479P,Southern Echidnas,Hillcrest Christian College,Australia
4212,28,0,28,1112B,SCI Sharks - Green,Sand Creek Intermediate School,Indiana - Region 2 - Central
4213,28,0,28,34188A,FCG-Inventors,FPT CAU GIAY PRIMARY AND SECONDARY SCHOOL,Vietnam
4214,28,0,28,824D,Ross Elementary,James H Ross Elementary School,Texas - Region 3
4215,28,0,28,290P,Pin Agents,Orley Farm School,United Kingdom
4216,28,0,28,10692D,Future Bots,GEORGE W. WHITLOW ELEMENTARY,Georgia
4217,28,0,28,820A,TimberBOTS CGMR,WEDGEWOOD ELEMENTARY SCHOOL,Texas - Region 3
4218,28,0,28,50869A,The Genizuz Kidz,J.I. BARRON SR. ELEMENTARY SCHOOL,Louisiana
4219,28,0,28,12937E,KCIS Robotics,KCIS,South Korea
4220,28,0,28,13221A,LMS RoboTeam A,Lei Muk Shue Catholic Primary School,Hong Kong
4221,28,0,28,71667D,The Little Robos,Brown Elementary School,Arkansas
4222,28,0,28,384C,Robee 3,CREATIVE CITY PUBLIC CHARTER SCHOOL,Maryland
4223,28,0,28,604A,Liberty 604A,LIBERTY ELEMENTARY,California - South
4224,28,0,28,62746B,Robo Rangers,CORAL ACADEMY OF SCIENCE LAS VEGAS TAMARUS,Nevada
4225,28,0,28,52526M,The 3-Wheelers,Cumming Elementary Robotics,Georgia
4226,28,0,28,68671E,Doom Devils,DANVILLE ELEMENTARY SCHOOL,Ohio
4227,28,0,28,62746A,Lightning Bots,CORAL ACADEMY OF SCIENCE LAS VEGAS TAMARUS,Nevada
4228,28,0,28,99317A,Clifty Creek Robotics,CLIFTY CREEK ELEMENTARY SCHOOL,Indiana - Region 3 - South
4229,28,0,28,27638A,Rockcreek Tech Dogs,ROCKCREEK ELEMENTARY SCHOOL,Indiana - Region 3 - South
4230,28,0,28,50845A,Minions,LEMONS MILL ELEMENTARY SCHOOL,Kentucky
4231,28,0,28,31114A,Brown Elementary Robotics,BROWN  HANNAH MARIE ELEMENTARY SCHOOL,Nevada
4232,28,0,28,21544D,Selma Brave Bots D,SELMA ELEMENTARY SCHOOL,Indiana - Region 1 - North
4233,28,0,28,82005A,Saint Mura's NS A,"St Mura's NS, Tooban",Ireland
4234,28,0,28,4514C,4514C Team No Name?,Decatur High Ability Academy,Indiana - Region 2 - Central
4235,28,0,28,6311A,Trojan Coders,NORTH STEWART ELEMENTARY,Tennessee
4236,28,0,28,71410C,Fire Boots,Falkon Academy,California - North
4237,28,0,28,46768C,Highfliers 2,Fort Bend Christian Academy,Texas - Region 3
4238,28,0,28,40022W,LCE Team 2,Liberty Creek Elementary School,Tennessee
4239,28,0,28,3302A,CrestwoodA,Crestwood Street Elementary School,California - South
4240,28,0,28,90050A,Galaxy Builders ,HALLDALE ELEMENTARY,California - South
4241,28,0,28,53510X,Rocket Fuel Robotics,RIVERSIDE INTERMEDIATE,Indiana - Region 1 - North
4242,28,0,28,85301B,Donut Engineers,The International School of Macao,Macau
4243,28,0,28,50256A,The Dolphins,Loreto Street Elementary School,California - South
4244,28,0,28,295V,Roadrunners,Placer Robotics (PART),California - North
4245,28,0,28,7890D,The Bull Sharks,Minneola Horizon Academy (Elementary),Florida - North/Central
4246,28,0,28,11921C,Spicy Salsa,SUGAR CREEK ELEMENTARY SCH,Indiana - Region 2 - Central
4247,28,0,28,86044B,Botcats,Crestview Elementary School,Indiana - Region 2 - Central
4248,28,0,28,14581D,The Stop Watchers,Charlotte Public Schools,Michigan
4249,28,0,28,205A,Mr. Bananas,Century Park Learning Center,Michigan
4250,28,0,28,61851A,Holloway EagleBots,Holloway Elementary School,Alabama
4251,28,0,28,13545A,Stedman Knights,Stedman Elementary ,Colorado
4252,28,0,28,19813D,100 % Brains,EAGLE BAY SCHOOL,Utah
4253,28,0,28,17801V,Robo Rangers,GARDEN LAKES ELEMENTARY SCHOOL,Arizona
4254,28,0,28,29843B,Super Hummingbirds,PANORAMA CITY ELEMENTARY,California - South
4255,28,0,28,17151T,Stack Attackers,KENNETH T BEAGLE  MIDDLE SCHOOL,Michigan
4256,28,0,28,83660A,Husky Bots A,HORACE MANN ELEMENTARY,Indiana - Region 1 - North
4257,28,0,28,56549C,Where 'dem Waldos at,HAWLEY SECONDARY,Minnesota
4258,28,0,28,93455A,Sonic,BRUCE (ROBERT) ELEMENTARY,California - South
4259,28,0,28,8891A,EDUBUS Team A,EDUBUS,California - South
4260,28,0,28,21454D,RoboStars - Star View Team 4,STAR VIEW ELEMENTARY,California - South
4261,28,0,28,53459B,Sharks N Gears,PEARL HARBOR KAI ELEMENTARY SCHOOL,Hawaii
4262,28,0,28,44224B,Robo-Wizards B,MAIN STREET ELEMENTARY,California - South
4263,28,0,28,6605C,Campbell Robotics,CAMPBELL ELEMENTARY SCHOOL,Texas - Region 3
4264,28,0,28,97255B,Our Lady's Meadow,"Our Lady's Meadow NS, Durrow",Ireland
4265,28,0,28,11924A,SES Danger Bots,SOUTHWOOD ELEMENTARY SCHOOL,Indiana - Region 1 - North
4266,28,0,28,79129A,Songdo Vegapunks,American STEM Prep Songdo,South Korea
4267,28,0,28,10459E,The TEST Pilots,Skiles Test Elementary School,Indiana - Region 2 - Central
4268,28,0,28,22330A,Wreck it Lions,BRINDLEE MOUNTAIN ELEMENTARY SCHOOL,Alabama
4269,28,0,28,89308J,Battlebots,MOUNTAIN VIEW ELEMENTARY SCHOOL,Colorado
4270,28,0,28,9975W,St. Luke's Episcopal - The Neon Marshmallows,ST LUKES EPISCOPAL SCHOOL,Texas - Region 4
4271,28,0,28,5104C,Cyber Squad,DELLVIEW ELEMENTARY SCHOOL,Texas - Region 4
4272,28,0,28,11216A,Ultra Chicken Nuggets,COLUMBINE ELEMENTARY SCHOOL,Colorado
4273,28,0,28,2005D,The Flying Toasters,ALPINE ELEMENTARY SCHOOL,Colorado
4274,28,0,28,5127B,Bronco Bots,NORTHERN HILLS ELEMENTARY SCHOOL,Texas - Region 4
4275,28,0,28,91384A,WOWO'S ECA Eagles,ELKHART CHRISTIAN ACADEMY,Indiana - Region 1 - North
4276,28,0,28,18189E,Bot Broz,Mt. Carmel Elementary School,Indiana - Region 3 - South
4277,28,0,28,65200B,Rambotica,MILTON ELEMENTARY SCHOOL,New Hampshire/Vermont
4278,28,0,28,84855G,Heavenly Hackers,ST BARNABAS SCHOOL,Indiana - Region 2 - Central
4279,28,0,28,52525C,T.I.T.A.N.,SOUTHEAST FOUNTAIN ELEMENTARY,Indiana - Region 1 - North
4280,28,0,28,44106A,Beulah Bots,BEULAH ELEMENTARY SCHOOL,Alabama
4281,28,0,28,35117A,Mt. Olive Panthers Team 1,MOUNT OLIVE ELEMENTARY SCHOOL,Alabama
4282,28,0,28,3214E,Southland BrainBots,SOUTHLAND ELEMENTARY,Minnesota
4283,28,0,28,46250B,Allisonville Robotics Team 2,ALLISONVILLE ELEMENTARY SCHOOL,Indiana - Region 2 - Central
4284,28,0,28,78987A,78987A,BAYSHORE ELEMENTARY SCHOOL,Florida - North/Central
4285,28,0,28,6039S,67 Squad,BrandywineBOTS Robotics,Delmarva
4286,28,0,28,28240A,Raining Flame,SOUTH SMITHS STATION ELEMENTARY SCHOOL,Alabama
4287,28,0,28,3265D,Robey Rockets- Delta,ROBEY ELEMENTARY SCHOOL,Indiana - Region 2 - Central
4288,28,0,28,81116B,81116B,Westchester Country Day School,North Carolina
4289,28,0,28,83384B,Seahawks ,Norman S Edelcup Sunny Isles Beach K-8,Florida - South
4290,28,0,28,66800B,FDE 2,FOUNTAINDALE ELEMENTARY,Maryland
4291,28,0,28,72514E,Polly's IQ,W. W. Keysor Elementary.,Missouri
4292,28,0,28,2581D,Tech Titans 2.0,CARONDELET CATHOLIC,Minnesota
4293,28,0,28,19004A,StangBots,PASODALE ELEMENTARY SCHOOL,Texas - Region 1
4294,28,0,28,62536F,Central Wildbots,CENTRAL ELEMENTARY SCHOOL,Alabama
4295,28,0,28,75279A,LES BOBERS,Ronit KNALLER ,Belgium
4296,28,0,28,19706B,Dream,G D ROGERS GARDEN- BULLOCK ELEMENTARY,Florida - North/Central
4297,28,0,28,71327C,Denmark Gold,DENMARK ELEMENTARY,Tennessee
4298,28,0,28,10227X,Xcellent Panthers,The Potomac School,Virginia
4299,28,0,28,46296F,Firefoxes,iCode,Virginia
4300,28,0,28,48222D,Cougarbots 4,SAND CREEK ELEMENTARY,Indiana - Region 2 - Central
4301,28,0,28,12832A,Master Stackers,GRANVILLE ELEMENTARY SCHOOL,New York-North
4302,28,0,28,90291A,Central Dragons,CENTRAL ELEMENTARY SCHOOL,Texas - Region 2
4303,28,0,28,10300D,Falconbot - Delta,ASHLAND ELEMENTARY,Virginia
4304,28,0,28,708J,708 J,BUFFALO JONES ELEMENTARY SCHOOL,Kansas
4305,28,0,28,70347B,Blue Devils 2,Van Buren Elementary School,Indiana - Region 2 - Central
4306,28,0,28,45708B,Unicorn Eyekons,Charles O Stones Intermediate Center,Kansas
4307,28,0,28,6440B,Guilford Gears B,GUILFORD ELEMENTARY,Indiana - Region 2 - Central
4308,28,0,28,75442A,67,FARMERSVILLE INT,Texas - Region 2
4309,28,0,28,44955G,Team Gears & Motors ,CENTERVILLE-ABINGTON ELEMENTARY SCHOOL SCHOOL,Indiana - Region 1 - North
4310,28,0,28,34771C,Lions,LAKEVIEW ELEMENTARY SCHOOL,Indiana - Region 3 - South
4311,28,0,28,70220B,St. Matthew School,ST MATTHEW SCHOOL,Connecticut
4312,28,0,28,4112F,The Phantom Bandits,ZANE GREY ELEMENTARY SCHOOL,Ohio
4313,28,0,28,1094C,Academir Tiger Bots,ACADEMIR CHARTER SCHOOL PREPARATORY,Florida - South
4314,28,0,28,9225B,Thunder Cats B,White Plains Elementary School,Alabama
4315,28,0,28,13729R,Buffalo Bots,BUFFALO ELEMENTARY SCHOOL,West Virginia
4316,28,0,28,14675C,EES Arabians,EAST ELEMENTARY SCHOOL,Indiana - Region 2 - Central
4317,28,0,28,70026F,Pheonix Firestorm,FLINT SPRINGS ELEMENTARY,Indiana - Region 1 - North
4318,28,0,28,32642E,Chaos Cobras,Norwalk Main Street School,Ohio
4319,28,0,28,84598E,Toothless,SUNSET ELEMENTARY SCHOOL,Colorado
4320,28,0,28,14100B,14100B,MORGAN SCHOOL,Utah
4321,28,0,28,18189A,Coding Girlz,Mt. Carmel Elementary School,Indiana - Region 3 - South
4322,28,0,28,88844B,The Cowboys,ROY SCHOOL,Utah
4323,28,0,28,12086B,Lightning Robots T2 Blue,LANDIS ELEMENTARY SCHOOL,Indiana - Region 1 - North
4324,28,0,28,37452E,The Rubber Duckies,THE GREENE SCHOOL,Florida - South
4325,28,0,28,31528B,Raider Nuats Squad,W D RICHARDS ELEMENTARY SCHOOL,Indiana - Region 3 - South
4326,28,0,28,243H,OG Monkeys,FRONTIER SCHL OF INNOVATION-M,Missouri
4327,28,0,28,99200A,The Hackers,BLUFF RIDGE SCHOOL,Utah
4328,28,0,28,46366G,NJSP Robotics,North Judson San Pierre Schools,Indiana - Region 1 - North
4329,28,0,28,94511F,Pittsboro Banana Bots,Pittsboro Elementary School,Indiana - Region 2 - Central
4330,28,0,28,88310A,HHCA Wave Maker,HILTON HEAD CHRISTIAN ACADEMY,South Carolina
4331,28,0,28,12131A,Robotic Gophers,CLINTON PRAIRIE ELEMENTARY SCHOOL,Indiana - Region 1 - North
4332,28,0,28,46742A,46742A,HAMILTON COMMUNITY ELEMENTARY SCH,Indiana - Region 1 - North
4333,28,0,28,54204B,PanthersB,St Vincent De Paul School,Indiana - Region 1 - North
4334,28,0,28,98867A,OWLbots,OAKVALE SCHOOL,West Virginia
4335,28,0,28,30424D,Tech-Know Turtles,LITTLE TURTLE ELEMENTARY SCHOOL,Indiana - Region 1 - North
4336,28,0,28,41266B,Bearcat bots B,UNION CENTER ELEMENTARY SCHOOL,Indiana - Region 1 - North
4337,28,0,28,1876B,The Tech Prodigys,FRIENDS ACADEMY,New York-South
4338,28,0,28,220E,Raptors,Western Mechatronics,Alberta/Saskatchewan
4339,28,0,28,23023B,Goated Turtles,F.P. Tillman Elementary School,Missouri
4340,28,0,28,32636C,The Stormfires,BATTELL ELEMENTARY SCHOOL,Indiana - Region 1 - North
4341,27,25,2,27182R,Athena’s Psycho Hippo,Silverleaf School,Oregon
4342,27,18,9,18963C,JX-3,The Elementary School Attached to Shanghai Jiaotong University,East China
4343,27,10,17,45561A,Robotic Hippos,Ray Elementary School,Texas - Region 4
4344,27,7,20,63031B,Buzz,SPRINGHILL ELEMENTARY SCHOOL,Arkansas
4345,27,0,27,46527B,Nitro Nerds,NITRO ELEMENTARY SCHOOL,West Virginia
4346,27,6,21,16326A,Mighty Munroe Mustangs,MUNROE ELEMENTARY SCHOOL,Colorado
4347,27,7,20,19810A,Shooting Stars Legacy,ESTRELLA ELEMENTARY,California - South
4348,27,7,20,7810B,Hero Builders,Mount Olive Lutheran School,Wisconsin
4349,27,6,21,781F,Robot Racers,FREEDOM ELEMENTARY SCHOOL,Florida - North/Central
4350,27,0,27,7159A,The ASAP Brothers,JEFFERSON ELEMENTARY SCHOOL,Arkansas
4351,27,6,21,29441A,Fantastic Four,Kenna Elementary School,West Virginia
4352,27,6,21,3443B,Robo Panthers,Petal Elementary School,Mississippi
4353,27,4,23,54757A,The Smartie Pants,SEQUOYAH ELEMENTARY SCHOOL,Oklahoma
4354,27,0,27,84091Y,Taco Turtles,Bixby Central,Oklahoma
4355,27,0,27,53065D,The Mighty Noodles,MT. STUART ELEMENTARY,Washington
4356,27,2,25,1942A,Quilchena - A,Maven Techlab Ltd.,British Columbia (BC)
4357,27,2,25,9416A,St Williams,St William’s RC Primary School,United Kingdom
4358,27,2,25,390G,Dimond Botx,RIGBY MIDDLE SCHOOL,Idaho
4359,27,0,27,25324C,Westerly Creek CC's,WESTERLY CREEK ELEMENTARY,Colorado
4360,27,0,27,19702B,Wall-E,JIMENEZ ROBERTO AND DR. FRANCISCO ELEMENTARY,California - South
4361,27,0,27,56471A,Longfellow Builders,LONGFELLOW ELEMENTARY,California - South
4362,27,0,27,7657A,GOTU Sugar,GOTU,South China
4363,27,0,27,25552B,Robotic Huskies,HAW CREEK ELEMENTARY,Georgia
4364,27,0,27,71702A,CTRL+ALT+COMPETE,CTRL + ALT + COMPETE ,California - North
4365,27,0,27,11999C,Lightning Riders,Central Elementary School,Indiana - Region 2 - Central
4366,27,0,27,1150A,Denver PS,CMS Community School,Colorado
4367,27,0,27,59049A,Melrose Mechanics,Melrose Elementary School,West Virginia
4368,27,0,27,91312A,Albany Wildcats Team A,ALBANY ELEMENTARY SCHOOL,Indiana - Region 1 - North
4369,27,0,27,89500B,LaVille Lancers,Laville Elementary School,Indiana - Region 1 - North
4370,27,0,27,8240D,Cheesestronauts,CENTENNIAL ELEMENTARY,Colorado
4371,27,0,27,95035E,Code-A-Cola Lime,VINTON ELEMENTARY SCHOOL,Louisiana
4372,27,0,27,12214C,The Claw Machine,ABRAHAM LINCOLN ELEMENTARY SCHOOL,Indiana - Region 2 - Central
4373,27,0,27,47238A,Robo Girls,P A  DISKIN ELEMENTARY SCHOOL,Nevada
4374,27,0,27,94173C,The Mini Minions,Cleora Public School,Oklahoma
4375,27,0,27,8873A,TECH TITANS,THOMAS EDISON ENERGYSMART CHARTER SCHOOL,New Jersey
4376,27,0,27,14581P,Robo Blasters,Charlotte Public Schools,Michigan
4377,27,0,27,35117B,Mt. Olive Panthers Team 2,MOUNT OLIVE ELEMENTARY SCHOOL,Alabama
4378,27,0,27,55608C,Celestial Alien Ducks,PARAMOUNT COTTAGE HOME,Indiana - Region 2 - Central
4379,27,0,27,32867B,LFSM Gear Bears,Los Feliz Science/tech/engineer/math/medicine Magnet,California - South
4380,27,0,27,2316F,Unstoppable Unknown Botfire 2.0,Hall Fletcher Elementary,North Carolina
4381,27,0,27,24601A,BoyBots,Math & Science Magnet School,Arkansas
4382,27,0,27,56445C,Divine Diamonds,Pike County Schools - Center for Advanced Academics & Accelerated Learning,Alabama
4383,27,0,27,48255B,Wilder 2,Wilder Elementary School,North Dakota
4384,27,0,27,92974B,Gill bulldogs,CHARLES A GILL ELEMENTARY SCHOOL,Texas - Region 2
4385,27,0,27,76240C,Krafters,GAINESVILLE INT,Texas - Region 5
4386,27,0,27,90597V,Mustangs,BARBARA JORDAN ELEMENTARY SCHOOL,Texas - Region 2
4387,27,0,27,9050D,Hawks 9050 5 The Mini P.E.K.K.A.S. (blue),Harvest Ridge Cooperative Charter,California - North
4388,27,0,27,23807C,Falcon Bots C,Fremont Elementary,California - South
4389,27,0,27,6106H, SKH Yautong Kei Hin Primary School,S.K.H. Yautong Kei Hin Primary School,Hong Kong
4390,27,0,27,11036F,Girls on the Bot,POWDERSVILLE ELEMENTARY,South Carolina
4391,27,0,27,5102E,Cyber Bots,COKER ELEMENTARY SCHOOL,Texas - Region 4
4392,27,0,27,7766B,Panthers,William A. Blair,Texas - Region 2
4393,27,0,27,81239B,Team Pro B's,WINCHESTER VILLAGE ELEMENTARY,Indiana - Region 2 - Central
4394,27,0,27,91187C,Arlington Eagle Bots,ARLINGTON HEIGHTS ELEMENTARY SCH,Indiana - Region 3 - South
4395,27,0,27,1466H,Next Level Kidz »» Six Seven Kids,Next Level Kidz Inc.,South Carolina
4396,27,0,27,70907C,Mad Matchers,CRESTVIEW SCHOOL,Utah
4397,27,0,27,51070A,Alpha Fish,FISHBACK CREEK PUBLIC ACADEMY,Indiana - Region 2 - Central
4398,27,0,27,14801A,Roadrunner Robotics,GERTRUDE K. EDELMAN/SABAL PALM,Florida - South
4399,27,0,27,87587C,Lakeland Super Bots,Lakeland Intermediate School,Indiana - Region 1 - North
4400,27,0,27,14259D,The Minecraft Machinery Boys,ESTES PARK K-5 SCHOOL,Colorado
4401,27,0,27,26034A,Red Rover,SANBORN ELEMENTARY SCHOOL,Colorado
4402,26,6,20,37712B,Firehawks,Bixby East,Oklahoma
4403,26,7,19,34362A,Golden Girls,ST JOSEPH SCHOOL,Wisconsin
4404,26,7,19,6502B,Coeur d'Alene WISE Lab,Coeur d'Alene Ave Elementary ,California - South
4405,26,0,26,40693S,MegaMinds,Gillette College,Wyoming
4406,26,0,26,14581N,The Lucky Clovers,Charlotte Public Schools,Michigan
4407,26,7,19,27112E,陈分利泽VIQRC一队,Branch Of Beijing Chenjinglun Middle School,North China
4408,26,7,19,2028A,Duck Luck - BDR,Bankhead Middle School,Alabama
4409,26,7,19,7479V,Victorian Legends,Hillcrest Christian College,Australia
4410,26,7,19,42377A,Walter Jackson Team A,Walter Jackson Elementary School,Alabama
4411,26,7,19,162C,The Champs,WEST HAVEN SCHOOL,Utah
4412,26,7,19,114B,114B,KANESVILLE SCHOOL,Utah
4413,26,6,20,84401D,Thunder IQ,MARTHA & JOSH MORRISS MATH & ENGINEERING ELEMENTARY SCHOOL,Texas - Region 2
4414,26,2,24,88892X,Brain-e-Yaks,Delhi Charter School,Louisiana
4415,26,4,22,77241E,Fennec Foxes CES-E,CENTRAL ELEMENTARY,Mississippi
4416,26,4,22,10394H,Outstanding Whackadoos,INDIAN CREEK ELEMENTARY SCHOOL,Indiana - Region 2 - Central
4417,26,0,26,84212H,Poptart Monsters,EAST HILLS MIDDLE SCHOOL,Arkansas
4418,26,2,24,16714Z,Keiki Builders Z,Kamehameha Schools Hawai'i Elementary,Hawaii
4419,26,2,24,2005A,Robotic Dogz,ALPINE ELEMENTARY SCHOOL,Colorado
4420,26,2,24,11813C,Rising Stars,Oak Hill Elementary School,Georgia
4421,26,2,24,11515A,Butter Cutters,WHITERIVER ELEMENTARY,Arizona
4422,26,2,24,9464A,Cowboy Robotics,HICKORY RIDGE ELEMENTARY,North Carolina
4423,26,2,24,28277D,Rocket Robotics - D,PROVIDENCE SPRING ELEMENTARY,North Carolina
4424,26,2,24,46291C,Pick 'n' Mix,Earlsdon Primary School,United Kingdom
4425,26,2,24,46113T,Tampa Bay Boulevard Elementary,TAMPA BAY BOULEVARD ELEMENTARY SCHOOL,Florida - North/Central
4426,26,2,24,68689A,Bot Buddies,BP STEM ACADEMY,California - South
4427,26,2,24,7319B,Gullett Team B,B.D. GULLETT ELEMENTARY SCHOOL,Florida - North/Central
4428,26,2,24,5498G,MechaLion,ROBOCOD KH,Tunisia
4429,26,2,24,70814G,Robo Squad,Charles E. Boger Elementary,North Carolina
4430,26,0,26,83900Y,// Caution Tape Yellow Tech //,Caution Tape Robotics STEM Lab ////,Ontario
4431,26,0,26,74628H,The Detonators,THREE RIVERS SCHOOL,Illinois
4432,26,0,26,36778A,Paper Robotics,VexIQ Girls Tribeca,New York-South
4433,26,0,26,16298A,Clontuskert NS,St. Augustine's NS Clontuskert,Ireland
4434,26,0,26,55437A,Gaelscoil Mhichíl UÍ Choileáin,Gaelscoil Mhichil Ui Choileain,Ireland
4435,26,0,26,2014A,Hydro Flying Squirrels,Sandpiper Elementary School,California - North
4436,26,0,26,39666A,美加光年队,武汉美加外语学校,Middle China
4437,26,0,26,56100A,St. Andrews 1,St Andrews School,Australia
4438,26,0,26,25674D,Fearless Queens,Fred J Hums Elementary School,Indiana - Region 1 - North
4439,26,0,26,46563D,Webster Robot Warriors,WEBSTER ELEMENTARY SCHOOL,Indiana - Region 1 - North
4440,26,0,26,97912G,RoboGOATs,Dyr,California - North
4441,26,0,26,290T,Tech Tide,Orley Farm School,United Kingdom
4442,26,0,26,17366A,VIFC,Colegio Cervantes,Paraguay
4443,26,0,26,2884A,ICAAS Panthers Robotics,IREDELL CHARTER ACADEMY,North Carolina
4444,26,0,26,71825P,NSE Team 3,Northshore Elementary School,Mississippi
4445,26,0,26,24528A,HRE - Rock-It-Robots,HOOSIER ROAD ELEMENTARY SCHOOL,Indiana - Region 2 - Central
4446,26,0,26,19213B,Pirogue,Northshore Robotics,Louisiana
4447,26,0,26,91286A,Justice League - Red,JUSTICE THURGOOD MARSHALL INTRMD,Indiana - Region 1 - North
4448,26,0,26,12214B,The Flamed Conveyor,ABRAHAM LINCOLN ELEMENTARY SCHOOL,Indiana - Region 2 - Central
4449,26,0,26,74628G,Quick Builderz,THREE RIVERS SCHOOL,Illinois
4450,26,0,26,98512A,Team Cypress,Northshore Robotics,Louisiana
4451,26,0,26,22071B,RoboFoxes,KATHRYN GRIFFIS ELEMENTARY SCHOOL,Texas - Region 2
4452,26,0,26,30125C,Auto Hippos,Lee Martinez Elementary School,Texas - Region 4
4453,26,0,26,50091X,DIXIE - Leopard Logic,The Dixie Grammar School,United Kingdom
4454,26,0,26,33062E,Voltage,HARTSELLE INTERMEDIATE SCHOOL,Alabama
4455,26,0,26,70510E,Robotic Engineers,MEAD ELEMENTARY SCHOOL,Colorado
4456,26,0,26,34543E,345RoboticsE,345Robotics,Cayman Islands
4457,26,0,26,5410A,The Kerley Fries,BENJAMIN DOC KERLEY ELEMENTARY SCHOOL,Texas - Region 4
4458,26,0,26,94851C,Stack 'Em Before We Attack 'Em,Sandycreek Elementary School,Pennsylvania - West
4459,26,0,26,6403C,Robo Gamers,Brookside Intermediate School,Ohio
4460,26,0,26,41090C,SBE Starbots: 41090C,SETTLES BRIDGE ELEMENTARY SCHOOL,Georgia
4461,26,0,26,81134K,Dragon Panda Botz,VAUGHN NEXT CENTURY LEARNING CENTER,California - South
4462,26,0,26,91286B,Justice League - Orange,JUSTICE THURGOOD MARSHALL INTRMD,Indiana - Region 1 - North
4463,26,0,26,12085B,Boba Bear,MARGARET R BROWN ELEMENTARY SCHOOL,Indiana - Region 3 - South
4464,26,0,26,63363X,Terror_bot 67,Logansport Intermediate School,Indiana - Region 1 - North
4465,26,0,26,432F,Microwave,Valley Grove Elementary School,Pennsylvania - West
4466,26,0,26,19997B,Dolphin Bot,WEST HOKE ELEMENTARY,North Carolina
4467,26,0,26,85734A,CRE Roborunners,CUMBERLAND ROAD ELEMENTARY SCHOOL,Indiana - Region 2 - Central
4468,26,0,26,1214B,Alexandria Valley Bots,Alexandria Elementary School,Alabama
4469,26,0,26,68751E,I Don't Know,SAND SPRINGS SCHOOL,Utah
4470,26,0,26,12153A,RoboHawks,HAVERHILL ELEMENTARY SCHOOL,Indiana - Region 1 - North
4471,26,0,26,19813B,Chubby Unicorns,EAGLE BAY SCHOOL,Utah
4472,26,0,26,40614B,The Truthseekers Robotics,International Academy of Cincinnati,Ohio
4473,26,0,26,41476B,Diamond Robotics: Sour Lemons,Midland Trail Elementary School Diamond Robotics Team,West Virginia
4474,26,0,26,57764B,Panther Onyx Team,Paragon Elementary,Indiana - Region 2 - Central
4475,26,0,26,29281C,Tech Warriors,LIBERTY ELEMENTARY SCHOOL,Indiana - Region 1 - North
4476,25,18,7,7479W,Vegemite Victors,Hillcrest Christian College,Australia
4477,25,18,7,93455D,Shadow,BRUCE (ROBERT) ELEMENTARY,California - South
4478,25,9,16,18347C,Trailblazer White,DISCOVERY ELEMENTARY SCHOOL,North Dakota
4479,25,7,18,13989C,Cherry Tree Robotics,Cherry Tree Elementary School,Indiana - Region 2 - Central
4480,25,7,18,69582A,Roboeagles,BRADFORD SCHOOL DISTRICT,Arkansas
4481,25,2,23,43524B,WCA Wildcat Robotics,WASHINGTON CHRISTIAN ACADEMY,Maryland
4482,25,7,18,61167B,Cleveland Elementary Girls,CLEVELAND ELEMENTARY SCHOOL,Indiana - Region 1 - North
4483,25,7,18,88397K,The Classified Bananas,St Andrew's College,New Zealand
4484,25,7,18,19554A,Robotic Rhinos,LYONS ELEMENTARY SCHOOL,Colorado
4485,25,7,18,69559B,Nancy Hanks Elementary 2,NANCY HANKS ELEMENTARY SCHOOL,Indiana - Region 3 - South
4486,25,7,18,40591B,Little French Pigs,WOODBROOK ELEMENTARY SCHOOL,Indiana - Region 2 - Central
4487,25,7,18,19810C,Da Robot Legends,ESTRELLA ELEMENTARY,California - South
4488,25,6,19,41137A,Digital Dragons,Collierville Elementary School,Tennessee
4489,25,6,19,43826B,Robot Geeks,ERNEST R. GRAHAM K-8 ACADEMY,Florida - South
4490,25,6,19,82721D,Robo Wolves,ROZET ELEMENTARY,Wyoming
4491,25,4,21,43615C,The Angels,DISCOVERY Children's Museum,Nevada
4492,25,4,21,87620G,MattBots,MATT ELEMENTARY SCHOOL,Georgia
4493,25,4,21,2605A,Robottle,Newbottle Primary Academy,United Kingdom
4494,25,4,21,19968C,H.O.B Vikings Robotics,H. O. Brittingham Elementary School,Delmarva
4495,25,0,25,824C,Ross Elementary,James H Ross Elementary School,Texas - Region 3
4496,25,0,25,3214A,Southland LeopardBots,SOUTHLAND ELEMENTARY,Minnesota
4497,25,0,25,63828B,Team Gamers,Doxey School,Utah
4498,25,0,25,473B,Robotic Reptiles,FLAGSTAFF CHARTER ACADEMY,Colorado
4499,25,0,25,34362G,Circuit Board Boys,ST JOSEPH SCHOOL,Wisconsin
4500,25,0,25,63122B,Crystal Girls,WESTCHESTER ELEMENTARY SCHOOL.,Missouri
4501,25,0,25,2633W,CODE-A-ROBOT W,CODE-A-ROBOT,Florida - South
4502,25,2,23,23720A,RoboDog,BLANTON ELEMENTARY SCHOOL,Texas - Region 5
4503,25,2,23,6574D,ANTS,CodHub Sousse,Tunisia
4504,25,0,25,21043A,Crockett Robotics,CROCKETT ELEMENTARY SCHOOL,Texas - Region 5
4505,25,0,25,27661B,RBE B,RUCKER BOULEVARD ELEMENTARY SCHOOL,Alabama
4506,25,0,25,6537J,Middleton Jaguars,MIDDLETON STREET ELEMENTARY,California - South
4507,25,0,25,48236A,Streamside Robotics,Streamside Christian Academy,Indiana - Region 2 - Central
4508,25,0,25,46345C,Screaming Eagles- C,LORNE STREET ELEMENTARY,California - South
4509,25,0,25,66094P,Potato Bots,Potato Bots,Virginia
4510,25,0,25,4523K,Iron Bot,CodHub Ksar Hellal,Tunisia
4511,25,0,25,96775A,Fairview - Red Scorpions,FAIRVIEW ELEMENTARY SCHOOL,Indiana - Region 1 - North
4512,25,0,25,59341A,Northern Heights Elementary,NORTHERN HEIGHTS ELEMENTARY SCHOOL,Indiana - Region 1 - North
4513,25,0,25,65280A,Coding Curdettes,"St Catherine's School, Sydney",Australia
4514,25,0,25,44254A,Mightymini,YouthBots,California - South
4515,25,0,25,95035C,Diet Code-A-Cola,VINTON ELEMENTARY SCHOOL,Louisiana
4516,25,0,25,825C,Blue Whales- Hall Elementary,WALTER HALL ELEMENTARY SCHOOL,Texas - Region 3
4517,25,0,25,3703F,The Pickles,Mountain Brook Machines-MBE,Alabama
4518,25,0,25,492G,Robo Rascals,Austin RoboPack,Minnesota
4519,25,0,25,6088B,Mech Bots,EMMONS ELEMENTARY SCHOOL,Indiana - Region 1 - North
4520,25,0,25,12059A,Doc Bots,St. Luke Catholic School,Indiana - Region 2 - Central
4521,25,0,25,90873A,KCES Team Kaboom,KAY CARL ELEMENTARY SCHOOL,Nevada
4522,25,0,25,29690B,H.E.R.E. Slay Queen Baddies,HERITAGE ELEMENTARY,South Carolina
4523,25,0,25,3580D,Stingbots Cuties,SEMINOLE SCIENCE CHARTER SCHOOL,Florida - North/Central
4524,25,0,25,340A,Salem Robotics A,SALEM ELEMENTARY SCHOOL,Tennessee
4525,25,0,25,3455M,Dragon Masters,BILL Y TOMIYASU ELEMENTARY SCHOOL,Nevada
4526,25,0,25,57992B,Baby Snappy,"Sacred Heart Schools, Atherton",California - North
4527,25,0,25,89483C,Scoil Náisiúnta Cholmcille - Red Robo Rockets,Scoil Náisiúnta Cholmcille,Ireland
4528,25,0,25,10387A,SES Nerdbots,SCOTTSBURG ELEMENTARY SCHOOL SCHOOL,Indiana - Region 3 - South
4529,25,0,25,83346A,Chrisney Patriots,Chrisney Elementary School,Indiana - Region 3 - South
4530,25,0,25,13876C,The Virus 6.7,LONG PRAIRIE-GREY EAGLE ELEMENTARY,Minnesota
4531,25,0,25,15888B,HTSPS B,獅子會何德心小學,Hong Kong
4532,25,0,25,68792H,Riverside Robotics,Riverside Intermediate School,Indiana - Region 2 - Central
4533,25,0,25,63671D,CCE Comets 1,CLAY CENTER ELEMENTARY SCHOOL,Indiana - Region 2 - Central
4534,25,0,25,4270Z,Elementary Crusaders z,ST LOUIS SCHOOL,Hawaii
4535,25,0,25,70510D,Robo Rascals,MEAD ELEMENTARY SCHOOL,Colorado
4536,25,0,25,697D,Red Risers,Mars Hill Bible School Elementary,Alabama
4537,25,0,25,52525A,Hackers,SOUTHEAST FOUNTAIN ELEMENTARY,Indiana - Region 1 - North
4538,25,0,25,17151K,What is this name?,KENNETH T BEAGLE  MIDDLE SCHOOL,Michigan
4539,25,0,25,37700A,The Aces,LILLIE IDELLA KITLEY ELEMENTARY,Indiana - Region 2 - Central
4540,25,0,25,26995B,Gear Girls,EAST SMITHS STATION ELEMENTARY SCHOOL,Alabama
4541,25,0,25,34681A,WARRIOR BOTS,Warrior Elementary School,Alabama
4542,25,0,25,65519M,SV_BazanSpark,SAO VIET INTER-LEVEL SCHOOL,Vietnam
4543,25,0,25,79783D,Stallion Pride,Marvin Elementary School,California - South
4544,25,0,25,17046A,Winnetka Whales,Winnetka Avenue Elementary School,California - South
4545,25,0,25,31616P,Palomino Bots P,CHATSWORTH PARK ELEMENTARY,California - South
4546,25,0,25,90948E,NP Yellow Jackets,NORTH POINTE ELEMENTARY,South Carolina
4547,25,0,25,78682M,Dynamic Dolphin Bots 78682 M,DAVES CREEK ELEMENTARY SCHOOL,Georgia
4548,25,0,25,90948C,NP Yellow Jackets,NORTH POINTE ELEMENTARY,South Carolina
4549,25,0,25,39144C,RedPandas,EVENING STAR ELEMENTARY SCHOOL,Arkansas
4550,25,0,25,67904A,Hornets,BARBARA HAWKINS ELEMENTARY SCHOOL,Florida - South
4551,25,0,25,85183B,Da Twix,Hoisington Elementary Robotics,Kansas
4552,25,0,25,34037A,Cadet Synths,Scotsdale Elementary,Texas - Region 1
4553,25,0,25,23500D,VEXTRON,EDKEY INC. - PATHFINDER ACADEMY AT EASTMARK,Arizona
4554,25,0,25,16645F,Gear Girls,UNIVERSITY ELEMENTARY SCHOOL,Indiana - Region 3 - South
4555,25,0,25,1120Z,Ten Ton Robotics,West Vancouver Schools,British Columbia (BC)
4556,25,0,25,25674C,Teamc00lKiD,Fred J Hums Elementary School,Indiana - Region 1 - North
4557,25,0,25,90313A,Robo Hawks,Victory College Prep,Indiana - Region 2 - Central
4558,25,0,25,10054C,ROBOCATS,East Elementary School,Alabama
4559,25,0,25,4223B,The Spiders,INNOVATION MONTESSORI OCOEE,Florida - North/Central
4560,25,0,25,67052G,Challenger Golf,CHALLENGER INTERMEDIATE SCHOOL,Kansas
4561,25,0,25,6576B,The Blue Quassants,GATEWAY SCIENCE ACADEMY OF ST. LOUIS - SMILEY,Missouri
4562,25,0,25,22212A,CSB 1,Canadian School Bahrain,Bahrain
4563,25,0,25,34771A,Lions,LAKEVIEW ELEMENTARY SCHOOL,Indiana - Region 3 - South
4564,25,0,25,89435B,Dayton Robotics League,DAYTON ELEMENTARY SCHOOL,Indiana - Region 1 - North
4565,25,0,25,94575A,Cougars A,SOUTH DECATUR ELEMENTARY SCHOOL,Indiana - Region 3 - South
4566,25,0,25,49077D,Hawkeye Robotics,PRAIRIE TRACE ELEMENTARY SCHOOL,Indiana - Region 2 - Central
4567,25,0,25,97265B,West Clay WolfBots - White,WEST CLAY ELEMENTARY SCHOOL,Indiana - Region 2 - Central
4568,25,0,25,66406E,Bailly E,BAILLY ELEMENTARY SCHOOL,Indiana - Region 1 - North
4569,25,0,25,98867B,CyberOWLS,OAKVALE SCHOOL,West Virginia
4570,24,22,2,76666H,GAMER IQ MAKER'S,"Aula Maker, Castellon",Spain
4571,24,7,17,77977Y,The Thingys,ASU PREPARATORY ACADEMY-POLYTECHNIC ELEMENTARY,Arizona
4572,24,7,17,16714X,Keiki Builders X,Kamehameha Schools Hawai'i Elementary,Hawaii
4573,24,7,17,34202S,Lemonade!,GILBERT W MCNEAL ELEMENTARY SCHOOL,Florida - North/Central
4574,24,7,17,73507C,The Legendary Phoenixes,nooby.tech,Belgium
4575,24,0,24,27261C,Deltona Dynamite Doves Team 3,DELTONA ELEMENTARY SCHOOL,Florida - North/Central
4576,24,7,17,89308K,Bro Bots,MOUNTAIN VIEW ELEMENTARY SCHOOL,Colorado
4577,24,6,18,10525P,Polar Penguins ,FOREST GLEN ELEMENTARY SCHOOL,Indiana - Region 2 - Central
4578,24,2,22,83203D,How to Train Your Robot,OSCEOLA SCIENCE CHARTER SCHOOL,Florida - North/Central
4579,24,6,18,82721C,Rad Rozet Robotics,ROZET ELEMENTARY,Wyoming
4580,24,6,18,84091T,Bix-N-Bots,Bixby Central,Oklahoma
4581,24,6,18,30077K,Karate Krakens,BILOXI UPPER ELEMENTARY,Mississippi
4582,24,4,20,99477J,Collegium Robotics 477 Jumping Jaguar,COLLEGIUM CS,Pennsylvania - East
4583,24,4,20,480D,RoboHippos-D,NADINE JOHNSON ELEMENTARY SCHOOL,Texas - Region 4
4584,24,4,20,67052E,Challenger Echo,CHALLENGER INTERMEDIATE SCHOOL,Kansas
4585,24,4,20,2410F,Cookie Monsters,KEYSTONE ELEMENTARY SCHOOL SCH,Pennsylvania - West
4586,24,4,20,73292A,Fox Robots,Franke Park Elementary School,Indiana - Region 1 - North
4587,24,0,24,88455B,The Flaming Cheetos,FAITH Inc.,Kentucky
4588,24,2,22,48543A,Holy Family,Holy Family Catholic Primary School,United Kingdom
4589,24,0,24,3554A,The Players,WACOOCHEE ELEMENTARY SCHOOL,Alabama
4590,24,2,22,27261D,Deltona Dynamite Doves Team 4,DELTONA ELEMENTARY SCHOOL,Florida - North/Central
4591,24,0,24,44010S,Ctrl + Alt + Victory,WEDDINGTON HILLS ELEMENTARY,North Carolina
4592,24,0,24,50501B,Voltage Bandits,Our Lady Queen of Heaven School,Louisiana
4593,24,0,24,30410J,Winning Tigers,St. Johnsbury Academy Jeju,South Korea
4594,24,0,24,955D,Gamer Gang,PINE CREST SCHOOL,Florida - South
4595,24,0,24,24979B,Tytaps(B),Tsing Yi Trade Association Primary School,Hong Kong
4596,24,0,24,61326B,Mighty Mustangs -Team B,Sixty-first Street Elementary School,California - South
4597,24,0,24,23255A,Dommerich A,Dommerich Elementary School,Florida - North/Central
4598,24,0,24,51070B,Beta Fish,Fishback Creek Public Academy,Indiana - Region 2 - Central
4599,24,0,24,6510F,Pink Flooffy Unicorns,"Pymble Ladies College, Sydney, Australia",Australia
4600,24,0,24,14001C,Smart Ramen,Weis Elementary,Texas - Region 3
4601,24,0,24,54037B,Crazy Bananas,The Canadian International School Guangzhou,South China
4602,24,0,24,24800Y,× EXCEED × Y? ×,Exceed Robotics,Ontario
4603,24,0,24,20234Z,小洛特聯隊4,SLR 小洛特機器人,Chinese Taipei
4604,24,0,24,71545A,CBQ Wildcats,Dishchii'bikoh Community School,Arizona
4605,24,0,24,68671C,Death Burgers,DANVILLE ELEMENTARY SCHOOL,Ohio
4606,24,0,24,8119E,oxo,Innovac Makerspace,Singapore
4607,24,0,24,16481B,STMATTHEW-B,S.K.H. St. Matthew's Primary School,Hong Kong
4608,24,0,24,88397J,Mongolian Tree Wessels,St Andrew's College,New Zealand
4609,24,0,24,5280W,Furry Gang,SOARING HEIGHTS PK-8,Colorado
4610,24,0,24,19071M,CyborgPups,PRESTONWOOD MONTESSORI AT E D WALKER,Texas - Region 2
4611,24,0,24,92703F,Jefferson JagBots,JEFFERSON ELEMENTARY,California - South
4612,24,0,24,429P,Princess Nahienaena 429P,PRINCESS NAHIENAENA ELEMENTARY SCHOOL,Hawaii
4613,24,0,24,823B,NPE Endeavour ,NORTH POINTE ELEMENTARY SCHOOL,Texas - Region 3
4614,24,0,24,8089B,Huemonelab B,Huemonelab Coding,South Korea
4615,24,0,24,55547A,Red Sands Robo 1,RED SANDS ELEMENTARY SCHOOL,Texas - Region 1
4616,24,0,24,604B,Liberty 604,LIBERTY ELEMENTARY,California - South
4617,24,0,24,9057B,Santos,SANCHEZ (DAVID J.) ELEMENTARY,California - South
4618,24,0,24,30636D,TMA Team D,TUSTIN MEMORIAL ELEMENTARY,California - South
4619,24,0,24,4916C,OverClock,MARIPOSA ELEMENTARY,California - South
4620,24,0,24,28295A,The Nightflyers,MOUNTAIN VALLEY ELEMENTARY SCHOOL,West Virginia
4621,24,0,24,25552D,Robotic Huskies,HAW CREEK ELEMENTARY,Georgia
4622,24,0,24,50853B,Robotic RAMS B,ORANGEWOOD CHRISTIAN SCHOOL,Florida - North/Central
4623,24,0,24,6088C,Mini Retro Bots,EMMONS ELEMENTARY SCHOOL,Indiana - Region 1 - North
4624,24,0,24,70277C,Space Chickens,LEGACY ELEMENTARY SCHOOL,Colorado
4625,24,0,24,21545C,The RoBo Panthers,PIGGOTT ACADEMY OF INTERNATIONAL STUDIES,Nevada
4626,24,0,24,33911B,McCaw's Bialorucki's Roboters 33911B,MCCAW  GORDON ELEMENTARY SCHOOL,Nevada
4627,24,0,24,3437G,FHES Graphite Flobots,FOREST HILLS SCHOOL,Alabama
4628,24,0,24,98157B,Olive Grove Elementary School,Olive Grove Elementary School,California - North
4629,24,0,24,83922Z,Sotero Bots,Sotero Figueroa ,Puerto Rico
4630,24,0,24,92666A,Gaelscoil DnaB,Gaelscoil Dhroichead na Banndan,Ireland
4631,24,0,24,520A,Immanuel Warriors 520A,IMMANUEL LUTHERAN SCHOOL,Indiana - Region 3 - South
4632,24,0,24,37909B,The Cats,WEST HILLS ELEMENTARY,Tennessee
4633,24,0,24,74730A,Barnabie's Girlies,DOLBY ELEMENTARY SCHOOL,Louisiana
4634,24,0,24,96433A,The Turtle Seahorse,ALL SAINTS ACADEMY-ST CLOUD CAMPUS,Minnesota
4635,24,0,24,492B,MicroBots,Austin RoboPack,Minnesota
4636,24,0,24,3522K,St. Ambrose,ST AMBROSE CATHOLIC SCHOOL,Indiana - Region 3 - South
4637,24,0,24,70664A,TwisterBots1,E. K. KEY ELEMENTARY SCHOOL,Louisiana
4638,24,0,24,54037A,Fireballs,The Canadian International School Guangzhou,South China
4639,24,0,24,6438A,Russell Robotics A,RUSSELL ELEMENTARY,California - South
4640,24,0,24,90732A,Pelicans 5,Park Western Place Elementary School,California - South
4641,24,0,24,84918S,Solano Gears,SOLANO AVENUE ELEMENTARY,California - South
4642,24,0,24,66893C,Robo Owls,Sheridan Street Elementary School,California - South
4643,24,0,24,94511B,Pittsboro Burro Bots,PITTSBORO ELEMENTARY SCHOOL,Indiana - Region 2 - Central
4644,24,0,24,60309A,60309A,O'rourke Elementary School,Alabama
4645,24,0,24,3265B,Robey Rockets- Bravo,ROBEY ELEMENTARY SCHOOL,Indiana - Region 2 - Central
4646,24,0,24,73298B,Tigerbots B,ALEXANDRIA-MONROE ELEMENTARY,Indiana - Region 1 - North
4647,24,0,24,32613E,Air Force 1,Semmes Elementary School,Alabama
4648,24,0,24,29843N,Nova Hummingbirds,PANORAMA CITY ELEMENTARY,California - South
4649,24,0,24,85571J,BIA OWL's,Baltimore International Academy,Maryland
4650,24,0,24,10460P,Nā Pueo,GUSTAV H WEBLING ELEMENTARY SCHOOL,Hawaii
4651,24,0,24,85288B,SSJ Prototypes,STS SIMON & JUDE SCHOOL,California - South
4652,24,0,24,97898T,TH Nam Tiến,Trường Tiểu học Nam Tiến,Vietnam
4653,24,0,24,49557B,NDES Warriors,NORTH DECATUR ELEMENTARY SCHOOL,Indiana - Region 3 - South
4654,24,0,24,46227D,Cardinal Coders,SOUTHPORT 6TH GRADE ACADEMY,Indiana - Region 2 - Central
4655,24,0,24,79001A,RoboWranglers,THOMAS MANOR,Texas - Region 1
4656,24,0,24,45618F,BES F,Brookwood Elementary School,Alabama
4657,24,0,24,91218B,Ballard Blazers,BALLARD ELEMENTARY SCHOOL,Florida - North/Central
4658,24,0,24,34543B,345RoboticsB,345Robotics,Cayman Islands
4659,24,0,24,13680E,Captain’s Crew,Pooles Mill Elementary,Georgia
4660,24,0,24,9520B,BB,Maple Ave Elementary School,New York-North
4661,24,0,24,43945B,Ultimate Crashouts,SOUTHERN LOCAL ELEMENTARY SCHOOL,Ohio
4662,24,0,24,31574C,AAAA BATTERIES,Montgomery Catholic Preparatory School St. Bede Campus,Alabama
4663,24,0,24,68751G,Super Six Sevens,SAND SPRINGS SCHOOL,Utah
4664,24,0,24,5280M,Cyber Stars,SOARING HEIGHTS PK-8,Colorado
4665,24,0,24,104C,Anderson Bots,William M Anderson Elementary School,Texas - Region 2
4666,24,0,24,24824A,Hancock Robotics,HANCOCK ELEMENTARY,Maryland
4667,24,0,24,12211B,Childs Elementary,CHILDS ELEMENTARY SCHOOL,Indiana - Region 3 - South
4668,24,0,24,34468A,TechnoVikings,Voorhies Elementary,California - South
4669,24,0,24,65837B,Robotastics,W M IRVIN ELEMENTARY,North Carolina
4670,24,0,24,1229B,Tillman's 4th Grade,JAMES TILLMAN ELEMENTARY MAGNET SCHOOL,Florida - North/Central
4671,24,0,24,69455A,Rocket Robots,Coltrane-Webb STEM Elementary,North Carolina
4672,24,0,24,30028C,30028C,SILVER CITY ELEMENTARY SCHOOL,Georgia
4673,24,0,24,98860B,Liberty Gray,LIBERTY ELEMENTARY SCHOOL,Indiana - Region 1 - North
4674,24,0,24,93901A,TPOMPS,Tai Po Old Market Public School,Hong Kong
4675,24,0,24,18496J,Jetbots,Adams Elementary School,Indiana - Region 1 - North
4676,24,0,24,51379A,Giant Frostbyte,ALLEN ELEMENTARY SCHOOL,Indiana - Region 1 - North
4677,24,0,24,90093B,Riverview Robotics B,Riverview Elementary School,Indiana - Region 1 - North
4678,24,0,24,50051C,Fox Hill Robotics- Insert Name Here,FOX HILL ELEMENTARY SCHOOL,Indiana - Region 2 - Central
4679,24,0,24,97401C,Beaver Bots,BEAVER TECHNOLOGY CENTER,Texas - Region 5
4680,24,0,24,12085A,Apple the Acorn Ape,MARGARET R BROWN ELEMENTARY SCHOOL,Indiana - Region 3 - South
4681,24,0,24,90876C,Geist Elementary Team 3,GEIST ELEMENTARY SCHOOL,Indiana - Region 2 - Central
4682,24,0,24,1447E,Quantum Crew,AVON GROVE INTRMD SCH,Pennsylvania - East
4683,24,0,24,10054A,The Players,East Elementary School,Alabama
4684,24,0,24,49628A,Dolphins 2,Gertrude Walker Elementary School,Kansas
4685,24,0,24,3060A,Solar Powered,Solar Preparatory School for Girls,Texas - Region 2
4686,24,0,24,90093A,Riverview Robotics A,Riverview Elementary School,Indiana - Region 1 - North
4687,24,0,24,22822J,Robo Eagles,Allen Elementary LEAD VEX Robotics,California - South
4688,24,0,24,57P,Pinecrest PowerBot,Pinecrest Academy,Florida - South
4689,24,0,24,34771D,Lions,LAKEVIEW ELEMENTARY SCHOOL,Indiana - Region 3 - South
4690,24,0,24,14675B,EES White,EAST ELEMENTARY SCHOOL,Indiana - Region 2 - Central
4691,24,0,24,28124P,TigerBots,Mt. Pleasant Elementary,North Carolina
4692,24,0,24,14675A,EES Green,EAST ELEMENTARY SCHOOL,Indiana - Region 2 - Central
4693,24,0,24,2780A,Panther Cubs Robotics (a),Park Tudor (Lower School),Indiana - Region 2 - Central
4694,24,0,24,36914C,The Robo Donut Holes,College View Elementary,Iowa
4695,24,0,24,12086A,Black Cheetah Robot,LANDIS ELEMENTARY SCHOOL,Indiana - Region 1 - North
4696,24,0,24,9225A,Thunder Cats A,White Plains Elementary School,Alabama
4697,24,0,24,68792E,Riverside Robotics,Riverside Intermediate School,Indiana - Region 2 - Central
4698,24,0,24,3705G,Titanium Bananas,Crestline Elementary School,Alabama
4699,24,0,24,9464F,Cowboy Robotics,HICKORY RIDGE ELEMENTARY,North Carolina
4700,24,0,24,91217C,Electric Coders,ELK ELEMENTARY CENTER,West Virginia
4701,24,0,24,8267B,Robo Pats,Bethesda Christian School,Indiana - Region 2 - Central
4702,24,0,24,57764A,Panther Green Team,Paragon Elementary,Indiana - Region 2 - Central
4703,24,0,24,49077A,HawkBots,PRAIRIE TRACE ELEMENTARY SCHOOL,Indiana - Region 2 - Central
4704,24,0,24,65967A,Redhawks Robotics,MERLE SIDENER GIFTED ACADEMY,Indiana - Region 2 - Central
4705,24,0,24,21025A,Winfield RoboCats: RoboRainbotato,WINFIELD ELEMENTARY SCHOOL,Indiana - Region 1 - North
4706,24,0,24,46706A,Bell Bots ,BELL INTERMEDIATE ACADEMY,Indiana - Region 2 - Central
4707,24,0,24,2809B,Hornet Hackers,DEEP CREEK ELEMENTARY,Virginia
4708,24,0,24,48598T,East Cyborg Eagles,EAST ELEMENTARY SCHOOL,Tennessee
4709,24,0,24,54515A,Victory Tigers,VICTORY BOULEVARD ELEMENTARY,California - South
4710,23,0,23,79836C,Zion Raiders,Zion Lutheran School,Michigan
4711,23,14,9,54445E,Mini Duckies,Lomond View Elementary,Utah
4712,23,7,16,37751B,Up Academy Robotics,UP ACADEMY,California - North
4713,23,7,16,85365C,The Champions,Yuma Homeschool Robotics,Arizona
4714,23,4,19,4751A,Color Crew,Robotics Edge LLC.,Arizona
4715,23,4,19,34251A,The Myakka Cowboys,MYAKKA CITY ELEMENTARY SCHOOL,Florida - North/Central
4716,23,0,23,233F,Steel Tanks,WINNECONNE ELEMENTARY,Wisconsin
4717,23,6,17,42968B,Team B,Bixby North,Oklahoma
4718,23,4,19,85301C,System Error 404,The International School of Macao,Macau
4719,23,4,19,58979D,Chaotic Crash-Outs,TARA ELEMENTARY SCHOOL,Florida - North/Central
4720,23,4,19,31617C,Crusader Robotics,Cumberland Christian school,New Jersey
4721,23,2,21,2840A,Riverside Robotics,RIVERSIDE ELEMENTARY,Tennessee
4722,23,2,21,3415A,TKP-DimSum點心,Yan Oi Tong Tin Ka Ping Primary School,Hong Kong
4723,23,0,23,30405A,Overbrook Coding Cats A,OVERBROOK ELEMENTARY SCHOOL,West Virginia
4724,23,0,23,4112J,The Flames,NATIONAL ROAD ELEMENTARY SCHOOL,Ohio
4725,23,2,21,36066P,Metro Bots,DANIEL PRATT ELEMENTARY SCHOOL,Alabama
4726,23,2,21,16346P,Robotic Frogatonians,Cranberry Area Jshs,Pennsylvania - West
4727,23,2,21,71334A,Barryroe National School,Barryroe National School,Ireland
4728,23,2,21,5138A,Royal Ridge ES,ROYAL RIDGE ELEMENTARY SCHOOL,Texas - Region 4
4729,23,2,21,781C,Rocky the Rocket,FREEDOM ELEMENTARY SCHOOL,Florida - North/Central
4730,23,2,21,3164A,Colfax Team A,COLFAX CHARTER ELEMENTARY,California - South
4731,23,0,23,46345B,Screaming Eagles- B,LORNE STREET ELEMENTARY,California - South
4732,23,0,23,30170M,Wolfpack ,Mountain View Elementary School,Hawaii
4733,23,0,23,1738B,Cullman Cowgirls,West Elementary School,Alabama
4734,23,0,23,15486E,The 6-7's,VISTA SCHOOL,Utah
4735,23,0,23,24712A,Athens Elementary School,Athens Elementary School,West Virginia
4736,23,0,23,34091A,Cabot Robotics Techno~Paws,CABOT MIDDLE SCHOOL NORTH,Arkansas
4737,23,0,23,34091C,Cabot Robotics Techno~Paws,CABOT MIDDLE SCHOOL NORTH,Arkansas
4738,23,0,23,25324B,Westerly Creek BB's,WESTERLY CREEK ELEMENTARY,Colorado
4739,23,0,23,42864B,Front Street Vexers,Front Street Community Primary School,United Kingdom
4740,23,0,23,1120P,Ten Ton Robotics,West Vancouver Schools,British Columbia (BC)
4741,23,0,23,39465D,Tie Fighters,Petal Upper Elementary School,Mississippi
4742,23,0,23,37700D,Team D,LILLIE IDELLA KITLEY ELEMENTARY,Indiana - Region 2 - Central
4743,23,0,23,80496C,Atomic Dishwashers,HOMECROFT ELEMENTARY SCHOOL,Indiana - Region 2 - Central
4744,23,0,23,12211D,Childs Elementary,CHILDS ELEMENTARY SCHOOL,Indiana - Region 3 - South
4745,23,0,23,95121D,The Jimbos,Grand Meadow Public School,Minnesota
4746,23,0,23,779F,FA-Boba Tea,Futurum Academy Singapore,Singapore
4747,23,0,23,47260A,Medora A,Medora STEM Academy,Indiana - Region 3 - South
4748,23,0,23,6403M,Rattle Snakes,Brookside Intermediate School,Ohio
4749,23,0,23,30405C,Overbrook Coding Cats C,OVERBROOK ELEMENTARY SCHOOL,West Virginia
4750,23,0,23,16845A,REO Speedwagon,CRADLEBOARD SCHOOL,Arizona
4751,23,0,23,61026H,Twining Leviathans,NATHAN TWINING ELEMENTARY SCHOOL,North Dakota
4752,23,0,23,17151B,Chicken Jockeys,KENNETH T BEAGLE  MIDDLE SCHOOL,Michigan
4753,23,0,23,3703G,TIGER Bots,Mountain Brook Machines-MBE,Alabama
4754,23,0,23,81239A,Power Gs,WINCHESTER VILLAGE ELEMENTARY,Indiana - Region 2 - Central
4755,23,0,23,37700B,Joe's Beasties,LILLIE IDELLA KITLEY ELEMENTARY,Indiana - Region 2 - Central
4756,23,0,23,90992A,HMS,HIBBETT SCHOOL,Alabama
4757,23,0,23,87453A,The Crane,Heather Glen MONTCLAIR ELEMENTARY SCHOOL,Texas - Region 5
4758,23,0,23,91754A,Foster Robotics Team,STEPHEN FOSTER ELEMENTARY SCHOOL,Florida - North/Central
4759,23,0,23,10431A,Robotic Rockets,MARJORIE KINNAN RAWLINGS ELEMENTARY SCHOOL,Florida - North/Central
4760,23,0,23,43945D,Phoenix Forces,SOUTHERN LOCAL ELEMENTARY SCHOOL,Ohio
4761,23,0,23,2581A,Robot Rovers,CARONDELET CATHOLIC,Minnesota
4762,23,0,23,85183D,Team 85183D,Hoisington Elementary Robotics,Kansas
4763,23,0,23,63842A,3 Little Monkeys,Mescalero Apache School,New Mexico
4764,23,0,23,66689B,66689B,Ustar Los Altos,California - North
4765,23,0,23,40259A,Circuit Breakers,HARMONY SCIENCE ACAD (WACO),Texas - Region 5
4766,23,0,23,77082A,Summit Starbots A,SUMMIT ELEMENTARY SCHOOL,Indiana - Region 3 - South
4767,23,0,23,99553F,Ender Tech,AURELIA COLE ACADEMY,Florida - North/Central
4768,23,0,23,1407C,Robotic Penguins,JENNIE WILSON ELEMENTARY SCHOOL,Kansas
4769,23,0,23,3377B,3377B,Alta Brown Elementary School,Kansas
4770,23,0,23,84522C,Robokids 2,TGG School by LCA,Japan
4771,23,0,23,77525A,Rosa Parks Rockets,Rosa Parks Elementary School,Indiana - Region 2 - Central
4772,23,0,23,6943B,Tech Lions,LONGFELLOW ELEMENTARY SCHOOL,Iowa
4773,23,0,23,69912A,Coding Cowboys,South Routt Elementary School,Colorado
4774,23,0,23,88844D,Mufasa Team,ROY SCHOOL,Utah
4775,23,0,23,46227B,Cardinal Coders,SOUTHPORT 6TH GRADE ACADEMY,Indiana - Region 2 - Central
4776,23,0,23,11042A,Ranger Robotics ,Darnaby Elementary School,Oklahoma
4777,23,0,23,4485E,TribeTech E,Danville Community Schools,Indiana - Region 2 - Central
4778,23,0,23,95035B,Code-a-Cola Lemon,VINTON ELEMENTARY SCHOOL,Louisiana
4779,22,7,15,55422E,The OG 6-7s,Sacred Heart Catholic School,Minnesota
4780,22,4,18,99200C,The Jedi's,BLUFF RIDGE SCHOOL,Utah
4781,22,4,18,3326D,Bobby & the Builders,RUE ELEMENTARY SCHOOL,Iowa
4782,22,4,18,1976A,Bluey's,Carver Washington STEAM Magnet Elementary School,Arkansas
4783,22,4,18,3171A,PANTHER BOTS 1,Park Springs Elementary School,Florida - South
4784,22,4,18,26519A,Gearforce,Trang Ruampattana School,Thailand
4785,22,4,18,66775A,Rezgatron,Seven Mile School,Arizona
4786,22,2,20,73507E,LaStiPitch Team,nooby.tech,Belgium
4787,22,2,20,10692J,Golden ProBots,GEORGE W. WHITLOW ELEMENTARY,Georgia
4788,22,2,20,4227C,Obese Otters,QUEEN OF PEACE SCHOOL,Oregon
4789,22,2,20,92519B,JDS Lions B,CHARLES E SMITH JEWISH DAY SCHOOL,Maryland
4790,22,2,20,11515B,The Apache Legend Minions,WHITERIVER ELEMENTARY,Arizona
4791,22,2,20,98854D,Dream Team D,Bright Field Middle School,Arkansas
4792,22,2,20,781B,Vicious Vipers,FREEDOM ELEMENTARY SCHOOL,Florida - North/Central
4793,22,0,22,24510B,Cyber Snakes,BONHAM ELEMENTARY SCHOOL,Texas - Region 5
4794,22,0,22,49905B,KDDteam,Aledaliya Club 2,Kuwait
4795,22,0,22,67879A,Clawsy Cougars,ONECO ELEMENTARY SCHOOL,Florida - North/Central
4796,22,0,22,19044A,McKinley’s Robotics Crew,MCKINLEY ELEMENTARY,California - South
4797,22,0,22,60835A,Kraken,Groveland Elementary School,Florida - North/Central
4798,22,0,22,38821Y,Twilight Turtles,EAST AMORY SCHOOL,Mississippi
4799,22,0,22,26888C,Houston Dragon Academy C,Houston Dragon Academy,Texas - Region 3
4800,22,0,22,15451A,Robotics Queen ,R BROWN  MCALLISTER ELEMENTARY,North Carolina
4801,22,0,22,41469A,Robocats,RICHMOND ELEMENTARY SCHOOL,West Virginia
4802,22,0,22,67422B,Barking Bots,Pinch Elementary School,West Virginia
4803,22,0,22,96815B,Hughes Magnet Tigerbot,TERESA HUGHES ELEMENTARY,California - South
4804,22,0,22,442B,Hover Droppers,Lake Manatee K-8,Florida - North/Central
4805,22,0,22,841A,HFE Wildcats A,HICKORY FLAT ELEMENTARY SCHOOL,Georgia
4806,22,0,22,11050A,DTES,DOLPHIN TERRACE ELEMENTARY SCHOOL,Texas - Region 1
4807,22,0,22,8005E,Rocky Mountain Sunflowers,Rocky Mountain Elementary School,Colorado
4808,22,0,22,14259B,IQ Infinite,ESTES PARK K-5 SCHOOL,Colorado
4809,22,0,22,83087R,Robo Pancakes,WOODLAND SCHOOL,Michigan
4810,22,0,22,34037B,Cadet Synths,Scotsdale Elementary,Texas - Region 1
4811,22,0,22,19837A,Lucan Lions,Scoil Mhuire,Ireland
4812,22,0,22,1293T,Tiger Robotics,THE MOUNT WASHINGTON SCHOOL,Maryland
4813,22,0,22,1144A,Razorbots,HOGG NEW TECH CENTER,Texas - Region 2
4814,22,0,22,95567B,8-Bit,DON D STEED ELEMENTARY,North Carolina
4815,22,0,22,11106A,PantherBots,PLEASANT RUN ELEMENTARY SCHOOL,Indiana - Region 2 - Central
4816,22,0,22,12007F,Van Buren,VAN BUREN ELEMENTARY SCHOOL,Indiana - Region 2 - Central
4817,22,0,22,14163D,RoboRabbits,MONROEVILLE ELEMENTARY SCHOOL,Ohio
4818,22,0,22,164H,Blue Ice,West Weber School,Utah
4819,22,0,22,31528A,Raider Bots,W D RICHARDS ELEMENTARY SCHOOL,Indiana - Region 3 - South
4820,22,0,22,85407W,Battle Cats,Uintah Elementary,Utah
4821,22,0,22,12311B,Potato Tomatoes,MIDLAND SCHOOL,Utah
4822,22,0,22,37712V,Bixby Botfighters,Bixby East,Oklahoma
4823,22,0,22,12007C,Van Buren,VAN BUREN ELEMENTARY SCHOOL,Indiana - Region 2 - Central
4824,21,19,2,15867D,Panther Bots,PIONEER ELEMENTARY SCHOOL,Indiana - Region 1 - North
4825,21,7,14,5328C,The Sparks,HUDSONVILLE CHRISTIAN SCHOOL,Michigan
4826,21,0,21,85183A,Team 85183A,Hoisington Elementary Robotics,Kansas
4827,21,2,19,924D,Otter Robotics Team D,OVERALL CREEK ELEMENTARY,Tennessee
4828,21,6,15,1976D,The Sigma Rizzlers,CARVER Washington MAGNET ELEMENTARY SCHOOL,Arkansas
4829,21,4,17,9669A,PFS Apollo,PlayFACTO School,Singapore
4830,21,0,21,7500E,Cat-eared Owls,David E Norman Elementary School,Nevada
4831,21,4,17,83203C,Static Sharks,OSCEOLA SCIENCE CHARTER SCHOOL,Florida - North/Central
4832,21,4,17,5303A,Cougar Bots A,Kester Avenue Elementary,California - South
4833,21,2,19,70907A,The Nacho Squad,CRESTVIEW SCHOOL,Utah
4834,21,2,19,87620D,MattBots,MATT ELEMENTARY SCHOOL,Georgia
4835,21,2,19,85484A,Land Rover Defenders,OUR LADY OF SORROWS CATHOLIC SCHOOL,Alabama
4836,21,2,19,6510M,Tech Titans,"Pymble Ladies College, Sydney, Australia",Australia
4837,21,0,21,25808R,DUCKtape,Oberoi International School,India
4838,21,0,21,37909D,Sprinkler Anthill,WEST HILLS ELEMENTARY,Tennessee
4839,21,0,21,20968A,Kepier all stars,Kepier,United Kingdom
4840,21,2,19,99150S,Collegium Robotics: Secrets,COLLEGIUM CS,Pennsylvania - East
4841,21,0,21,9464E,Cowboy Robotics,HICKORY RIDGE ELEMENTARY,North Carolina
4842,21,2,19,37847A,RóbóCAT,Gaelscoil Chaladh an Treoigh,Ireland
4843,21,2,19,10050J,COGS,Tahlequah Boys and Girls Club,Oklahoma
4844,21,2,19,25984B,Tech Geniuses,HOLY TRINITY CATHOLIC SCHOOL,Indiana - Region 3 - South
4845,21,0,21,20721A,NextGen Bots,Ravenswood School for Girls,Australia
4846,21,0,21,2633X,CODE-A-ROBOT Xtreme,CODE-A-ROBOT,Florida - South
4847,21,0,21,63671F,CCE Comets 3,CLAY CENTER ELEMENTARY SCHOOL,Indiana - Region 2 - Central
4848,21,0,21,6510C,Copilot,"Pymble Ladies College, Sydney, Australia",Australia
4849,21,0,21,72772A,PCES XSTREAM,PASS CHRISTIAN ELEMENTARY SCHOOL,Mississippi
4850,21,0,21,66406A,Bailly A,BAILLY ELEMENTARY SCHOOL,Indiana - Region 1 - North
4851,21,0,21,46291D,Untitled!,Earlsdon Primary School,United Kingdom
4852,21,0,21,39715A,Shanahoe Stackers,Scoil Fionntáin Naofa,Ireland
4853,21,0,21,3164C,Colfax Team C,COLFAX CHARTER ELEMENTARY,California - South
4854,21,0,21,1195B,1195B,Jenison Robotics,Michigan
4855,21,0,21,41469B,Robocats,RICHMOND ELEMENTARY SCHOOL,West Virginia
4856,21,0,21,99966A,科乐战队1,Heyuan Kola robot,South China
4857,21,0,21,77222F,The Scorpions,Petal Primary School,Mississippi
4858,21,0,21,17700A,Baked Aubergines,RCR,United Kingdom
4859,21,0,21,2259D,2259D,Darkinjung Barker,Australia
4860,21,0,21,21300C,Bobo,Trinity Grammar Junior School,Australia
4861,21,0,21,46296A,Solar Flare,iCode,Virginia
4862,21,0,21,8119C,oxo,Innovac Makerspace,Singapore
4863,21,0,21,3075B,JOCA engineers,OAKLAND CHRISTIAN SCHOOL,Michigan
4864,21,0,21,57672A,Gear Storm,UP Robotics,Maryland
4865,21,0,21,13200C,XPYP TEAM C,Xianggang Putonghua Yanxishe Primary School of Science And Creativity,Hong Kong
4866,21,0,21,21314D,Huey Possessors,COULSTON ELEMENTARY SCHOOL,Indiana - Region 2 - Central
4867,21,0,21,17401B,PCS Codebreakers,Presbyterian Christian School,Mississippi
4868,21,0,21,11999B,Lil' Robots,Central Elementary School,Indiana - Region 2 - Central
4869,21,0,21,11999A,Golden Girls,CENTRAL ELEMENTARY SCHOOL,Indiana - Region 2 - Central
4870,21,0,21,68671D,Dynamic Dinos,DANVILLE ELEMENTARY SCHOOL,Ohio
4871,21,0,21,75135A,Geared Up Foxes,CADDO MILLS INTERMEDIATE,Texas - Region 2
4872,21,0,21,80496A,Robots Are Us,HOMECROFT ELEMENTARY SCHOOL,Indiana - Region 2 - Central
4873,21,0,21,33911A,McCaw's The Mighty Dragonz 33911A,MCCAW  GORDON ELEMENTARY SCHOOL,Nevada
4874,21,0,21,295J,The Quantum Hackers,Placer Robotics (PART),California - North
4875,21,0,21,58508F,Great Stars,Blair-taylor Middle/high School,Wisconsin
4876,21,0,21,95121C,The GOATs,Grand Meadow Public School,Minnesota
4877,21,0,21,5410C,The Avengers 2.0,BENJAMIN DOC KERLEY ELEMENTARY SCHOOL,Texas - Region 4
4878,21,0,21,21105B,Bridgeview Knights,BRIDGEVIEW ELEMENTARY SCHOOL,West Virginia
4879,21,0,21,27948B,The Boba Lions,LASALLE ELEMENTARY SCHOOL,Indiana - Region 1 - North
4880,21,0,21,50256C,Mighty Dolphins,Loreto Street Elementary School,California - South
4881,21,0,21,84918B,Solano Hoots,SOLANO AVENUE ELEMENTARY,California - South
4882,21,0,21,3740A,Farmdale Hawks A,Farmdale Elementary School,California - South
4883,21,0,21,89435A,Dayton Robotics League,DAYTON ELEMENTARY SCHOOL,Indiana - Region 1 - North
4884,21,0,21,65016C,Jurassic Spark,Welby Way Elementary School,California - South
4885,21,0,21,20319A,Todd,BATTLES (WASHINGTON) ELEMENTARY,California - South
4886,21,0,21,7491A,Droids,Hawaii Science and Technology Museum,Hawaii
4887,21,0,21,75339A,Dame Aliens,Dame Allans Junior School,United Kingdom
4888,21,0,21,80491B,4 piece chicken nuggets,RED HAWK ELEMENTARY,Colorado
4889,21,0,21,76542A,Los Churros,WALZEM ELEMENTARY SCHOOL,Texas - Region 4
4890,21,0,21,162D,Mission Imbotable,WEST HAVEN SCHOOL,Utah
4891,21,0,21,83501A,BES Bots,BREAK-O-DAY ELEMENTARY SCHOOL,Indiana - Region 2 - Central
4892,21,0,21,55422B,The Three Es,Sacred Heart Catholic School,Minnesota
4893,21,0,21,44640B,Aztec Bots #2,LANCASTER ELEMENTARY SCHOOL,Texas - Region 1
4894,21,0,21,42239B,Southern Power,KERMIT JOHNSON SCHOOL,Alabama
4895,21,0,21,35210A,Grantswood GREAT A,Grantswood Community School,Alabama
4896,21,0,21,1886A,Concord Elementary Robotics,CONCORD ELEMENTARY SCHOOL,Alabama
4897,21,0,21,64165M,DD_AQUARIUS,DONG DU MIDDLE SCHOOL AND HIGH SCHOOL,Vietnam
4898,21,0,21,46726G,TechnoKnights,IN MATH & SCIENCE ACADEMY - NORTH,Indiana - Region 2 - Central
4899,21,0,21,34543C,345RoboticsC,345Robotics,Cayman Islands
4900,21,0,21,18963B,JX-2,The Elementary School Attached to Shanghai Jiaotong University,East China
4901,21,0,21,380A,New Hope Elementary VexHawks,NEW HOPE ELEMENTARY SCHOOL,Georgia
4902,21,0,21,50273B,Lions Rule,PRATTVILLE INTERMEDIATE SCHOOL,Alabama
4903,21,0,21,50273C,Lions Roar,PRATTVILLE INTERMEDIATE SCHOOL,Alabama
4904,21,0,21,23500E,Goldtron,EDKEY INC. - PATHFINDER ACADEMY AT EASTMARK,Arizona
4905,21,0,21,26C,Nohl Canyon Robotics III,NOHL CANYON ELEMENTARY,California - South
4906,21,0,21,55552C,Mini Dragons 2.0,DOWNTOWN ELEMENTARY,California - South
4907,21,0,21,41047D,Built on Brains,MOUNTAIN VIEW SCHOOL,Utah
4908,21,0,21,77357E,Fire Breathing G.O.A.T.S.,Muir School,Utah
4909,21,0,21,34208B,The Busy Bots,Louise R. Johnson K-8,Florida - North/Central
4910,21,0,21,34208C,ToMAto not ToMAWto,Louise R. Johnson K-8,Florida - North/Central
4911,21,0,21,25355C,BCE Wildcats C,BIG CREEK ELEMENTARY SCHOOL,Georgia
4912,21,0,21,34208D,The Smooth Reptiles,Louise R. Johnson K-8,Florida - North/Central
4913,21,0,21,65837C,Golden Glitch Bot,W M IRVIN ELEMENTARY,North Carolina
4914,21,0,21,52026G,p525g,Rathdown Junior School,Ireland
4915,21,0,21,47141A,Scientific Heros,ARLINGTON ELEMENTARY SCHOOL,Tennessee
4916,21,0,21,84091Z,Bubble Bots,Bixby Central,Oklahoma
4917,21,0,21,1838A,Raiders Robotics,ST JOHNS LUTHERAN SCHOOL,Indiana - Region 3 - South
4918,21,0,21,67998D,Eagles,CORTLAND ELEMENTARY SCHOOL,Indiana - Region 3 - South
4919,21,0,21,14237A,Coding Crocodiles,BULVERDE CREEK,Texas - Region 4
4920,21,0,21,11541K,Robo Trojans,STAR ELEMENTARY SCHOOL,Michigan
4921,21,0,21,432H,The Mangoes,Valley Grove Elementary School,Pennsylvania - West
4922,21,0,21,65794M,Robo Rollers: CE Jett Setters,CENTRAL ELEMENTARY SCHOOL,Arkansas
4923,21,0,21,3018Z,Zippy Botz,Techna Pwn Robotics,Iowa
4924,21,0,21,63160B,HPEngineers,Harrison Parkway Elementary School,Indiana - Region 2 - Central
4925,21,0,21,32884A,Brave Cardinals,East Washington Elementary School,Indiana - Region 3 - South
4926,21,0,21,640J,Green Acres Grizzly Robots,Green Acres Elementary School,Utah
4927,21,0,21,31413C,Mountainville Academy,Mountainville Academy,Utah
4928,21,0,21,78539C,Triton Elementary Robotics C,TRITON ELEMENTARY SCHOOL,Indiana - Region 1 - North
4929,21,0,21,21105C,Bridgeview Knights,BRIDGEVIEW ELEMENTARY SCHOOL,West Virginia
4930,21,0,21,61026E,Twining Hydras,NATHAN TWINING ELEMENTARY SCHOOL,North Dakota
4931,21,0,21,23063B,CIS 5th Grade,CORYDON INTERMEDIATE SCHOOL,Indiana - Region 3 - South
4932,21,0,21,46563A,Webster Robot Warriors,WEBSTER ELEMENTARY SCHOOL,Indiana - Region 1 - North
4933,21,0,21,78273H,TechTitans Pindo's,PS 124 OSMOND A CHURCH,New York-South
4934,21,0,21,6581H,Barkell's Husky Dogs,BARKELL ELEMENTARY SCHOOL,Michigan
4935,20,9,11,6574C,SCORPION,CodHub Sousse,Tunisia
4936,20,7,13,90004A,Falcon Mechs,Frank Del Olmo Elementary School,California - South
4937,20,6,14,70510C,Big Dawgs,MEAD ELEMENTARY SCHOOL,Colorado
4938,20,6,14,41162B,Mixers on a Mission,ROCK CREEK COMMUNITY ACADEMY,Indiana - Region 3 - South
4939,20,2,18,21300D,Bulky Bulls,Trinity Grammar Junior School,Australia
4940,20,0,20,48893E,Goofy Goobers,Lewis and Clark,Iowa
4941,20,0,20,28628A,Apogee Androids,APOGEE SCHOOL FOR THE GIFTED,Indiana - Region 2 - Central
4942,20,4,16,72737P,Parkland Elementary,PARKLAND ELEMENTARY SCHOOL,Texas - Region 1
4943,20,2,18,46981A,roswell robo sqaud ,406 south michgan ave,New Mexico
4944,20,2,18,59133B,Three Creek Robotics B,THREE CREEKS ELEMENTARY SCHOOL SCHOOL,Indiana - Region 1 - North
4945,20,0,20,10243R,Racing Rovers,COAL MOUNTAIN ELEMENTARY SCHOOL,Georgia
4946,20,0,20,3377C,3377C,Alta Brown Elementary School,Kansas
4947,20,2,18,12907A,Rambler Techs A,Huntington Catholic School,Indiana - Region 1 - North
4948,20,2,18,96777A,HonuBots A,NAALEHU ELEMENTARY SCHOOL,Hawaii
4949,20,2,18,50146B,Las Lomas,Las Lomas Elementary School,Texas - Region 4
4950,20,2,18,70907D,Rainbow Jems,CRESTVIEW SCHOOL,Utah
4951,20,2,18,44003A,Dolphinz,OPPE ELEMENTARY SCHOOL,Texas - Region 3
4952,20,2,18,86729B,VEXing,Bayan Bilingual School,Kuwait
4953,20,0,20,47402A,SunBot,RoboCode,Florida - South
4954,20,0,20,73507J,tal nathan raphael,nooby.tech,Belgium
4955,20,0,20,2060A,Brain-rotted Bot Builders,Oakestown Intermediate School,Michigan
4956,20,0,20,5328D,Fire Breathing Rubber Ducks,HUDSONVILLE CHRISTIAN SCHOOL,Michigan
4957,20,0,20,3105E,Katana,FT CONCHO ELEMENTARY SCHOOL,Texas - Region 5
4958,20,0,20,2259F,2259F,Darkinjung Barker,Australia
4959,20,0,20,28277C,Rocket Robotics - C,PROVIDENCE SPRING ELEMENTARY,North Carolina
4960,20,0,20,76168A,Rando Crew,Emo National School,Ireland
4961,20,0,20,20823B,Clear View Robotics T2,Clear View Elementary ,California - South
4962,20,0,20,56643A,Scurlock Bots,SCURLOCK ELEMENTARY,North Carolina
4963,20,0,20,23660H,LK JS 8,Loreto Kirribilli,Australia
4964,20,0,20,54037R,CIS RoboGrizzly 11,The Canadian International School Guangzhou,South China
4965,20,0,20,49856B,Mission: Im-bot-sible,RAMON GARZA ELEMENTARY,California - South
4966,20,0,20,1709B,Winners,FLORENCE WILSON ELEMENTARY SCHOOL,Kansas
4967,20,0,20,43410B,RoboKnightsB,PEBBLE HILLS ELEMENTARY SCHOOL,Texas - Region 1
4968,20,0,20,11924R,SES Metal Minds,SOUTHWOOD ELEMENTARY SCHOOL,Indiana - Region 1 - North
4969,20,0,20,8310G,EagleBots Girls,CROSSWIND ELEMENTARY SCHOOL,Tennessee
4970,20,0,20,811D,Greene,P H GREENE ELEMENTARY SCHOOL,Texas - Region 3
4971,20,0,20,55310C,Benson C,BARBARA BENSON ELEMENTARY,California - South
4972,20,0,20,77116C,Cardinals,Randolph Caldwell Elementary School,Texas - Region 5
4973,20,0,20,473D,Metallic Fire,FLAGSTAFF CHARTER ACADEMY,Colorado
4974,20,0,20,52056D,SCS Blue,WILLIAM F LOPER ELEMENTARY SCHOOL,Indiana - Region 2 - Central
4975,20,0,20,11727E,IKE Eaglebots:  Error 404 (Team Not Found),DWIGHT D EISENHOWER ELEMENTARY SCHOOL SCHOOL,Indiana - Region 1 - North
4976,20,0,20,40490A,Underwood Microchipmunks,UNDERWOOD ELEMENTARY SCHOOL,Alabama
4977,20,0,20,25971B,Sun Valley Elementary,SUN VALLEY ELEMENTARY SCHOOL,West Virginia
4978,20,0,20,9975D,St. Luke's Episcopal - The Aura Farmers,ST LUKES EPISCOPAL SCHOOL,Texas - Region 4
4979,20,0,20,55154C,HSI Osos,Harmony School of Innovation,Texas - Region 4
4980,20,0,20,74062D,Tigers 4,Bland Elementary School,Texas - Region 2
4981,20,0,20,78665B,HippoShadowBots,VETERANS HILL ELEMENTARY SCHOOL,Texas - Region 4
4982,20,0,20,74062A,Tigers,Bland Elementary School,Texas - Region 2
4983,20,0,20,1120A,Ten Ton Robotics,West Vancouver Schools,British Columbia (BC)
4984,20,0,20,14581J,The Four Capybaras,Charlotte Public Schools,Michigan
4985,20,0,20,9975M,St. Luke's Episcopal Sigma Squad the 2nd,ST LUKES EPISCOPAL SCHOOL,Texas - Region 4
4986,20,0,20,77700B,RoboRunners,ROSEMEADE ELEMENTARY SCHOOL,Texas - Region 5
4987,20,0,20,8973A,Mustangs 1 Girls,LAS COLINAS ELEMENTARY SCHOOL,Texas - Region 5
4988,20,0,20,14159D,14159D,RED DUKE ELEMENTARY SCHOOL,Texas - Region 3
4989,20,0,20,98157C,Olive Grove Elementary School,Olive Grove Elementary School,California - North
4990,20,0,20,1020S,Sotobots,Soto Street Elementary School,California - South
4991,20,0,20,73331E,The Glitch Girls,Hygiene Elementary School,Colorado
4992,20,0,20,36607B,36607B,OLD SHELL ROAD MAGNET SCHOOL,Alabama
4993,20,0,20,21454A,Starbots - Star View Team 1,STAR VIEW ELEMENTARY,California - South
4994,20,0,20,19702D,Monkey Munchers,JIMENEZ ROBERTO AND DR. FRANCISCO ELEMENTARY,California - South
4995,20,0,20,48621A,Edgewood Robotics,EDGEWOOD ELEMENTARY SCHOOL,Alabama
4996,20,0,20,27261B,Deltona Dynamite Doves Team 2,DELTONA ELEMENTARY SCHOOL,Florida - North/Central
4997,20,0,20,11727D,IKE Eaglebots: Bot Cops,DWIGHT D EISENHOWER ELEMENTARY SCHOOL SCHOOL,Indiana - Region 1 - North
4998,20,0,20,28240B,Double Troubles,SOUTH SMITHS STATION ELEMENTARY SCHOOL,Alabama
4999,20,0,20,29312A,Super Kids,HAMPTON HIGH SCHOOL,Nebraska
5000,20,0,20,4440E,Eaglebotics Pandas,EAGLE CREST ELEMENTARY SCHOOL,Colorado
5001,20,0,20,70510A,C0d3 Cr4ck3r5,MEAD ELEMENTARY SCHOOL,Colorado
5002,20,0,20,10424B,Mix n Matchers,CENTRAL ELEMENTARY SCHOOL,Colorado
5003,20,0,20,14159E,14159E,RED DUKE ELEMENTARY SCHOOL,Texas - Region 3
5004,20,0,20,26995C,The Bad Guys,EAST SMITHS STATION ELEMENTARY SCHOOL,Alabama
5005,20,0,20,7901B,Sageland Bukaroos,SAGELAND ELEMENTARY SCHOOL,Texas - Region 1
5006,20,0,20,8581B,Bagley Bots ,Bagley Elementary ,Alabama
5007,20,0,20,23272C,Girly Pops,Caston Robotics,Indiana - Region 1 - North
5008,20,0,20,54693A,The Vex-Starrs,STARR ELEMENTARY,South Carolina
5009,20,0,20,7200B,Robo Builders,VIRGIL MILLS ELEMENTARY SCHOOL,Florida - North/Central
5010,20,0,20,41090A,SBE Starbots: 41090A,SETTLES BRIDGE ELEMENTARY SCHOOL,Georgia
5011,20,0,20,480E,RoboHippos-E,NADINE JOHNSON ELEMENTARY SCHOOL,Texas - Region 4
5012,20,0,20,85183E,Team 85183E,Hoisington Elementary Robotics,Kansas
5013,20,0,20,30125A,Hungry Hippo Hero's,Lee Martinez Elementary School,Texas - Region 4
5014,20,0,20,8400C,Twisted Cryptids,BUFFALO POINT SCHOOL,Utah
5015,20,0,20,48261B,Wes-Del Robotics,WES-DEL ELEMENTARY SCHOOL,Indiana - Region 1 - North
5016,20,0,20,39605A,Eagle Bots A,Stella Hills Elementary,California - South
5017,20,0,20,27042X,DMCS The Wild Robots,DIVINE MERCY CATHOLIC SCHOOL,Minnesota
5018,20,0,20,48255C,Wilder 3,Wilder Elementary School,North Dakota
5019,20,0,20,26B,Nohl Canyon Robotics II,NOHL CANYON ELEMENTARY,California - South
5020,20,0,20,49205B,MTV Eagles,MT. VERNON ELEMENTARY,California - South
5021,20,0,20,23807A,Falcon Bots A,Fremont Elementary,California - South
5022,20,0,20,60298B,Manatee El,MANATEE ELEMENTARY SCHOOL,Florida - North/Central
5023,20,0,20,52526X,TechnoBots,Cumming Elementary Robotics,Georgia
5024,20,0,20,220G,The Dragons,Western Mechatronics,Alberta/Saskatchewan
5025,20,0,20,93757B,CougarBots,Eden Elementary- Greenfield Central Community School,Indiana - Region 2 - Central
5026,20,0,20,5201B,Pearson Ponies,NITA PEARSON ELEMENTARY SCHOOL,Texas - Region 5
5027,20,0,20,13519A,Domo,Kawasaki International School,Japan
5028,20,0,20,4318B,Edison,Creativity Private School - Bahrain,Bahrain
5029,20,0,20,20213A,GFE Falcons in STEM,GLORIA FLOYD ELEMENTARY SCHOOL,Florida - South
5030,20,0,20,49557A,NDES Warriors,NORTH DECATUR ELEMENTARY SCHOOL,Indiana - Region 3 - South
5031,20,0,20,80602D,Brick Bot Builders,STAMPING GROUND ELEMENTARY SCHOOL,Kentucky
5032,20,0,20,54204A,PanthersA,St Vincent De Paul School,Indiana - Region 1 - North
5033,20,0,20,20221B,Mustangs,J W MCLAUCHLIN ELEMENTARY,North Carolina
5034,20,0,20,12311A,Galactic Gears,MIDLAND SCHOOL,Utah
5035,20,0,20,164C,Ramen Noodles,West Weber School,Utah
5036,20,0,20,46788D,Croninger Crusaders,FRED H CRONINGER ELEMENTARY SCHOOL,Indiana - Region 1 - North
5037,20,0,20,31413B,Mountainville Academy,Mountainville Academy,Utah
5038,20,0,20,91774A,The Lions Pride,NORTH MIAMI ELEMENTARY SCHOOL,Indiana - Region 1 - North
5039,20,0,20,79085A,North Salem Blue Devils,NORTH SALEM ELEMENTARY SCHOOL,Indiana - Region 2 - Central
5040,20,0,20,6039C,Busin Brobots,BrandywineBOTS Robotics,Delmarva
5041,20,0,20,46563B,Webster Robot Warriors,WEBSTER ELEMENTARY SCHOOL,Indiana - Region 1 - North
5042,20,0,20,28918D,Solon Solvers,SOLON ROBINSON ELEMENTARY SCHOOL,Indiana - Region 1 - North
5043,20,0,20,45079A,Pathers,COTTONWOOD ELEMENTARY,Wyoming
5044,19,0,19,45561D,Dream Team,Ray Elementary School,Texas - Region 4
5045,19,6,13,74210A,Hanceville Elementary Team A,Hanceville Elementary,Alabama
5046,19,6,13,1766E,North Fondy GearWings,North Fond Du Lac School District,Wisconsin
5047,19,0,19,37712A,Eagles,Bixby East,Oklahoma
5048,19,2,17,46950F,Super Stackers,EASTSIDE ELEMENTARY SCHOOL,Arkansas
5049,19,2,17,64290B,BSA Byte Force,Barry STEAM Academy ,New Mexico
5050,19,2,17,24712B,Athens Elementary School,Athens Elementary School,West Virginia
5051,19,0,19,6943C,Lemon Lions,LONGFELLOW ELEMENTARY SCHOOL,Iowa
5052,19,0,19,83203X,Kids Robo Masters,OSCEOLA SCIENCE CHARTER SCHOOL,Florida - North/Central
5053,19,2,17,10692G,BabyBots,GEORGE W. WHITLOW ELEMENTARY,Georgia
5054,19,2,17,56787R,Wenona 1 - JS,Wenona School,Australia
5055,19,2,17,33223B,无名队,Guangzhou Weiming School,South China
5056,19,2,17,3164B,Colfax Team B,COLFAX CHARTER ELEMENTARY,California - South
5057,19,2,17,4523N,FROGGY BOT,CodHub Ksar Hellal,Tunisia
5058,19,2,17,9985A,Unicorn BOT,Robotics Club MOKNINE,Tunisia
5059,19,0,19,77977U,Burgers and Fries,ASU PREPARATORY ACADEMY-POLYTECHNIC ELEMENTARY,Arizona
5060,19,0,19,52551G,Jackson Battle Bots,Jackson Elementary School,Indiana - Region 1 - North
5061,19,0,19,91362M,Banana Brothers,Westchester Intermediate School,Indiana - Region 1 - North
5062,19,0,19,1596A,123,Plymell Elementary School,Kansas
5063,19,0,19,815A,RoboFrogs,MARGARET S MCWHIRTER ELEMENTARY SCHOOL,Texas - Region 3
5064,19,0,19,24712C,Athens Elementary School,Athens Elementary School,West Virginia
5065,19,0,19,20334A,Ardcroney National School,Ardcroney National School,Ireland
5066,19,0,19,93241A,Senator Robotics,WEST WASHINGTON ELEMENTARY SCHOOL,Indiana - Region 3 - South
5067,19,0,19,56643B,Scurlock Bots,SCURLOCK ELEMENTARY,North Carolina
5068,19,0,19,1787A,The Machines,FARR WEST SCHOOL,Utah
5069,19,0,19,17121X,Vextra Fries,SUNBURST SCHOOL,Utah
5070,19,0,19,23301A,Dippin' Bots,Davis Youth Robotics (DYR),California - North
5071,19,0,19,39264B,Czech Champions 2,Základní škola náměstí Míru Nový Bor,Czech Republic
5072,19,0,19,77804S,高雄聯隊1,大榮劍橋國際雙語學校-機器人社團,Chinese Taipei
5073,19,0,19,9975E,St. Luke's Episcopal - Ooga Booga,ST LUKES EPISCOPAL SCHOOL,Texas - Region 4
5074,19,0,19,16756C,RoboBraves 2.0,WINNSBORO Intermediate,Texas - Region 2
5075,19,0,19,824B,Ross Elementary,James H Ross Elementary School,Texas - Region 3
5076,19,0,19,295F,PART F,Placer Robotics (PART),California - North
5077,19,0,19,89998J,Sassy Strikers,PINE TREE MIDDLE,Texas - Region 2
5078,19,0,19,95139E,EPE Team 5,Ellison Park School,Utah
5079,19,0,19,43945E,Robo Team,SOUTHERN LOCAL ELEMENTARY SCHOOL,Ohio
5080,19,0,19,15486H,Vex Tech,VISTA SCHOOL,Utah
5081,19,0,19,83838F,ALPHA SMART CITY,Hệ thống giáo dục Alpha SmartCity,Vietnam
5082,19,0,19,825D,Savannah Bananas- Hall Elementary,WALTER HALL ELEMENTARY SCHOOL,Texas - Region 3
5083,19,0,19,4223D,The Crickets,INNOVATION MONTESSORI OCOEE,Florida - North/Central
5084,19,0,19,3105B,The Avengers,FT CONCHO ELEMENTARY SCHOOL,Texas - Region 5
5085,19,0,19,6054B,Mustangs2,LAKE AGASSIZ ELEMENTARY SCHOOL,North Dakota
5086,19,0,19,19991A,Nike,Harvest Intermediate School,Wisconsin
5087,19,0,19,50869B,Grow a Garden Nerds,J.I. BARRON SR. ELEMENTARY SCHOOL,Louisiana
5088,19,0,19,71825N,NSE Team 1,Northshore Elementary School,Mississippi
5089,19,0,19,16996A,YCHCIS1,YCHCIS,Hong Kong
5090,19,0,19,26054B,TPS2,Taikoo Primary School,Hong Kong
5091,19,0,19,11815A,Live Oak Robotics,Live Oak Elementary School,Georgia
5092,19,0,19,11150A,John Ruhrah Robotics,JOHN RUHRAH ELEMENTARY,Maryland
5093,19,0,19,12456C,HarmonyHawk,HARMONY SCHOOL OF ENDEAVOR AUSTIN,Texas - Region 4
5094,19,0,19,70842C,Battlebots,GEORGE R. ROBINSON ELEMENTARY SCHOOL.,Missouri
5095,19,0,19,50879C,North Side Bots,NORTH SIDE ELEMENTARY SCHOOL,Indiana - Region 1 - North
5096,19,0,19,16900R,HRGPS Team R,Hennessy Road Government Primary School,Hong Kong
5097,19,0,19,19554D,The Bull Dogs,LYONS ELEMENTARY SCHOOL,Colorado
5098,19,0,19,53336A,LEW Robotics,L E WILLSON ELEMENTARY SCHOOL,Alabama
5099,19,0,19,21545B,THE VEX Panthers,PIGGOTT ACADEMY OF INTERNATIONAL STUDIES,Nevada
5100,19,0,19,9949C,Bow-Bots,DR. C OWEN ROUNDY ELEMENTARY SCHOOL,Nevada
5101,19,0,19,9210R,Cyclones,ISD47 Sauk Rapids Elementary Schools - Hosted at Middle School,Minnesota
5102,19,0,19,56019D,Flames of Fury,SHOALS CHRISTIAN SCHOOL,Alabama
5103,19,0,19,12211A,Childs Elementary,CHILDS ELEMENTARY SCHOOL,Indiana - Region 3 - South
5104,19,0,19,9949F,Robot Racers,DR. C OWEN ROUNDY ELEMENTARY SCHOOL,Nevada
5105,19,0,19,12211C,Childs Elementary,CHILDS ELEMENTARY SCHOOL,Indiana - Region 3 - South
5106,19,0,19,77082B,Summit Starbots B,SUMMIT ELEMENTARY SCHOOL,Indiana - Region 3 - South
5107,19,0,19,19831G,Glinsk NS 19831G,Glinsk NS,Ireland
5108,19,0,19,32538D,Drumkeen NS,Scoil Phádraig - (17057A),Ireland
5109,19,0,19,13524A,Wrangler 2,LEBLEU SETTLEMENT ELEMENTARY SCHOOL,Louisiana
5110,19,0,19,13524W,Wrangler 1,LEBLEU SETTLEMENT ELEMENTARY SCHOOL,Louisiana
5111,19,0,19,37129B,37129B ESE,ERMA SIEGEL ELEMENTARY,Tennessee
5112,19,0,19,68538A,Corona Eaglebots,Corona Avenue Elementary School,California - South
5113,19,0,19,68538B,Corona EagleTechs,Corona Avenue Elementary School,California - South
5114,19,0,19,36699E,Breed St. RoboRookies,BREED STREET STEM ELEMENTARY,California - South
5115,19,0,19,39428A,Technamic Tigers,SOPHIA P KINGSTON ELEMENTARY SCHOOL,Alabama
5116,19,0,19,68505A,Packing Peanuts,NIWOT ELEMENTARY SCHOOL,Colorado
5117,19,0,19,1157A,McGlone ES Team #2,Denver PS,Colorado
5118,19,0,19,73331B,Phantom Ducky Bots,HYGIENE ELEMENTARY SCHOOL,Colorado
5119,19,0,19,19074A,Firecrackerbots,CENTERTON ELEMENTARY SCHOOL,Indiana - Region 2 - Central
5120,19,0,19,20319D,Citra,BATTLES (WASHINGTON) ELEMENTARY,California - South
5121,19,0,19,96941T,Trinity Titans,Seaham Trinity Primary School,United Kingdom
5122,19,0,19,3243D,JDB Robotics,Jennie D. Blake School,New Hampshire/Vermont
5123,19,0,19,22330C,Techno Lions ,BRINDLEE MOUNTAIN ELEMENTARY SCHOOL,Alabama
5124,19,0,19,22278G,22278E,Fawn Hollow Elementary School,Connecticut
5125,19,0,19,2214B,Armed Armadillos,Kaleo Academy,Texas - Region 4
5126,19,0,19,1260B,Nerdz,BLUE MOUNTAIN ELEMENTARY,Colorado
5127,19,0,19,5135A,Huebner ES,HUEBNER ELEMENTARY SCHOOL,Texas - Region 4
5128,19,0,19,3703E,The Electric Army,Mountain Brook Machines-MBE,Alabama
5129,19,0,19,71237B,PMAC Cougars,PIETZSCH/MAC ARTHUR ELEMENTARY SCHOOL,Texas - Region 3
5130,19,0,19,8976E,WRV Elementary,WHITE RIVER VALLEY ELEMENTARY SCH,Indiana - Region 3 - South
5131,19,0,19,35950C,iCode Memorial Team C,iCode Memorial,Texas - Region 3
5132,19,0,19,67293B,Cardinals B,OAK HILL ELEMENTARY SCHOOL,Indiana - Region 1 - North
5133,19,0,19,3101G,Robot Leopards,WALNUT GLEN ACAD FOR EXCEL,Texas - Region 5
5134,19,0,19,54235E,HHE E,HOLLY HILL ELEMENTARY SCHOOL,Alabama
5135,19,0,19,42239D,Girls Who Code,KERMIT JOHNSON SCHOOL,Alabama
5136,19,0,19,36641F,McCalla Elementary Robotics Team,MCCALLA ELEMENTARY SCHOOL,Alabama
5137,19,0,19,57040T,St. Mary's Vex and Robotics Club,St. Mary's Youth and Community Centre,Ireland
5138,19,0,19,12710A,Eagle 1,Archer Elementary,Florida - North/Central
5139,19,0,19,63363Y,VEX Builders,Logansport Intermediate School,Indiana - Region 1 - North
5140,19,0,19,8068B,SPES ATOMS FAMILY B,STEM PREPARATORY ELEMENTARY,California - South
5141,19,0,19,41090E,SBE Starbots: 41090E,SETTLES BRIDGE ELEMENTARY SCHOOL,Georgia
5142,19,0,19,1466K,Next Level Kidz »» Krazy Kryptonites,Next Level Kidz Inc.,South Carolina
5143,19,0,19,49182A,Mighty Millers,OTWELL MILLER ACADEMY,Indiana - Region 3 - South
5144,19,0,19,92J,VEXMEN: Juggernaut,Brandywine Robotics Inc.,Pennsylvania - East
5145,19,0,19,480B,RoboHippos-B,NADINE JOHNSON ELEMENTARY SCHOOL,Texas - Region 4
5146,19,0,19,7200A,Techno Builders,VIRGIL MILLS ELEMENTARY SCHOOL,Florida - North/Central
5147,19,0,19,1466F,Next Level Kidz »» Hackers!,Next Level Kidz Inc.,South Carolina
5148,19,0,19,99500T,Collegium Robotics: The Solar Flares,COLLEGIUM CS,Pennsylvania - East
5149,19,0,19,8485A,8485A -Knights Robotics,KENDALL CHRISTIAN SCHOOL,Florida - South
5150,19,0,19,1804D,ARTBOTS D,Visual & Performing Art Magnet,Arkansas
5151,19,0,19,48261D,Wes-Del Robotics 4,WES-DEL ELEMENTARY SCHOOL,Indiana - Region 1 - North
5152,19,0,19,840F,Robo Raptors,WEST BOUNTIFUL SCHOOL,Utah
5153,19,0,19,55552B,Dragonettes,DOWNTOWN ELEMENTARY,California - South
5154,19,0,19,10525K,Kicking Kangaroos,FOREST GLEN ELEMENTARY SCHOOL,Indiana - Region 2 - Central
5155,19,0,19,77082C,Summit Starbots C,SUMMIT ELEMENTARY SCHOOL,Indiana - Region 3 - South
5156,19,0,19,30517E,EIS Eagles - E,EDGEWOOD INTERMEDIATE SCHOOL,Indiana - Region 3 - South
5157,19,0,19,76240E,Rage Raiders,GAINESVILLE INT,Texas - Region 5
5158,19,0,19,13459B,Electro Bots,MONTCALM ELEMENTARY SCHOOL,West Virginia
5159,19,0,19,13204A,Alpha Team,Tung Chung Catholic School (Primary Section),Hong Kong
5160,19,0,19,13588A,Irwin Rockets,JOHN S IRWIN ELEMENTARY SCHOOL,Indiana - Region 1 - North
5161,19,0,19,38292B,Mega Magnets,HILLERY T. BROADOUS ELEMENTARY,California - South
5162,19,0,19,3307A,Siwfter Picker Upper,STEAM Academy at Mambrino,Texas - Region 5
5163,19,0,19,22760B,Robotic Owls,ARMISTEAD GARDENS ELEMENTARY,Maryland
5164,19,0,19,95100B,Wild Gears,GREENFIELD INTERMEDIATE SCHOOL,Indiana - Region 2 - Central
5165,19,0,19,4541J,Duck Tales,York Innovation Academy,Florida - North/Central
5166,19,0,19,37528B,The Saints,Wesley Christian Academy,Florida - North/Central
5167,19,0,19,92H,VEXMEN: Havok,Brandywine Robotics Inc.,Pennsylvania - East
5168,19,0,19,38310A,Broke As A Joke,NORTHLAKE ELEMENTARY SCHOOL,Texas - Region 5
5169,19,0,19,49077B,TechnoTalons,PRAIRIE TRACE ELEMENTARY SCHOOL,Indiana - Region 2 - Central
5170,19,0,19,95100D,Mechanical Misery,GREENFIELD INTERMEDIATE SCHOOL,Indiana - Region 2 - Central
5171,19,0,19,6651A,Lucky Charm Gators,GATEWAY SCIENCE ACADEMY OF ST. LOUIS - SOUTH,Missouri
5172,19,0,19,85183C,85183C,Hoisington Elementary Robotics,Kansas
5173,19,0,19,45708A,Alpha Wolves,Charles O Stones Intermediate Center,Kansas
5174,19,0,19,16630F,Elemental Tech,Steamoji Newcastle,Washington
5175,19,0,19,34532T,Dragon Robotics,Pinecrest Glades Academy,Florida - South
5176,19,0,19,63160D,HPEngineers,Harrison Parkway Elementary School,Indiana - Region 2 - Central
5177,19,0,19,46783C,Roanoke Elementary C,ROANOKE ELEMENTARY SCHOOL,Indiana - Region 1 - North
5178,19,0,19,15327A,TrojanGo,LINCOLN ELEMENTARY SCHOOL,Indiana - Region 3 - South
5179,19,0,19,1738D,The Donut Munchers,West Elementary School,Alabama
5180,19,0,19,47020C,Holy Family Team Charlie,Holy Family Elementary School,Indiana - Region 1 - North
5181,19,0,19,99744A,Forest Dale Elementary,FOREST DALE ELEMENTARY SCHOOL,Indiana - Region 2 - Central
5182,19,0,19,41219A,Cookie Crunchers,NORTHSIDE ELEMENTARY SCHOOL,Arkansas
5183,19,0,19,46792A,Roverbots 1,SALAMONIE SCHOOL,Indiana - Region 1 - North
5184,19,0,19,85407T,Hackdivators,UINTAH SCHOOL,Utah
5185,19,0,19,44692B,McAuliffe 2,McAuliffe Elementary - Union Public Schools,Oklahoma
5186,19,0,19,1787F,Cool People (Even though we’re not cool),FARR WEST SCHOOL,Utah
5187,19,0,19,44955E,Team Electrifiers,CENTERVILLE-ABINGTON ELEMENTARY SCHOOL SCHOOL,Indiana - Region 1 - North
5188,19,0,19,69912C,Routt Royals,South Routt Elementary School,Colorado
5189,19,0,19,21178E,HugsyJARDS,Dishchiibikoh Community School (Elementary),Arizona
5190,19,0,19,15421E,Potato Chips,ODYSSEY SCHOOL,Utah
5191,19,0,19,77357C,Blue Gears,Muir School,Utah
5192,19,0,19,46783D,Roanoke Elementary D,ROANOKE ELEMENTARY SCHOOL,Indiana - Region 1 - North
5193,19,0,19,17121H,Hackers,SUNBURST SCHOOL,Utah
5194,19,0,19,46788B,Croninger Crusaders,FRED H CRONINGER ELEMENTARY SCHOOL,Indiana - Region 1 - North
5195,19,0,19,78539D,Triton Elementary Robotics D,TRITON ELEMENTARY SCHOOL,Indiana - Region 1 - North
5196,18,0,18,37712C,Blue Lightning Sharks,Bixby East,Oklahoma
5197,18,7,11,88397P,The Terminators,St Andrew's College,New Zealand
5198,18,7,11,90129A,scoilrealtnamara,scoilrealtnamara,Ireland
5199,18,4,14,55353C,Thunder BOB,Kimball IQ Program,Minnesota
5200,18,4,14,63828D,Pizza,Doxey School,Utah
5201,18,0,18,53791W,Fantastic 4,GLENMORE ELEMENTARY SCHOOL,Texas - Region 5
5202,18,0,18,9464D,Cowboy Robotics,HICKORY RIDGE ELEMENTARY,North Carolina
5203,18,2,16,21545A,the OG_Panthers,PIGGOTT ACADEMY OF INTERNATIONAL STUDIES,Nevada
5204,18,2,16,63828C,The Elderly,Doxey School,Utah
5205,18,2,16,3723C,Banana Cats,Seoul Foreign School,South Korea
5206,18,2,16,4440F,Eaglebotics Techno Quakes,EAGLE CREST ELEMENTARY SCHOOL,Colorado
5207,18,0,18,73298C,Tigerbots C,ALEXANDRIA-MONROE ELEMENTARY,Indiana - Region 1 - North
5208,18,0,18,22442D,Electric Panthers,HAYDEN R. LAWRENCE UPPER ELEMENTARY SCHOOL,Louisiana
5209,18,0,18,6510N,Mc Duckies,"Pymble Ladies College, Sydney, Australia",Australia
5210,18,0,18,28101A,All star Aces,NORTH UNION ELEMENTARY SCHOOL,Ohio
5211,18,0,18,4183D,The Inventors,Woodland Hills School District,Pennsylvania - West
5212,18,0,18,3011A,67 Mangoes,Santa Maria Bonita School District,California - South
5213,18,0,18,13274C,JFK Robotics,JFK Memorial Primary School,Ireland
5214,18,0,18,59902M,"Careful, He Bytes",McKitrick Elementary,Florida - North/Central
5215,18,0,18,55422C,USA Tigers,Sacred Heart Catholic School,Minnesota
5216,18,0,18,8562B,HanniBot,CODHUB Monastir,Tunisia
5217,18,0,18,24845A,The Blazing Comets,Kansas Elementary School Robotics Team,Oklahoma
5218,18,0,18,4613K,4613K,Barker College - K-12 School,Australia
5219,18,0,18,6510J,Nothing but capybaras,"Pymble Ladies College, Sydney, Australia",Australia
5220,18,0,18,15463B,MP2,Mary of Providence Primary School,Hong Kong
5221,18,0,18,11893A,RoboFinns,LAKE STREET ELEMENTARY SCHOOL,Indiana - Region 1 - North
5222,18,0,18,11893B,RoboFinns,LAKE STREET ELEMENTARY SCHOOL,Indiana - Region 1 - North
5223,18,0,18,43410A,RoboKnightsA,PEBBLE HILLS ELEMENTARY SCHOOL,Texas - Region 1
5224,18,0,18,10962C,Menominee Robotics,Menominee Robotics,Indiana - Region 1 - North
5225,18,0,18,7890C,VDinos,Minneola Horizon Academy (Elementary),Florida - North/Central
5226,18,0,18,77241H,Robotic Scorpions CES-H,CENTRAL ELEMENTARY,Mississippi
5227,18,0,18,7890B,Red Rovers,Minneola Horizon Academy (Elementary),Florida - North/Central
5228,18,0,18,60835B,Robo-Panthers,Groveland Elementary School,Florida - North/Central
5229,18,0,18,19813E,The Peeps,EAGLE BAY SCHOOL,Utah
5230,18,0,18,1945A,Mustangs,MINTO ELEMENTARY SCHOOL,North Dakota
5231,18,0,18,50516B,Harmony FoxBots,Harmony School of Innovation,Texas - Region 5
5232,18,0,18,822A,Whitcomb 822A,G H WHITCOMB ELEMENTARY SCHOOL,Texas - Region 3
5233,18,0,18,91774B,Cyber Hounds,NORTH MIAMI ELEMENTARY SCHOOL,Indiana - Region 1 - North
5234,18,0,18,77020A,The Hackers,TAYLORSVILLE ELEMENTARY SCHOOL,Indiana - Region 3 - South
5235,18,0,18,11813B,Shooting Stars,Oak Hill Elementary School,Georgia
5236,18,0,18,768B,Slavens Storm,SLAVENS K-8 SCHOOL,Colorado
5237,18,0,18,71667B,The Virus Bots,Brown Elementary School,Arkansas
5238,18,0,18,12456D,HarmonyHawk,HARMONY SCHOOL OF ENDEAVOR AUSTIN,Texas - Region 4
5239,18,0,18,768A,Slavens Storm,SLAVENS K-8 SCHOOL,Colorado
5240,18,0,18,42787B,MVE: The Guardians of the Galaxy,MONTANA VISTA ELEMENTARY SCHOOL,Texas - Region 1
5241,18,0,18,20319C,Snow,BATTLES (WASHINGTON) ELEMENTARY,California - South
5242,18,0,18,92P,VEXMEN: Pyro,Brandywine Robotics Inc,Pennsylvania - East
5243,18,0,18,6033E,Beep Bots,BMS Robotics,New Hampshire/Vermont
5244,18,0,18,15451B,Robot Nerds ,R BROWN  MCALLISTER ELEMENTARY,North Carolina
5245,18,0,18,9145A,Hive Hackers,Blossom Hill Elementary School,California - North
5246,18,0,18,19554C,The Gamers!!!,LYONS ELEMENTARY SCHOOL,Colorado
5247,18,0,18,37130C,Hobgood RoboRockets C,HOBGOOD ELEMENTARY,Tennessee
5248,18,0,18,14950B,LCK8 Dolphin Bots,LEISURE CITY K-8 CENTER,Florida - South
5249,18,0,18,10525G,Galactic Ghosts,FOREST GLEN ELEMENTARY SCHOOL,Indiana - Region 2 - Central
5250,18,0,18,37130B,Hobgood RoboRockets B,HOBGOOD ELEMENTARY,Tennessee
5251,18,0,18,70277D,Pretty Pink Ponies,LEGACY ELEMENTARY SCHOOL,Colorado
5252,18,0,18,83922E,Sotero Bots,Sotero Figueroa,Puerto Rico
5253,18,0,18,11815C,Live Oak Robotics,Live Oak Elementary School,Georgia
5254,18,0,18,11815D,Live Oak Robotics,Live Oak Elementary School,Georgia
5255,18,0,18,10387B,T-Vex Robotics,SCOTTSBURG ELEMENTARY SCHOOL SCHOOL,Indiana - Region 3 - South
5256,18,0,18,32642C,Dining Dinos,Norwalk Main Street School,Ohio
5257,18,0,18,95139D,EPE Team 4,Ellison Park School,Utah
5258,18,0,18,61801B,Kenosha Robo Crew BGC,Boys and Girls Club of Kenosha,Wisconsin
5259,18,0,18,21929B,Bear Pride,BONITA STREET ELEMENTARY,California - South
5260,18,0,18,45547W,Woodland Elementary RoboRockets,Woodland Elementary School,Indiana - Region 1 - North
5261,18,0,18,49509A,Robocubs,CLAY ELEMENTARY SCHOOL,Alabama
5262,18,0,18,27948C,The Stanley Lions,LASALLE ELEMENTARY SCHOOL,Indiana - Region 1 - North
5263,18,0,18,3740C,Farmdale Hawks C,Farmdale Elementary School,California - South
5264,18,0,18,33572A,BP Tecnotics,BROOK PARK ELEMENTARY SCHOOL,Indiana - Region 2 - Central
5265,18,0,18,11921B,Wild Fire,SUGAR CREEK ELEMENTARY SCH,Indiana - Region 2 - Central
5266,18,0,18,63671G,CCE Comets 4,CLAY CENTER ELEMENTARY SCHOOL,Indiana - Region 2 - Central
5267,18,0,18,72365C,Cougar-Bots C,MAXWELL INTERMEDIATE SCHOOL,Indiana - Region 2 - Central
5268,18,0,18,45227B,Gledhill Grizzlies,GLEDHILL STREET ELEMENTARY,California - South
5269,18,0,18,81276A,Dyer St. Robotics,DYER STREET ELEMENTARY,California - South
5270,18,0,18,17151D,Pink Dragon Cardigans,KENNETH T BEAGLE  MIDDLE SCHOOL,Michigan
5271,18,0,18,96835B,WDS Lioncubs2,WM DAVID SURRATT ELEMENTARY SCHOOL,Texas - Region 1
5272,18,0,18,28100A,Kaimiloa Robotics Team A,Kaimiloa Elementary School,Hawaii
5273,18,0,18,2380A,KeiWing Team A,SKH Kei Wing Primary School,Hong Kong
5274,18,0,18,2219B,Ascot Lion's Robotics Club B,Ascot Avenue Elementary School,California - South
5275,18,0,18,64317A,Bridgewater Battlers,Bridgewater Primary,United Kingdom
5276,18,0,18,841B,HFE Wildcats B,HICKORY FLAT ELEMENTARY SCHOOL,Georgia
5277,18,0,18,81972B,The Underbots 17,MCCLELLAND ELEMENTARY SCHOOL,Indiana - Region 2 - Central
5278,18,0,18,81972A,Destroyers of the World,MCCLELLAND ELEMENTARY SCHOOL,Indiana - Region 2 - Central
5279,18,0,18,9650D,PES-CATs,PLYMOUTH ELEMENTARY SCHOOL,New Hampshire/Vermont
5280,18,0,18,3705F,Cool Capybaras,Crestline Elementary School,Alabama
5281,18,0,18,28914A,Eastwood 6.0, Eastwood Middle School,Alabama
5282,18,0,18,13301B,Central CyberDAWGS,CLINTON CENTRAL ELEMENTARY SCHOOL,Indiana - Region 1 - North
5283,18,0,18,53295B,Robotic Legends,RUTH BARKER MIDDLE SCHOOL,Arkansas
5284,18,0,18,44955C,Team Tri Bots ,CENTERVILLE-ABINGTON ELEMENTARY SCHOOL SCHOOL,Indiana - Region 1 - North
5285,18,0,18,3505A,Explorers,ROBBIN ELEMENTARY SCHOOL WASHINGTON ELEMENTARY SCHOOL,Texas - Region 1
5286,18,0,18,8624A,Golden Warriors,Ysleta Elementary,Texas - Region 1
5287,18,0,18,2324C,Ramona,Ramona STEM Academy,Texas - Region 1
5288,18,0,18,25261A,Robo Rangers,Cornerstone Christian Academy,Texas - Region 3
5289,18,0,18,9650C,PES-CATs,PLYMOUTH ELEMENTARY SCHOOL,New Hampshire/Vermont
5290,18,0,18,27182W,Bad Wolf Spiders,Silverleaf School,Oregon
5291,18,0,18,8624B,Los Capibaras,YSLETA ELEMENTARY SCHOOL,Texas - Region 1
5292,18,0,18,3437E,FHES Cobalt Flobots,FOREST HILLS SCHOOL,Alabama
5293,18,0,18,70881A,NJMS Blue Devil Bots,North Jefferson Middle School,Alabama
5294,18,0,18,9121A,Eagles,International School of Choueifat - Ajman,United Arab Emirates
5295,18,0,18,79783A,Marvin Marvels,Marvin Elementary School,California - South
5296,18,0,18,27981B,Ballycommon Rovers,Ballycommon Telework and Training Centre,Ireland
5297,18,0,18,15850A,Haskell STEAM Machine 1,HASKELL ELEMENTARY SCHOOL SCI TECH ENGR ARTS AND MATH (STEAM) MAGNET,California - South
5298,18,0,18,2410K,6-7 Unicorn Gang,KEYSTONE ELEMENTARY SCHOOL SCH,Pennsylvania - West
5299,18,0,18,95170A,Bionic Bulldogs,Thomas D Gregg School 15,Indiana - Region 2 - Central
5300,18,0,18,10525B,Biscuit Bears,FOREST GLEN ELEMENTARY SCHOOL,Indiana - Region 2 - Central
5301,18,0,18,36300E,Fillies,Breck School ,Minnesota
5302,18,0,18,87758B,Eissler Robotics,Eissler Elementary,California - South
5303,18,0,18,36689D,4-H Bot Avengers,Alabama 4-H,Alabama
5304,18,0,18,92974A,Gill bulldogs,CHARLES A GILL ELEMENTARY SCHOOL,Texas - Region 2
5305,18,0,18,9050P,Hawks 9050 17,Harvest Ridge Cooperative Charter,California - North
5306,18,0,18,1876C,The Cool Tech Guys,FRIENDS ACADEMY,New York-South
5307,18,0,18,60298A,Manatee El,MANATEE ELEMENTARY SCHOOL,Florida - North/Central
5308,18,0,18,34204A,Daughtrey A,BLANCHE H. DAUGHTREY ELEMENTARY,Florida - North/Central
5309,18,0,18,34208E,The Lil' Timmys,Louise R. Johnson K-8,Florida - North/Central
5310,18,0,18,58027A,Killinarden Robotics Team,Sacred Heart Senior National School,Ireland
5311,18,0,18,75459S,St. Mark's Senior NS,St. Mark's Senior National School,Ireland
5312,18,0,18,3472S,BOB,Forest Heights STEM Academy,Arkansas
5313,18,0,18,72212B,CTK Bearinators 2,Christ the King Catholic School,Arkansas
5314,18,0,18,3472R,4 Guys Named Moe,Forest Heights STEM Academy,Arkansas
5315,18,0,18,12085D,Dr. Murasaki,MARGARET R BROWN ELEMENTARY SCHOOL,Indiana - Region 3 - South
5316,18,0,18,10851X,Gear Shift,RIVERVIEW LUTHERAN SCHOOL,Wisconsin
5317,18,0,18,1447A,The Nuggets,AVON GROVE INTRMD SCH,Pennsylvania - East
5318,18,0,18,12220E,Botzillas,ST MARY CATHOLIC SCHOOL,Indiana - Region 1 - North
5319,18,0,18,95100E,Robo Wizards,GREENFIELD INTERMEDIATE SCHOOL,Indiana - Region 2 - Central
5320,18,0,18,76129E,Ridge Robots,Maple Ridge Elementary School,Indiana - Region 2 - Central
5321,18,0,18,72514A,Sitting Ducks,W. W. Keysor Elementary.,Missouri
5322,18,0,18,11027B,CFI 2 Steampunk Panther Robotics,CENTER FOR INQUIRY SCHOOL 2,Indiana - Region 2 - Central
5323,18,0,18,12832B,The Tech Titans,GRANVILLE ELEMENTARY SCHOOL,New York-North
5324,18,0,18,19977F,Smyrna Robotics Team,Smyrna Robotics Club,Delmarva
5325,18,0,18,10227V,The Robo Rookies,The Potomac School,Virginia
5326,18,0,18,5140C,Cyber Coyotes,CANYON RIDGE ES,Texas - Region 4
5327,18,0,18,1407B,Rockin Robots,JENNIE WILSON ELEMENTARY SCHOOL,Kansas
5328,18,0,18,1060A,Western Plains North Elementary A,Western Plains North Elementary School,Kansas
5329,18,0,18,92F,VEXMEN: Fantomex,Brandywine Robotics Inc.,Pennsylvania - East
5330,18,0,18,91320D,BSIC BULLDOGS,Bernadine Sitts Intermediate Center,Kansas
5331,18,0,18,1738E,The Awesome Axolotls,West Elementary School,Alabama
5332,18,0,18,5328A,The Nerd Clusters,HUDSONVILLE CHRISTIAN SCHOOL,Michigan
5333,18,0,18,27293A,Kendall Giants A,Kendall Elementary,Indiana - Region 1 - North
5334,18,0,18,12007D,Van Buren,VAN BUREN ELEMENTARY SCHOOL,Indiana - Region 2 - Central
5335,18,0,18,12153B,RoboHawks,HAVERHILL ELEMENTARY SCHOOL,Indiana - Region 1 - North
5336,18,0,18,12153C,RoboHawks,HAVERHILL ELEMENTARY SCHOOL,Indiana - Region 1 - North
5337,18,0,18,68751B,The Unicorns,SAND SPRINGS SCHOOL,Utah
5338,18,0,18,46792B,Roverbots 2,SALAMONIE SCHOOL,Indiana - Region 1 - North
5339,18,0,18,70907B,Soupcream Summer Team,CRESTVIEW SCHOOL,Utah
5340,18,0,18,29574A,Lion Bots,CLINTON YOUNG ELEMENTARY SCHOOL,Indiana - Region 2 - Central
5341,18,0,18,65794B,Brobotics: CE Jett Setters,CENTRAL ELEMENTARY SCHOOL,Arkansas
5342,18,0,18,12098B,Hawks,COUNTRY MEADOW ELEMENTARY SCHOOL,Indiana - Region 1 - North
5343,18,0,18,76277B,Wildcats 2.0,WATERLOO ELEMENTARY SCHOOL,Indiana - Region 1 - North
5344,18,0,18,1486A,Robo-Dolphins,SOUTH ELEMENTARY SCHOOL,Indiana - Region 2 - Central
5345,18,0,18,70484Z,Blue Fox,Independent Team,Virginia
5346,18,0,18,42429A,SES Eagles A,SISSONVILLE ELEMENTARY SCHOOL,West Virginia
5347,18,0,18,21572F,SCS Tigerbots #6,THE STANLEY CLARK SCHOOL,Indiana - Region 1 - North
5348,18,0,18,58173B,Lake Prairie Techno Tigers ,Lake Prairie Elementary School,Indiana - Region 1 - North
5349,18,0,18,1876A,C.O.D.E.,FRIENDS ACADEMY,New York-South
5350,17,0,17,67052M,Challenger Mike,CHALLENGER INTERMEDIATE SCHOOL,Kansas
5351,17,4,13,99200E,The Pink Pineapple Poodles,BLUFF RIDGE SCHOOL,Utah
5352,17,6,11,27752J,Metorros,FOSTER DUAL LANGUAGE PK-8,Colorado
5353,17,0,17,816C,Jimmy BoB,G W ROBINSON,Texas - Region 3
5354,17,0,17,61817A,An Mhodhscoil,An Mhodhscoil,Ireland
5355,17,0,17,50501A,Power Surge,Our Lady Queen of Heaven School,Louisiana
5356,17,0,17,24979A,Tytaps(A),Tsing Yi Trade Association Primary School,Hong Kong
5357,17,0,17,44955D,Team Bot Builders,CENTERVILLE-ABINGTON ELEMENTARY SCHOOL SCHOOL,Indiana - Region 1 - North
5358,17,0,17,66406B,Bailly B,BAILLY ELEMENTARY SCHOOL,Indiana - Region 1 - North
5359,17,0,17,83203V,Rainbow Stars,OSCEOLA SCIENCE CHARTER SCHOOL,Florida - North/Central
5360,17,0,17,32833A,Bradley Robotics Club,Bradley International School,Colorado
5361,17,0,17,40563B,Catskill Cougars B,CATSKILL AVENUE ELEMENTARY,California - South
5362,17,0,17,19810B,Estrella Rockets,ESTRELLA ELEMENTARY,California - South
5363,17,0,17,30866C,Super Hooper Cougars C,Hooper Avenue Elementary School,California - South
5364,17,0,17,50145A,CIBOLO GREEN ES,CIBOLO GREEN ES,Texas - Region 4
5365,17,0,17,50118A,CAMELOT ES,CAMELOT ES,Texas - Region 4
5366,17,0,17,72581B,Bandini 2,BANDINI STREET ELEMENTARY,California - South
5367,17,0,17,5141A,5141A,STEUBING RANCH ELEMENTARY SCHOOL,Texas - Region 4
5368,17,0,17,11042B,Ranger Robotics,Darnaby Elementary School,Oklahoma
5369,17,0,17,4520D,北京市正泽学校,北京市正泽学校,North China
5370,17,0,17,77222A,Pink Sparkle Panthers,PETAL PRIMARY SCHOOL,Mississippi
5371,17,0,17,19398E,Hillcrest E,HILLCREST ELEMENTARY SCHOOL,Alabama
5372,17,0,17,1120T,Ten Ton Robotics,West Vancouver Schools,British Columbia (BC)
5373,17,0,17,77222C,Robo Stars,Petal Primary School,Mississippi
5374,17,0,17,11727B,IKE Eaglebots:  Robo Squad,DWIGHT D EISENHOWER ELEMENTARY SCHOOL SCHOOL,Indiana - Region 1 - North
5375,17,0,17,95139G,EPE Team 7,Ellison Park School,Utah
5376,17,0,17,29463A,Riverview Rockets,Riverview STEM Elementary,California - North
5377,17,0,17,43945F,The Mechanics,SOUTHERN LOCAL ELEMENTARY SCHOOL,Ohio
5378,17,0,17,10692C,Chrono Hackers,GEORGE W. WHITLOW ELEMENTARY,Georgia
5379,17,0,17,829B,829B,ARLYNE & ALAN WEBER ELEMENTARY SCHOOL,Texas - Region 3
5380,17,0,17,49917B,Roboťáci,"Základní škola Valašské Meziříčí, Šafaříkova 726, okres Vsetín, příspěvková organizace",Czech Republic
5381,17,0,17,15451R,The Tech Guys ,R BROWN  MCALLISTER ELEMENTARY,North Carolina
5382,17,0,17,77360A,Firmware Flyers,BAGLEY ELEMENTARY,Minnesota
5383,17,0,17,81556J,Wall-es,ANTELOPE SCHOOL,Utah
5384,17,0,17,38028G,BC BOTS- GOLD,Briarcrest Christian School,Tennessee
5385,17,0,17,68689D,Wolfpack D,BP STEM ACADEMY,California - South
5386,17,0,17,104A,Super Lax,William M Anderson Elementary School,Texas - Region 2
5387,17,0,17,4477A,TechTrons,Indian Community Center,California - North
5388,17,0,17,823C,NPE Voyager,NORTH POINTE ELEMENTARY SCHOOL,Texas - Region 3
5389,17,0,17,6605A,Campbell Robotics,CAMPBELL ELEMENTARY SCHOOL,Texas - Region 3
5390,17,0,17,62298C,Girls Power-eagles,HARMONY SCIENCE ACADEMY - CEDAR PARK,Texas - Region 4
5391,17,0,17,8240C,Cat Berries,CENTENNIAL ELEMENTARY,Colorado
5392,17,0,17,8240A,Astro Bots,CENTENNIAL ELEMENTARY,Colorado
5393,17,0,17,77147B,Battle Botz,INTERNATIONAL STUDIES MAGNET,Arkansas
5394,17,0,17,68505C,The Glitched,NIWOT ELEMENTARY SCHOOL,Colorado
5395,17,0,17,10424D,We're Totally on Topic,CENTRAL ELEMENTARY SCHOOL,Colorado
5396,17,0,17,1149A,Denver-Bryant Webster K-8 5th Grade,Bryant Webster Dual Language ECE-8 School,Colorado
5397,17,0,17,22415A,Cory Cougars,Cory Elementary School,Colorado
5398,17,0,17,74062C,Tigers 3,Bland Elementary School,Texas - Region 2
5399,17,0,17,70842E,Robo Knights,GEORGE R. ROBINSON ELEMENTARY SCHOOL.,Missouri
5400,17,0,17,67922A,Electric Eagle,Independent Team,Tennessee
5401,17,0,17,46839C,Stacker Bots,BEIGER ELEMENTARY SCHOOL,Indiana - Region 1 - North
5402,17,0,17,80496B,The G0G0_Bot,HOMECROFT ELEMENTARY SCHOOL,Indiana - Region 2 - Central
5403,17,0,17,74730B,T-Tech,DOLBY ELEMENTARY SCHOOL,Louisiana
5404,17,0,17,84608C,Cyber Cowboys,A. A. NELSON ELEMENTARY SCHOOL,Louisiana
5405,17,0,17,50879A,North Side Bots,NORTH SIDE ELEMENTARY SCHOOL,Indiana - Region 1 - North
5406,17,0,17,72212A,CTK Bearinators 1,Christ the King Catholic School,Arkansas
5407,17,0,17,3307B,Robosmarties.com,STEAM Academy at Mambrino,Texas - Region 5
5408,17,0,17,72397D,Chestatee Eaglebots 4,CHESTATEE ELEMENTARY,Georgia
5409,17,0,17,72397B,Chestatee Eaglebots 2,CHESTATEE ELEMENTARY,Georgia
5410,17,0,17,72397C,Chestatee Eaglebots 3,CHESTATEE ELEMENTARY,Georgia
5411,17,0,17,59327J,Sour Skittles,COTTONWOOD CREEK ELEMENTARY SCHOOL,Texas - Region 4
5412,17,0,17,840D,Code Aura,WEST BOUNTIFUL SCHOOL,Utah
5413,17,0,17,6909H,The Ummah,Alhuda Academy,Massachusetts
5414,17,0,17,83346B,Chrisney Wildcats,Chrisney Elementary School,Indiana - Region 3 - South
5415,17,0,17,20609A,DT Stars,DAVID TURNHAM EDUCATION CENTER,Indiana - Region 3 - South
5416,17,0,17,67422A,Bionic Bulldogs,Pinch Elementary School,West Virginia
5417,17,0,17,3173A,Freeman RoboWizards,FREEMAN ELEMENTARY SCHOOL,Texas - Region 5
5418,17,0,17,90732B,Pelicans 4,Park Western Place Elementary School,California - South
5419,17,0,17,46839E,Mystery Machine,BEIGER ELEMENTARY SCHOOL,Indiana - Region 1 - North
5420,17,0,17,70881C,NJMS Elem Robotics C,NORTH JEFFERSON MIDDLE SCHOOL,Alabama
5421,17,0,17,50256B,The Blue Dolphins,Loreto Street Elementary School,California - South
5422,17,0,17,9041B,Wade Wildcats,WILLIAM B. WADE ELEMENTARY SCHOOL,Maryland
5423,17,0,17,12150A,MEC Globebots,MARY EVELYN CASTLE ELEMENTARY SCH,Indiana - Region 2 - Central
5424,17,0,17,95432A,Thundergirlz,AIRPORT ROAD INTERMEDIATE SCHOOL,Alabama
5425,17,0,17,73331C,Bob and the Builders,HYGIENE ELEMENTARY SCHOOL,Colorado
5426,17,0,17,26503B,TERRAGIRLS,Colegio Terranova,Ecuador
5427,17,0,17,9041A,Wade Wildcats,WILLIAM B. WADE ELEMENTARY SCHOOL,Maryland
5428,17,0,17,91362F,The Worst Bots,Westchester Intermediate School,Indiana - Region 1 - North
5429,17,0,17,68792C,Riverside Robotics,Riverside Intermediate School,Indiana - Region 2 - Central
5430,17,0,17,49634D,Grant Robotics,Ella Grant Elementary School,Alabama
5431,17,0,17,56931A,RoboDogs ,Lena Archuleta Elementary ,Colorado
5432,17,0,17,44167W,RoboLions,Lockhurst Drive Charter Elementary School,California - South
5433,17,0,17,34678A,Los Roboticos-Gridley-Montañez Elementary A,GRIDLEY STREET ELEMENTARY,California - South
5434,17,0,17,45386B,Martin Robot Tigers B,T. C. MARTIN ELEMENTARY SCHOOL,Maryland
5435,17,0,17,43615B,Blue Buffalos,DISCOVERY Children's Museum,Nevada
5436,17,0,17,17807D,THE Tech Team,RIO VISTA ELEMENTARY,Arizona
5437,17,0,17,93455C,Rose,BRUCE (ROBERT) ELEMENTARY,California - South
5438,17,0,17,21454C,Robo Z - Star View Team 3,STAR VIEW ELEMENTARY,California - South
5439,17,0,17,85288A,SSJ Prototypes,STS SIMON & JUDE SCHOOL,California - South
5440,17,0,17,21454E,Vex Cocos - Star View Team 5,STAR VIEW ELEMENTARY,California - South
5441,17,0,17,2605C,Robottle,Newbottle Primary Academy,United Kingdom
5442,17,0,17,1751A,Ludworth Robot Masters,Ludworth Primary School,United Kingdom
5443,17,0,17,1878A,Ferryhill Station Robot Masters,Ferryhill Station Primary School,United Kingdom
5444,17,0,17,8875A,Pelton Piranhas,Pelton Community Primary School,United Kingdom
5445,17,0,17,64858A,Hylton Heroes,Hylton Castle Primary School,United Kingdom
5446,17,0,17,26034C,The Rockets,SANBORN ELEMENTARY SCHOOL,Colorado
5447,17,0,17,17121A,Ancient Asteroids,SUNBURST SCHOOL,Utah
5448,17,0,17,29363A,Vextermination Squad,GEORGE BIBICH ELEMENTARY SCHOOL,Indiana - Region 1 - North
5449,17,0,17,18189C,Radiant Robots,Mt. Carmel Elementary School,Indiana - Region 3 - South
5450,17,0,17,42218T,TC ROARbotics,TRITON CENTRAL ELEMENTARY SCHOOL,Indiana - Region 2 - Central
5451,17,0,17,16461Z,Blitzers,Mid-Buchanan R-V Elementary School,Missouri
5452,17,0,17,15029F,VEX-Bots,WEST SMITHS STATION ELEMENTARY SCHOOL,Alabama
5453,17,0,17,26995A,Try Hards,EAST SMITHS STATION ELEMENTARY SCHOOL,Alabama
5454,17,0,17,54235A,HHE A,HOLLY HILL ELEMENTARY SCHOOL,Alabama
5455,17,0,17,88844A,Banana Bros,ROY SCHOOL,Utah
5456,17,0,17,1971B,RQ - AlQarayen 2,Rubu Qarn,United Arab Emirates
5457,17,0,17,95100F,Cateners,GREENFIELD INTERMEDIATE SCHOOL,Indiana - Region 2 - Central
5458,17,0,17,34543F,Golden Godz,345Robotics,Cayman Islands
5459,17,0,17,24503B,Owls,HIDDEN OAK ELEMENTARY SCHOOL,Florida - North/Central
5460,17,0,17,2062B,Jawatha soldiers,JAWATHA Private School ,Saudi Arabia
5461,17,0,17,42187C,Nora Panther Cub's,NORA ELEMENTARY SCHOOL,Indiana - Region 2 - Central
5462,17,0,17,8892B,Paris Panthers x2,PARIS ELEMENTARY,South Carolina
5463,17,0,17,42187A,Nora Panther Cub's,NORA ELEMENTARY SCHOOL,Indiana - Region 2 - Central
5464,17,0,17,46250A,Allisonville Robotics Team 1,ALLISONVILLE ELEMENTARY SCHOOL,Indiana - Region 2 - Central
5465,17,0,17,19945D,Pink Party Girls,CLAYTON (JOHN M.) ELEMENTARY SCHOOL,Delmarva
5466,17,0,17,46250C,Allisonville Robotics Team 3,ALLISONVILLE ELEMENTARY SCHOOL,Indiana - Region 2 - Central
5467,17,0,17,994T,Timm,Future Sphere Syosset,New York-South
5468,17,0,17,36066E,Goblin Gang,DANIEL PRATT ELEMENTARY SCHOOL,Alabama
5469,17,0,17,26A,Robotic Roadrunners 1,NOHL CANYON ELEMENTARY,California - South
5470,17,0,17,94329C,Baby Boomers,BOUNTIFUL SCHOOL,Utah
5471,17,0,17,15174B,Stewert Red Stars,IDA M. STEWART ELEMENTARY SCHOOL,Florida - North/Central
5472,17,0,17,19273D,Ogrebots White,ARLINGTON ELEMENTARY SCHOOL,Indiana - Region 1 - North
5473,17,0,17,81134R,Sit Down,VAUGHN NEXT CENTURY LEARNING CENTER,California - South
5474,17,0,17,3522H,St. Ambrose,ST AMBROSE CATHOLIC SCHOOL,Indiana - Region 3 - South
5475,17,0,17,56720B,The Chicken Ducks,SHEPHERD OF THE VALLEY LUTHERAN SCHOOL,Wisconsin
5476,17,0,17,50051B,Fox Hill Robotics- Wild Dragons,FOX HILL ELEMENTARY SCHOOL,Indiana - Region 2 - Central
5477,17,0,17,5106A,The Ducks (Harmony Hills),HARMONY HILLS ELEMENTARY SCHOOL,Texas - Region 4
5478,17,0,17,3101W,Leopard Leaders,WALNUT GLEN ACAD FOR EXCEL,Texas - Region 5
5479,17,0,17,72514D,Flaming Potato Turtles,W. W. Keysor Elementary.,Missouri
5480,17,0,17,10414B,Antietam Robotics,ANTIETAM ELEMENTARY,Virginia
5481,17,0,17,5141B,5141B,STEUBING RANCH ELEMENTARY SCHOOL,Texas - Region 4
5482,17,0,17,5140B,CR Stars,CANYON RIDGE ES,Texas - Region 4
5483,17,0,17,1060B,Western Plains North Elementary B,WESTERN PLAINS NORTH ELEMENTARY SCHOOL,Kansas
5484,17,0,17,68346Z,The Cobras,VIKING ELEMENTARY SCHOOL,North Dakota
5485,17,0,17,55176C,Mohawk Trails Elementary Robotics Team C,Mohawk Trails Elementary,Indiana - Region 2 - Central
5486,17,0,17,1738A,The Pizzas,West Elementary School,Alabama
5487,17,0,17,9210T,Panthers,ISD 47 Sauk Rapids Elementary Schools - Hosted at Middle School,Minnesota
5488,17,0,17,56270B,The Queens,BEN FRANKLIN ELEMENTARY SCHOOL,North Dakota
5489,17,0,17,62102A,The Cougars,CAHUENGA ELEMENTARY,California - South
5490,17,0,17,2649C,Quashnet Robotics,QUASHNET INTERMEDIATE SCHOOL,Massachusetts
5491,17,0,17,63165M,3 Fours and a Five,KRAFT MEADOWS INTERMEDIATE SCHOOL,Michigan
5492,17,0,17,49557C,NDES Warriors,NORTH DECATUR ELEMENTARY SCHOOL,Indiana - Region 3 - South
5493,17,0,17,2012A,StingBots,SOMERSET ARTS ACADEMY,Florida - South
5494,17,0,17,87035B,The  Mechanical Vikings,BLUE RIVER VALLEY ELEMENTARY SCH,Indiana - Region 1 - North
5495,17,0,17,41219C,Panther Bots,NORTHSIDE ELEMENTARY SCHOOL,Arkansas
5496,17,0,17,84598F,The 3D's,SUNSET ELEMENTARY SCHOOL,Colorado
5497,17,0,17,44501A,T B D,BLOOMER ELEMENTARY SCHOOL,Iowa
5498,17,0,17,46145B,St Joe SaintBots,ST JOSEPH SCHOOL,Indiana - Region 1 - North
5499,17,0,17,1787D,The Dangerous 3,FARR WEST SCHOOL,Utah
5500,17,0,17,88844C,Crazy 67s,ROY SCHOOL,Utah
5501,17,0,17,30388C,KFC Code2000,JAMES R WATSON ELEMENTARY SCHOOL,Indiana - Region 1 - North
5502,17,0,17,6403R,Red Window,Brookside Intermediate School,Ohio
5503,17,0,17,84598C,MEGA BOTS,SUNSET ELEMENTARY SCHOOL,Colorado
5504,17,0,17,15867C,Fort Knox,PIONEER ELEMENTARY SCHOOL,Indiana - Region 1 - North
5505,17,0,17,21105A,Bridgeview Knights,BRIDGEVIEW ELEMENTARY SCHOOL,West Virginia
5506,17,0,17,65967B,Redhawks Robotics,MERLE SIDENER GIFTED ACADEMY,Indiana - Region 2 - Central
5507,17,0,17,65967D,Redhawks Robotics,MERLE SIDENER GIFTED ACADEMY,Indiana - Region 2 - Central
5508,17,0,17,63671E,CCE Comets 2,CLAY CENTER ELEMENTARY SCHOOL,Indiana - Region 2 - Central
5509,17,0,17,1486C,Aqua-Bots,South Elementary School,Indiana - Region 2 - Central
5510,17,0,17,79904A,CYBORG STINGERS,MARSHALL TRADITIONAL SCHOOL,Indiana - Region 1 - North
5511,17,0,17,13420C,KA - Quantum Robotics,Kennedy Primary Academy,Indiana - Region 1 - North
5512,16,7,9,22278A,22278,Fawn Hollow Elementary School,Connecticut
5513,16,2,14,1120D,Ten Ton Robotics,West Vancouver Schools,British Columbia (BC)
5514,16,7,9,10898B,Vieweg Hornets 2,Vieweg Stem Academy,California - South
5515,16,7,9,60113B,Turbulence B-Bots,Grand View Elementary School,Colorado
5516,16,7,9,220P,Primary Function,Western Mechatronics,Alberta/Saskatchewan
5517,16,6,10,21340A,MLC Vexgemites,MLC School Burwood,Australia
5518,16,6,10,23660D,LK JS 4,Loreto Kirribilli,Australia
5519,16,6,10,54757C,4 Musketeerssss,SEQUOYAH ELEMENTARY SCHOOL,Oklahoma
5520,16,6,10,80074A,Sir Beeps A Lot,LAWTON M. CHILES ELEMENTARY SCHOOL,Florida - North/Central
5521,16,2,14,58979E,Roblox Dog Avengers,TARA ELEMENTARY SCHOOL,Florida - North/Central
5522,16,6,10,34202X,Four Five,GILBERT W MCNEAL ELEMENTARY SCHOOL,Florida - North/Central
5523,16,2,14,14163C,Striking Neon Krakens,MONROEVILLE ELEMENTARY SCHOOL,Ohio
5524,16,0,16,28S,SIRCUIT BREAKERZ,Robot Revolution,New Jersey
5525,16,2,14,3707C,The Fireballs,CHEROKEE BEND ELEMENTARY SCHOOL,Alabama
5526,16,2,14,68173B,Hope Street Lions Robotics,HOPE STREET ELEMENTARY,California - South
5527,16,0,16,802B,Lightning Bots,HENRY BAUERSCHLAG ELEMENTARY SCHOOL,Texas - Region 3
5528,16,0,16,25463B,Parkway Fifth Grade,Parkway Elementary,Arkansas
5529,16,0,16,37751A,Up Academy Robotics,UP ACADEMY,California - North
5530,16,0,16,34160D,The Legends,BRUMMITT ELEMENTARY SCHOOL,Indiana - Region 1 - North
5531,16,0,16,5585C,C,JENNIE BARKER ELEMENTARY SCHOOL,Kansas
5532,16,0,16,13459A,Retro Bots 2.0,MONTCALM ELEMENTARY SCHOOL,West Virginia
5533,16,0,16,8606A,JoymateA,小手宇宙机器人,East China
5534,16,0,16,99251C,Gao Xinxia,青少年科技创新基地,South China
5535,16,0,16,98019A,HERITAGE LIONS,HERITAGE INTERNATIONAL SCHOOL,Uganda
5536,16,0,16,28383H,4Leoforce,TRƯỜNG TIỂU HỌC VÀ TRUNG HỌC CƠ SỞ FPT ĐÀ NẴNG,Vietnam
5537,16,0,16,1059B,CyberKnights B,KIMBERLIN ACAD FOR EXCEL,Texas - Region 5
5538,16,0,16,29621A,Burnt Pancakes,Davis Youth Robotics,California - North
5539,16,0,16,29690X,H.E.R.E. The 4 Tailed Cats,HERITAGE ELEMENTARY,South Carolina
5540,16,0,16,5279B,Team Banana - Scales,SCALES ELEMENTARY SCHOOL,Tennessee
5541,16,0,16,19055A,Robo-Eagles,Hillside Academy For Excel,Texas - Region 5
5542,16,0,16,89362B,Scoil Naomh Pádraig,"Scoil Naomh Pádraig, Carndonagh",Ireland
5543,16,0,16,37909C,Cool Monkeys,WEST HILLS ELEMENTARY,Tennessee
5544,16,0,16,97686B,YLLPE Wai Chow School,Yuen Long Long Ping Estate Wai Chow School,Hong Kong
5545,16,0,16,24977B,Red Hill Team B,RED HILL ELEMENTARY,California - South
5546,16,0,16,30410N,Flash,St. Johnsbury Academy Jeju,South Korea
5547,16,0,16,75226B,West Point Intermediate School Robotics Team,WEST POINT INTERMEDIATE SCHOOL,Alabama
5548,16,0,16,96574A,The St. John's Superstars,St John's CE Primary School,United Kingdom
5549,16,0,16,66800A,FDE 1,FOUNTAINDALE ELEMENTARY,Maryland
5550,16,0,16,10300B,Falconbot - Bravo,ASHLAND ELEMENTARY,Virginia
5551,16,0,16,10300A,Falconbot - Alpha,ASHLAND ELEMENTARY,Virginia
5552,16,0,16,54426E,Hex Vex,VICTOR H HEXTER ELEMENTARY SCHOOL,Texas - Region 2
5553,16,0,16,79085B,North Salem Blue Devils Team B,NORTH SALEM ELEMENTARY SCHOOL,Indiana - Region 2 - Central
5554,16,0,16,42429B,SES Eagles B,SISSONVILLE ELEMENTARY SCHOOL,West Virginia
5555,16,0,16,52551A,Jackson Battle Bots,Jackson Elementary School,Indiana - Region 1 - North
5556,16,0,16,28R,Chicken Banana 2,Robot Revolution,New Jersey
5557,15,6,9,38029A,ISA Robotics,International School Of Arizona,Arizona
5558,15,4,11,91362D,Control Alt Delete,Westchester Intermediate School,Indiana - Region 1 - North
5559,15,2,13,2076Y,Cookie Crumbs,Knox Grammar School,Australia
5560,15,2,13,11727A,IKE Eaglebots: Robo Rangers,DWIGHT D EISENHOWER ELEMENTARY SCHOOL,Indiana - Region 1 - North
5561,15,2,13,11697A,Colegio Columbia A,Colegio Columbia,Mexico
5562,15,1,14,9087A,PVS robotics club,Pioneer Village School,Australia
5563,15,0,15,88310D,HHCA Stingray,HILTON HEAD CHRISTIAN ACADEMY,South Carolina
5564,15,0,15,34160F,Capybots,BRUMMITT ELEMENTARY SCHOOL,Indiana - Region 1 - North
5565,15,0,15,1942W,Maple Grove,Maven Techlab Ltd.,British Columbia (BC)
5566,15,0,15,77241F,Electrified Anacondas CES-F,CENTRAL ELEMENTARY,Mississippi
5567,15,0,15,7161A,Sparky Wires,Davis Youth Robotics ,California - North
5568,15,0,15,68132K,The Bobettes,ST MARGARET MARY SCHOOL,Nebraska
5569,15,0,15,40280A,SCES Warriors,South Cembo Elementary School,Philippines
5570,15,0,15,26038G,Robo-Dragons,GLEN DALE ELEMENTARY SCHOOL,West Virginia
5571,15,0,15,30405D,Overbrook Coding Cats D,OVERBROOK ELEMENTARY SCHOOL,West Virginia
5572,15,0,15,5328B,Tophat Turtles from Mexico,HUDSONVILLE CHRISTIAN SCHOOL,Michigan
5573,15,0,15,32840C,Team Chopwell,Chopwell Primary School,United Kingdom
5574,15,0,15,46227A,Cardinal Coders,SOUTHPORT 6TH GRADE ACADEMY,Indiana - Region 2 - Central
5575,15,0,15,23500F,SPAETRON,EDKEY INC. - PATHFINDER ACADEMY AT EASTMARK,Arizona
5576,15,0,15,10989A,ED-209,ALACHUA ELEMENTARY SCHOOL,Florida - North/Central
5577,15,0,15,58247S,CMSS Robotics,Cabot Middle School South,Arkansas
5578,15,0,15,99477H,Collegium Robotics 477 Hackers,COLLEGIUM CS,Pennsylvania - East
5579,15,0,15,19977R,Smyrna Robotics Team,Smyrna Robotics Club,Delmarva
5580,15,0,15,12832C,The Software Spies,GRANVILLE ELEMENTARY SCHOOL,New York-North
5581,15,0,15,3377A,3377A,Alta Brown Elementary School,Kansas
5582,15,0,15,46783B,Roanoke Elementary B,ROANOKE ELEMENTARY SCHOOL,Indiana - Region 1 - North
5583,15,0,15,30388B,Glich,JAMES R WATSON ELEMENTARY SCHOOL,Indiana - Region 1 - North
5584,14,14,0,69677A,Paddock NS,Paddock NS,Ireland
5585,14,7,7,10863D,JSTEA - 4,JSTEA,Hong Kong
5586,14,7,7,77357F,The Console Guardians,Muir School,Utah
5587,14,7,7,85094B,Robo Rookies,Salem Elementary School,Arkansas
5588,14,7,7,14140B,SMW Robotics 2,Stephen M. White Middle School and S.T.E.A.M Magnet,California - South
5589,14,7,7,6822A,Eagle Robotics,SIXTY-SIXTH STREET ELEMENTARY,California - South
5590,14,7,7,51417B,Brentnall academy ,Brantnall academy ,United Kingdom
5591,14,7,7,93926B,Vena Elementary B,Vena Avenue Elementary School,California - South
5592,14,4,10,39548A,Hale Schools Robo Raptors,HALE ELEMENTARY MIDDLE SCHOOL,Michigan
5593,14,4,10,10546H,STA Tigers 8,ST THOMAS AQUINAS SCHOOL,Indiana - Region 2 - Central
5594,14,2,12,1059C,CyberKnights C,KIMBERLIN ACAD FOR EXCEL,Texas - Region 5
5595,14,2,12,76666B,LOS ENGRANAJES MAKER'S,"Aula Maker, Castellon",Spain
5596,14,0,14,94645B,Tech Trojans,LIBERTY INTERMEDIATE SCHOOL,Indiana - Region 1 - North
5597,14,0,14,71825M,NSE Team 2,Northshore Elementary School,Mississippi
5598,14,0,14,18551C,Las Tigresas,WALNUT PARK ELEMENTARY,California - South
5599,14,0,14,80491C,Platypus Robot Army,RED HAWK ELEMENTARY,Colorado
5600,14,0,14,1067X,IBS Heroes,International British School (IBS),Kuwait
5601,14,0,14,164F,Pizza Lovers #1,West Weber School,Utah
5602,14,0,14,47163A,The Robot Girls,HAWK EYE ELEMENTARY,North Carolina
5603,14,0,14,13699A,阳光队,最爱机器人,Middle China
5604,14,0,14,4520C,北京市正泽学校,北京市正泽学校,North China
5605,14,0,14,55552A,Mini Dragons,DOWNTOWN ELEMENTARY,California - South
5606,14,0,14,15029A,Robotic Runners ,WEST SMITHS STATION ELEMENTARY SCHOOL,Alabama
5607,14,0,14,9882A,EAS || Cypher,EAS Robotics Team,Thailand
5608,14,0,14,825A,Red Robots- Hall Elementary,WALTER HALL ELEMENTARY SCHOOL,Texas - Region 3
5609,14,0,14,11999F,Shadow Gators,Central Elementary School,Indiana - Region 2 - Central
5610,14,0,14,78335C,Fantastic Five,PINE CREST SCHOOL,Florida - South
5611,14,0,14,4440B,Eaglebotics Tech Storm,EAGLE CREST ELEMENTARY SCHOOL,Colorado
5612,14,0,14,148D,Rock-A-Bots,Travis Intermediate,Texas - Region 2
5613,14,0,14,93455B,Knuckles,BRUCE (ROBERT) ELEMENTARY,California - South
5614,14,0,14,80418B,MAT Robotics B,Morrison Academy Taipei,Chinese Taipei
5615,14,0,14,5280E,Master E,SOARING HEIGHTS PK-8,Colorado
5616,14,0,14,697A,WWJD Panthers,Mars Hill Bible School Elementary,Alabama
5617,14,0,14,24025A,The μBytes,SPRINGFIELD ELEMENTARY SCHOOL,Louisiana
5618,14,0,14,13645Z,Robo Boba,LAURA INGALLS WILDER,Texas - Region 3
5619,14,0,14,47274A,Redding Robotics A,Seymour-Redding Elementary School,Indiana - Region 3 - South
5620,14,0,14,55154A,HSI Osos,Harmony School of Innovation,Texas - Region 4
5621,14,0,14,840E,Wild Robots,WEST BOUNTIFUL SCHOOL,Utah
5622,14,0,14,32642A,67 Nerds,Norwalk Main Street School,Ohio
5623,14,0,14,90247D,Pixel Pioneers,PRICE (MAUDE) ELEMENTARY,California - South
5624,14,0,14,33572B,BP Tecnotics 2,BROOK PARK ELEMENTARY SCHOOL,Indiana - Region 2 - Central
5625,14,0,14,1816A,Meadowview Lions,MEADOWVIEW ELEMENTARY SCHOOL,Alabama
5626,14,0,14,17151M,Iron Squad,KENNETH T BEAGLE  MIDDLE SCHOOL,Michigan
5627,14,0,14,16600A,Barney Ford Lions,Barney Ford Elementary,Colorado
5628,14,0,14,2380B,KeiWing Team B,SKH Kei Wing Primary School,Hong Kong
5629,14,0,14,2380C,KeiWing Team C,SKH Kei Wing Primary School,Hong Kong
5630,14,0,14,32344A,Super Robo Pro Bots,MARGUERITE POINDEXTER LAMOTTE ELEMENTARY,California - South
5631,14,0,14,29465A,VES,Vinemont Elementary School,Alabama
5632,14,0,14,5377C,Tillery Team One,FRANK TILLERY ELEMENTARY SCHOOL. SCHOOL,Arkansas
5633,14,0,14,3703C,The Pink Fluffy Pandas,Mountain Brook Machines-MBE,Alabama
5634,14,0,14,37727A,Bear Bots A,BULLOCK ELEMENTARY SCHOOL,Texas - Region 5
5635,14,0,14,32212C,St. Mary School,ST MARY SCHOOL,Connecticut
5636,14,0,14,54235F,HHE F,HOLLY HILL ELEMENTARY SCHOOL,Alabama
5637,14,0,14,37952A,Gears and the Grove,Pleasant Grove Elementary School,Alabama
5638,14,0,14,1971A,RQ - AlQarayen 1,Rubu Qarn,United Arab Emirates
5639,14,0,14,75557A,Falcon Bots,The International School of Choueifat — Ras Al Khaimah,United Arab Emirates
5640,14,0,14,72581A,Bandini 1,BANDINI STREET ELEMENTARY,California - South
5641,14,0,14,41090D,SBE Starbots: 41090D,SETTLES BRIDGE ELEMENTARY SCHOOL,Georgia
5642,14,0,14,99535B,Collegium Robotics: B,COLLEGIUM CS,Pennsylvania - East
5643,14,0,14,64061B,GB Awesome 3s,GREENBRIAR ELEMENTARY SCHOOL,Indiana - Region 2 - Central
5644,14,0,14,39144B,Chocolate Cupcakes,EVENING STAR ELEMENTARY SCHOOL,Arkansas
5645,14,0,14,56720C,Zombie Kittens,SHEPHERD OF THE VALLEY LUTHERAN SCHOOL,Wisconsin
5646,14,0,14,76129D,MRE Bots,Maple Ridge Elementary School,Indiana - Region 2 - Central
5647,14,0,14,64173A,W.I.R.E.D - Elementary A,Waterford School District,Michigan
5648,14,0,14,26500A,26500 Alpha Turtles,CLARK DAVIDSON ELEMENTARY SCHOOL,Kansas
5649,14,0,14,98943A,Decepticons,Sherry and Paul Hamm Elementary School,Texas - Region 2
5650,14,0,14,56445A,Brainforce,Pike County Schools - Center for Advanced Academics & Accelerated Learning,Alabama
5651,14,0,14,93901B,TPOMPS B,Tai Po Old Market Public School,Hong Kong
5652,14,0,14,58086A,scoilchiarain,Scoil Chiaráin CBS,Ireland
5653,14,0,14,3472P,Horses 4 Life,Forest Heights STEM Academy,Arkansas
5654,14,0,14,89360C,Collegeville Hornets Team 2,COLLEGEVILLE ELEMENTARY SCHOOL,Arkansas
5655,14,0,14,67052J,Challenger Juliet,CHALLENGER INTERMEDIATE SCHOOL,Kansas
5656,14,0,14,46366M,NJSP Robotics,North Judson San Pierre Schools,Indiana - Region 1 - North
5657,14,0,14,62102C,Cahuenga Cougars,CAHUENGA ELEMENTARY,California - South
5658,14,0,14,26126B,The Builders,DILLSBORO ELEMENTARY SCHOOL,Indiana - Region 3 - South
5659,14,0,14,78767A,HSA coders,HORIZON SCIENCE ACADEMY-CLEVELAND MIDDLE SCHOOL,Ohio
5660,14,0,14,30517G,EIS Eagles - G,EDGEWOOD INTERMEDIATE SCHOOL,Indiana - Region 3 - South
5661,14,0,14,11541R,Starr Stackers,STAR ELEMENTARY SCHOOL,Michigan
5662,14,0,14,41047E,8-Bit Oddballs,MOUNTAIN VIEW SCHOOL,Utah
5663,14,0,14,164A,Fantastic Four,West Weber School,Utah
5664,14,0,14,46217A,Robo-Talons,Perry Meridian 6th Grade Academy,Indiana - Region 2 - Central
5665,14,0,14,46217B,Robo-Talons 2,Perry Meridian 6th Grade Academy,Indiana - Region 2 - Central
5666,14,0,14,164D,Pink Flamingos,West Weber School,Utah
5667,14,0,14,58173C,Lake Prairie Robo Tigers ,Lake Prairie Elementary School,Indiana - Region 1 - North
5668,14,0,14,55040A,Purple Penguins,MONTESSORI SCHOOL OF MCLEAN,Virginia
5669,13,6,7,9669D,PFS Pneumonoultramicroscopicsilicovolcanoconiosis,PlayFACTO School,Singapore
5670,13,4,9,96720K,Kāhuli,KA UMEKE KAEO - PCS,Hawaii
5671,13,4,9,74210B,Hanceville Elementary Team B,Hanceville Elementary,Alabama
5672,13,4,9,13680C,The Cannon Crew,Pooles Mill Elementary,Georgia
5673,13,0,13,12110C,Hokubots C,HOKULANI ELEMENTARY SCHOOL,Hawaii
5674,13,0,13,51061C,Lakeroids Sheldon's Turtles,LAKEWOOD ELEMENTARY SCHOOL,West Virginia
5675,13,2,11,68173A,Hope Street Elementary,HOPE STREET ELEMENTARY,California - South
5676,13,2,11,90241A,VIPS,RIO HONDO ELEMENTARY,California - South
5677,13,2,11,6054D,Mustangs4,LAKE AGASSIZ ELEMENTARY SCHOOL,North Dakota
5678,13,2,11,84091V,The Nerds,Bixby Central,Oklahoma
5679,13,0,13,10091A,LunaTechs,KEAAU ELEMENTARY SCHOOL,Hawaii
5680,13,0,13,66775D,D' Rez Bulls,Seven Mile School,Arizona
5681,13,0,13,57026C,South Robotics Team 3,South Elementary,Tennessee
5682,13,0,13,3443E,Robo-Men,Petal Elementary School,Mississippi
5683,13,0,13,81800C,Certified Ballers,Pedare Christian College,Australia
5684,13,0,13,33278C,Eagles Robotics Team,Park Elementary School,Indiana - Region 1 - North
5685,13,0,13,13056G,The PotaTOES,Royalton Community Education,Minnesota
5686,13,0,13,3437B,FHES Titanium Robofalcons,FOREST HILLS SCHOOL,Alabama
5687,13,0,13,26038D,Iron-Dragons,GLEN DALE ELEMENTARY SCHOOL,West Virginia
5688,13,0,13,23720B,ProSwish,BLANTON ELEMENTARY SCHOOL,Texas - Region 5
5689,13,0,13,52676A,Pirate Ship Robotics,BRISTOL ELEMENTARY SCHOOL,Indiana - Region 1 - North
5690,13,0,13,91362K,The Baddie Bots,Westchester Intermediate School,Indiana - Region 1 - North
5691,13,0,13,28407A,Cobbelmon,BURLINGTON ELEMENTARY SCHOOL,Colorado
5692,13,0,13,33111C,Love Robot,Robotmastery,Texas - Region 3
5693,13,0,13,35950B,iCode Memorial Team B,iCode Memorial,Texas - Region 3
5694,13,0,13,99500U,Collegium Robotics: Unique Creators,COLLEGIUM CS,Pennsylvania - East
5695,13,0,13,59327K,Nano Bots,COTTONWOOD CREEK ELEMENTARY SCHOOL,Texas - Region 4
5696,13,0,13,99477G,Collegium Robotics 477 Gnomes,COLLEGIUM CS,Pennsylvania - East
5697,13,0,13,8562A,DARK HEROES,CODHUB Monastir,Tunisia
5698,12,4,8,93649B,VelociRobots,WARD CENTRAL ELEMENTARY,Arkansas
5699,12,4,8,93649A,Sparks,WARD CENTRAL ELEMENTARY,Arkansas
5700,12,2,10,40693V,Marla May Leat,Gillette College,Wyoming
5701,12,2,10,63377A,Dubmire,Dubmire Academy,United Kingdom
5702,12,2,10,80074B,Blazing Builders,LAWTON M. CHILES ELEMENTARY SCHOOL,Florida - North/Central
5703,12,2,10,3859B,Yarm Prep School,Yarm Prep School,United Kingdom
5704,12,2,10,233B,Girls Squad,WINNECONNE ELEMENTARY,Wisconsin
5705,12,0,12,94645C,Terminating Turtles,LIBERTY INTERMEDIATE SCHOOL,Indiana - Region 1 - North
5706,12,0,12,95567A,Don Steed Racers,DON D STEED ELEMENTARY,North Carolina
5707,12,0,12,84636B,Pirate Robotics,PARKSIDE ELEMENTARY SCHOOL,Indiana - Region 3 - South
5708,12,0,12,20218A,VEX Gamer,Leung Kui Kau Lutheran Primary School,Hong Kong
5709,12,0,12,19055B,Robo-Eagles,Hillside Academy For Excel,Texas - Region 5
5710,12,0,12,5201A,Pearson Ponies,NITA PEARSON ELEMENTARY SCHOOL,Texas - Region 5
5711,12,0,12,5201C,Pearson Ponies,NITA PEARSON ELEMENTARY SCHOOL,Texas - Region 5
5712,12,0,12,24960A,Tunnell,TUNNELL (MARTIN LUTHER) ELEMENTARY,California - South
5713,12,0,12,2581C,Code Crushers,CARONDELET CATHOLIC,Minnesota
5714,12,0,12,84170A,Senior Room,St.Columba's NS Ballylast,Ireland
5715,12,0,12,10277F,MacRobotics,MacRobotics,Indiana - Region 1 - North
5716,12,0,12,49856A,Ctrl+Alt+Defeat,RAMON GARZA ELEMENTARY,California - South
5717,12,0,12,6576D,MegaMind Minions,GATEWAY SCIENCE ACAD/ST LOUIS,Missouri
5718,11,2,9,56864B,Robot Nova,HOOVER ELEMENTARY SCHOOL,Iowa
5719,11,2,9,98854J,SPYDERS,Bright Field Middle School,Arkansas
5720,11,2,9,83900Z,// Caution Tape Z-Bot //,Caution Tape Robotics STEM Lab ////,Ontario
5721,11,2,9,9006A,THYP,广州市白云区少年宫,South China
5722,11,2,9,1120Y,Unknown,West Vancouver Schools,British Columbia (BC)
5723,11,2,9,90044B,Robot Tigers  Go,Ninety-fifth Street Elementary School,California - South
5724,11,0,11,22278E,22278E,Fawn Hollow Elementary School,Connecticut
5725,11,0,11,60767A,TechFire,Park Hill Elementary,Colorado
5726,11,0,11,94645H,Blazing Bananas,LIBERTY INTERMEDIATE SCHOOL,Indiana - Region 1 - North
5727,11,0,11,25902A,Firebirds,Eshelman Avenue Elementary School,California - South
5728,11,0,11,34984A,Greensburg Pirates,GREENSBURG ELEMENTARY,Indiana - Region 3 - South
5729,11,0,11,2076X,Cyber Legends,Knox Grammar School,Australia
5730,11,0,11,9087C,PVS robotics club Charlie,Pioneer Village School,Australia
5731,11,0,11,3707B,The Champions,CHEROKEE BEND ELEMENTARY SCHOOL,Alabama
5732,11,0,11,57026A,South Robotics Team 1,South Elementary,Tennessee
5733,11,0,11,38821A,Preppy Pickles,EAST AMORY SCHOOL,Mississippi
5734,11,0,11,492A,Code Crushers,Austin RoboPack,Minnesota
5735,11,0,11,80600A,VexTastic,Harmony Science Academy- Lubbock,Texas - Region 5
5736,11,0,11,24977A,Red Hill Team A,RED HILL ELEMENTARY,California - South
5737,11,0,11,43615A,The Tigers,DISCOVERY Children's Museum,Nevada
5738,11,0,11,1466M,Next Level Kidz »» Chicken Jockeyz,Next Level Kidz Inc.,South Carolina
5739,11,0,11,6088A,Dino Bots,EMMONS ELEMENTARY SCHOOL,Indiana - Region 1 - North
5740,11,0,11,5280T,Sigma Tacos,SOARING HEIGHTS PK-8,Colorado
5741,11,0,11,40842F,Scoil Cholcmille Letterkenny 6th,Scoil Cholmcille,Ireland
5742,11,0,11,62918A,UISG A,Utahloy International School Guangzhou,South China
5743,11,0,11,74730C,4th Grade Rocks,DOLBY ELEMENTARY SCHOOL,Louisiana
5744,11,0,11,12160A,CCI Gears,Cedar Crest Intermediate School,Indiana - Region 3 - South
5745,11,0,11,9394Z,Cyber Squad,Conejo Valley Robotics Club,California - South
5746,11,0,11,72777G,The Broz,EAST FORK LUTHERAN GRADE SCHOOL AND HIGH SCHOOL,Arizona
5747,11,0,11,44512B,Blitz Bots,Anna Booth Elementary School,Alabama
5748,11,0,11,73331D,Robotic Dino Nuggets,HYGIENE ELEMENTARY SCHOOL,Colorado
5749,11,0,11,838K,Kinetic,Blaze Robotics Academy,Washington
5750,11,0,11,6869B,Mercury,ENGLEWOOD ELEMENTARY SCHOOL,Florida - North/Central
5751,11,0,11,96707B,Kapolei Dolphins,KAPOLEI ELEMENTARY SCHOOL,Hawaii
5752,11,0,11,85745B,The Blue Clouds,SAMOSET ELEMENTARY SCHOOL,Florida - North/Central
5753,11,0,11,11216C,Team Ancient Chicken Nuggets with Tamales,COLUMBINE ELEMENTARY SCHOOL,Colorado
5754,11,0,11,28407C,King George,BURLINGTON ELEMENTARY SCHOOL,Colorado
5755,11,0,11,99150D,Collegium Robotics: Da Boyz,COLLEGIUM CS,Pennsylvania - East
5756,11,0,11,37700E,Team E,LILLIE IDELLA KITLEY ELEMENTARY,Indiana - Region 2 - Central
5757,11,0,11,49905C,VEX Builders,Aledaliya Club 3,Kuwait
5758,11,0,11,91754B,The Intimidators,STEPHEN FOSTER ELEMENTARY SCHOOL,Florida - North/Central
5759,11,0,11,31616A,Palomino Bots A,CHATSWORTH PARK ELEMENTARY,California - South
5760,11,0,11,73131K,Christ Church,Christ Church Charnock Richard Primary School,United Kingdom
5761,11,0,11,94851D,Stitch Lovers,Sandycreek Elementary School,Pennsylvania - West
5762,11,0,11,840B,Twisters,WEST BOUNTIFUL SCHOOL,Utah
5763,11,0,11,58945E,St. Mary's Turkeys,ST MARY'S EPISCOPAL SCHOOL,Tennessee
5764,11,0,11,9050J,Hawks 9050 10 B0B,Harvest Ridge Cooperative Charter,California - North
5765,11,0,11,2425C,Amazing Roadrunners,Roscomare Road Elementary,California - South
5766,11,0,11,56048C,Bot Bros,BROWNSTOWN ELEMENTARY SCHOOL,Indiana - Region 3 - South
5767,11,0,11,47260B,Medora B,Medora STEM Academy,Indiana - Region 3 - South
5768,11,0,11,6651D,The Cuddle Bunnies,GATEWAY SCIENCE ACAD-SOUTH ELE,Missouri
5769,11,0,11,1251A,Casa View Robotics,CASA VIEW ELEMENTARY SCHOOL,Texas - Region 2
5770,11,0,11,4518T,Lightning Lions,SUDIE L WILLIAMS TALENTED AND GIFTED ACADEMY,Texas - Region 2
5771,11,0,11,14163E,Furious Foxes,MONROEVILLE ELEMENTARY SCHOOL,Ohio
5772,11,0,11,27672A,Glenns Valley Botzilla,GLENNS VALLEY ELEMENTARY SCHOOL,Indiana - Region 2 - Central
5773,11,0,11,1787B,RUOK,FARR WEST SCHOOL,Utah
5774,11,0,11,24736Z,Pocahontas,LASHMEET/MATOAKA ELEMENTARY SCHOOL,West Virginia
5775,10,10,0,22051C,Iron Bots,Robospark,Washington
5776,10,6,4,23660A,LK JS 1,Loreto Kirribilli,Australia
5777,10,2,8,3333K,Lambo,Notre Dame Prep,Michigan
5778,10,2,8,92082B,Rockstars,J.A. FAIR HIGH SCHOOL,Arkansas
5779,10,0,10,2076V,VEXplosion,Knox Grammar School,Australia
5780,10,0,10,37700F,Team F,LILLIE IDELLA KITLEY ELEMENTARY,Indiana - Region 2 - Central
5781,10,0,10,23660B,LK JS 2,Loreto Kirribilli,Australia
5782,10,0,10,1976B,Gumballs,CARVER Washington MAGNET ELEMENTARY SCHOOL,Arkansas
5783,10,0,10,77241A,Team Alfa Builds - CES Team A,CENTRAL ELEMENTARY,Mississippi
5784,10,0,10,77011C,Killer-Shark 67,City of Riihimaki Eteläinen koulu,Finland
5785,10,0,10,58979A,99 Crashers!,TARA ELEMENTARY SCHOOL,Florida - North/Central
5786,10,0,10,29441T,The Lucky 6,Kenna Elementary School,West Virginia
5787,10,0,10,23660E,LK JS 5,Loreto Kirribilli,Australia
5788,10,0,10,56987A,SCORIS STARS,SCORIS INTERNATIONAL SCHOOL,Uganda
5789,10,0,10,15012A,All Star Robotics,OAKLAND HEIGHTS ELEMENTARY SCHOOL. SCHOOL,Arkansas
5790,10,0,10,819B,Starbots 2,JOHN F WARD ELEMENTARY SCHOOL,Texas - Region 3
5791,10,0,10,37700C,Cosmos,LILLIE IDELLA KITLEY ELEMENTARY,Indiana - Region 2 - Central
5792,10,0,10,67282C,Patana Elem #1,Bangkok Patana School,Thailand
5793,10,0,10,3701C,3701C,BROOKWOOD FOREST ELEMENTARY SCHOOL,Alabama
5794,10,0,10,26159B,The Warriors,PADEN CITY ELEMENTARY SCHOOL,West Virginia
5795,10,0,10,25355E,BCE Wildcats E,BIG CREEK ELEMENTARY SCHOOL,Georgia
5796,10,0,10,1059E,CyberKnights E,Kimberlin Academy,Texas - Region 5
5797,10,0,10,4726S,Robotic Bros,SHUGART ELEMENTARY SCHOOL,Texas - Region 5
5798,10,0,10,77700A,RoboRunners,ROSEMEADE ELEMENTARY SCHOOL,Texas - Region 5
5799,10,0,10,77147E,Spongebots,INTERNATIONAL STUDIES MAGNET,Arkansas
5800,10,0,10,2815A,Error Overload,EICHOLDMERTZ SCHOOL OF MATH AND SCIENCE,Alabama
5801,10,0,10,63160C,HPEngineers,Harrison Parkway Elementary School,Indiana - Region 2 - Central
5802,10,0,10,81120B,BUTSAN2,C.C.C. ButSan Primary School,Hong Kong
5803,10,0,10,29574B,Lion Bots,CLINTON YOUNG ELEMENTARY SCHOOL,Indiana - Region 2 - Central
5804,10,0,10,5280S,Midnight Moons,SOARING HEIGHTS PK-8,Colorado
5805,10,0,10,76240B,Takis,GAINESVILLE INT,Texas - Region 5
5806,10,0,10,76552B,Gaelscoil Chionn tSáile B,Primary School,Ireland
5807,10,0,10,77241C,The Wildfires- CES-C,CENTRAL ELEMENTARY,Mississippi
5808,10,0,10,2490B,Coding Avengers,MEDFIELD HEIGHTS ELEMENTARY,Maryland
5809,10,0,10,11742W,Dorsey Wildbots,JULIUS DORSEY LEADERSHIP ACADEMY,Texas - Region 2
5810,10,0,10,96720H,Kāhuli,KA UMEKE KAEO - PCS,Hawaii
5811,10,0,10,10091C,LunaTechs,KEAAU ELEMENTARY SCHOOL,Hawaii
5812,10,0,10,96720W,Kāhuli,KA UMEKE KAEO - PCS,Hawaii
5813,10,0,10,4945B,Eaglebots: B-Bots,GRAND RAPIDS CHRISTIAN,Michigan
5814,10,0,10,11216D,Cougar Coders,COLUMBINE ELEMENTARY SCHOOL,Colorado
5815,10,0,10,10424C,Diamond Tanks,CENTRAL ELEMENTARY SCHOOL,Colorado
5816,10,0,10,19055C,Robo-Eagles,Hillside Academy For Excel,Texas - Region 5
5817,10,0,10,23500A,Griffintron,EDKEY INC. - PATHFINDER ACADEMY AT EASTMARK,Arizona
5818,10,0,10,24002A,Burnet1,BURNET ELEMENTARY SCHOOL,Texas - Region 3
5819,10,0,10,27661G,RBE G,RUCKER BOULEVARD ELEMENTARY SCHOOL,Alabama
5820,10,0,10,56231A,Easington Lane Primary School,Easington Lane Primary School,United Kingdom
5821,10,0,10,12340A,St. Peter's Elwick,Primary School,United Kingdom
5822,10,0,10,4945A,Eaglebots: Deez Axalootols 67,GRAND RAPIDS CHRISTIAN,Michigan
5823,10,0,10,5805T,Bro-Bots,SEQUOYAH ELEMENTARY SCHOOL,Arkansas
5824,10,0,10,71654C,Power Puff GIRLS,Mcgehee Elementary School,Arkansas
5825,10,0,10,78665A,HippoDemiBots,VETERANS HILL ELEMENTARY SCHOOL,Texas - Region 4
5826,10,0,10,68751H,Project Arceus,SAND SPRINGS SCHOOL,Utah
5827,10,0,10,37727B,Bear Bots B,BULLOCK ELEMENTARY SCHOOL,Texas - Region 5
5828,10,0,10,85386A,Giant Tech Squad,FRANCES SLOCUM ELEMENTARY SCHOOL SCHOOL,Indiana - Region 1 - North
5829,10,0,10,20221A,McLauchlin Team 1,J W MCLAUCHLIN ELEMENTARY,North Carolina
5830,10,0,10,432B,Goofy Pickles,Valley Grove Elementary School,Pennsylvania - West
5831,10,0,10,164G,Gold Diamonds,West Weber School,Utah
5832,10,0,10,70026E,Robo Rex,FLINT SPRINGS ELEMENTARY,Indiana - Region 1 - North
5833,10,0,10,34107D,Green Sea Pickles,ST JOSEPH GRADE SCHOOL,West Virginia
5834,10,0,10,29441C,Cookie Monsters,Kenna Elementary School,West Virginia
5835,10,0,10,24863A,Pelikan,Gymnasium Kaiser-Friedrich-Ufer,Germany
5836,10,0,10,1486B,Dolphin-Bots,South Elementary School,Indiana - Region 2 - Central
5837,10,0,10,90045A,South Haven Techno Team,SOUTH HAVEN ELEMENTARY SCHOOL,Indiana - Region 1 - North
5838,9,9,0,80077D,DFD-D,Dongfengdong Road Primary School(Tian Lun),South China
5839,9,7,2,92101C,The Panthers,Olivia's Toy Lab,Maryland
5840,9,2,7,1195D,1195D,Jenison Robotics,Michigan
5841,9,2,7,35550A,Blue Moon,CORDOVA ELEMENTARY SCHOOL,Alabama
5842,9,2,7,57848A,Scoil Mocheallóg,Scoil Mocheallóg,Ireland
5843,9,0,9,60113F,Dragon B - Bots,Grand View Elementary School,Colorado
5844,9,2,7,28277B,Rocket Robotics - B,PROVIDENCE SPRING ELEMENTARY,North Carolina
5845,9,2,7,28277A,Rocket Robotics - A,PROVIDENCE SPRING ELEMENTARY,North Carolina
5846,9,2,7,90249A,Electric Robocats,WARD (E. W.) ELEMENTARY,California - South
5847,9,2,7,37790S,Riverhill Bearbots Gold,Riverhill School,Alabama
5848,9,2,7,2636A,Snowbots- Snow Rogers Robotics Club,SNOW ROGERS ELEMENTARY SCHOOL,Alabama
5849,9,0,9,16150B,MC-Mega Masters,MAGNESS CREEK ELEMENTARY,Arkansas
5850,9,0,9,21300E,Coding Bugcat,Trinity Grammar Junior School,Australia
5851,9,0,9,25801K,Wrekin Robots,MAKAHA ELEMENTARY SCHOOL,Hawaii
5852,9,0,9,77241D,Team Fireball- CES-D,CENTRAL ELEMENTARY,Mississippi
5853,9,0,9,15042A,Roosevelt Robotic Team,ROOSEVELT STEAM ACADEMY,Indiana - Region 1 - North
5854,9,0,9,25390M,Mitchell Robotics,Mitchell Elementary School,Florida - North/Central
5855,9,0,9,16600B,Barney Ford Lions,Barney Ford Elementary,Colorado
5856,9,0,9,7500A,Apple Pro Bots,David E Norman Elementary School,Nevada
5857,9,0,9,37955A,Craik Tigers,DR. JAMES CRAIK ELEMENTARY SCHOOL,Maryland
5858,9,0,9,59872B,Blue Hornets,BRYANT ELEMENTARY SCHOOL,Arkansas
5859,9,0,9,249B,The Bat Man Group,MESCALERO APACHE SCHOOL,New Mexico
5860,9,0,9,2278B,✧(๑•̀ㅂ•́)و✧EACH✧//Think//,Shenzhen Science Museum EACH-ROBOTICS,South China
5861,9,0,9,77222E,The Tigers,Petal Primary School,Mississippi
5862,9,0,9,75226A,West Point Intermediate School Robotics Team,WEST POINT INTERMEDIATE SCHOOL,Alabama
5863,9,0,9,20234K,SLR Noob,SLR 小洛特機器人,Chinese Taipei
5864,9,0,9,3443A,Golden Girls,PETAL ELEMENTARY,Mississippi
5865,9,0,9,23807B,Falcon Bots B,Fremont Elementary,California - South
5866,9,0,9,71545B,A.I.,Dishchii'bikoh Community School,Arizona
5867,9,0,9,71327A,Denmark Blue,DENMARK ELEMENTARY,Tennessee
5868,9,0,9,57026D,South Robotics Team 4,South Elementary,Tennessee
5869,9,0,9,95139B,EPE Team 2,Ellison Park School,Utah
5870,9,0,9,91320C,BSIC BULLDOGS,Bernadine Sitts Intermediate Center,Kansas
5871,9,0,9,10962A,Menominee Robotics,Menominee Robotics,Indiana - Region 1 - North
5872,9,0,9,30633A,Curry Middle School ,Curry Middle School,Alabama
5873,9,0,9,3455A,Dragon Masters,BILL Y TOMIYASU ELEMENTARY SCHOOL,Nevada
5874,9,0,9,43870A,Megatron,Davis Youth Robotics,California - North
5875,9,0,9,63962A,Sharon Dawes,SHARON DAWES ELEMENTARY SCHOOL,West Virginia
5876,9,0,9,3337F,DSA 6,DSA Academy@BN,Singapore
5877,9,0,9,5555C,DSA PM 3,DSA Academy@PM,Singapore
5878,9,0,9,67282D,Patana Elem #2,Bangkok Patana School,Thailand
5879,9,0,9,20218B,Generation VEX,Leung Kui Kau Lutheran Primary School,Hong Kong
5880,9,0,9,42239C,Sons of God,KERMIT JOHNSON SCHOOL,Alabama
5881,9,0,9,64764A,DD_DREAM MAKER,DONG DU MIDDLE SCHOOL AND HIGH SCHOOL,Vietnam
5882,9,0,9,22051G,Techno Tigers,Robospark,Washington
5883,9,0,9,1334A,Botanical,BOTannical,California - North
5884,9,0,9,49958D,XOXO Little Rascals,HEALTH/WELLNESS ENVI MAGNET,Arkansas
5885,9,0,9,55608A,August Owls,PARAMOUNT COTTAGE HOME,Indiana - Region 2 - Central
5886,9,0,9,68792K,Riverside Robotics,Riverside Intermediate School,Indiana - Region 2 - Central
5887,9,0,9,70955A,Phoenix Rovers,Phoenix Rovers,California - North
5888,9,0,9,1466J,Next Level Kidz » The Creators,Next Level Kidz Inc.,South Carolina
5889,9,0,9,852K,InnoBotZ,Youth Vision Foundation Limited,Hong Kong
5890,9,0,9,1087A,1087,上海师范大学附属黄浦梅溪小学,East China
5891,9,0,9,17760G,Fantastic Foxes,Capitol City Robotics,District of Columbia
5892,9,0,9,46596T, Technovators,EDUCATION CAMPUS BRICE ELEMENTARY SCHOOL,Texas - Region 2
5893,9,0,9,3437F,FHES Slate Flobots,FOREST HILLS SCHOOL,Alabama
5894,9,0,9,9949B,Code Breakers,ROUNDY  DR C OWEN ELEMENTARY SCHOOL,Nevada
5895,9,0,9,20002F,Champions,Mankato Community Education & Recreation Department,Minnesota
5896,9,0,9,23063A,CIS 4th Grade,CORYDON INTERMEDIATE SCHOOL,Indiana - Region 3 - South
5897,9,0,9,47220D,Robo Saints,LUTHERAN CENTRAL SCHOOL,Indiana - Region 3 - South
5898,9,0,9,22072B,TechnicaLEE Bots,FRANCES AND JEANNETTE LEE ELEMENTARY SCHOOL,Texas - Region 2
5899,9,0,9,14581R,Z-BOTS,Charlotte Public Schools,Michigan
5900,9,0,9,492D,Iron Spikes,Austin RoboPack,Minnesota
5901,9,0,9,21039B,Go Landry 2,Tom Landry Elementary School,Texas - Region 2
5902,9,0,9,308F,The FBE  Super Bots,FARMERS BRANCH ELEMENTARY SCHOOL,Texas - Region 5
5903,9,0,9,71295C,Powerful  Dolphins,SAN ANTONIO ELEMENTARY,California - South
5904,9,0,9,63124B,Clark Machine Menace,CLARK ELEMENTARY SCHOOL,Alabama
5905,9,0,9,1886C,Concord Elementary Robotics,CONCORD ELEMENTARY SCHOOL,Alabama
5906,9,0,9,16645E,Flaming Donuts,UNIVERSITY ELEMENTARY SCHOOL,Indiana - Region 3 - South
5907,9,0,9,32613S,RoboRaptors,Semmes Elementary School,Alabama
5908,9,0,9,73331F,The Hobbits,Hygiene Elementary School,Colorado
5909,9,0,9,45194A,Comet1,W H COUNCIL TRADITIONAL SCHOOL,Alabama
5910,9,0,9,53422C,FME Robokids 3,FRANK MACIAS ELEMENTARY SCHOOL,Texas - Region 1
5911,9,0,9,429N,Princess Nahienaena 429N,PRINCESS NAHIENAENA ELEMENTARY SCHOOL,Hawaii
5912,9,0,9,8215B,Ka'ōhao Iwotics,Ka'ohao Iwotics,Hawaii
5913,9,0,9,90073B,Beep Bop Boop Troop,Woodlea Primary School,United Kingdom
5914,9,0,9,10723C,Roaring Tigers,HARMONY SCIENCE ACADEMY - GARLAND,Texas - Region 5
5915,9,0,9,3931E,Ro-Bros,CAMPTON ELEMENTARY SCHOOL,New Hampshire/Vermont
5916,9,0,9,42218C,TC ROARbotics,TRITON CENTRAL ELEMENTARY SCHOOL,Indiana - Region 2 - Central
5917,9,0,9,5527J,Twisted Tech 5527J,FLINT CULTURAL CENTER ACADEMY,Michigan
5918,9,0,9,99150C,Collegium Robotics: Cougar,COLLEGIUM CS,Pennsylvania - East
5919,9,0,9,16461G,Master Builders,Mid-Buchanan R-V Elementary School,Missouri
5920,9,0,9,49381B,Badger Robots,FIRST LUTHERAN SCHOOL,Wisconsin
5921,9,0,9,3554C,The Robotics 4,WACOOCHEE ELEMENTARY SCHOOL,Alabama
5922,9,0,9,36641G,McCalla Elementary Robotics Team,MCCALLA ELEMENTARY SCHOOL,Alabama
5923,9,0,9,34543D,team king bob the pugs,345Robotics,Cayman Islands
5924,9,0,9,1063S,STEM-tacular,GREENWOOD CHRISTIAN ACADEMY,Indiana - Region 2 - Central
5925,9,0,9,59327A,Echo Squad,COTTONWOOD CREEK ELEMENTARY SCHOOL,Texas - Region 4
5926,9,0,9,29023A,MAFI Eagles 2,Maya Angelou French Immersion ,Maryland
5927,9,0,9,67052K,Challenger Oscar,CHALLENGER INTERMEDIATE SCHOOL,Kansas
5928,9,0,9,34468B,MechaVikings,Voorhies Elementary,California - South
5929,9,0,9,30517C,EIS Eagles - C,EDGEWOOD INTERMEDIATE SCHOOL,Indiana - Region 3 - South
5930,9,0,9,77357G,Book Bots,Muir School,Utah
5931,9,0,9,84924C,Robo Knights,SHARON ELEMENTARY SCHOOL,Georgia
5932,9,0,9,52526W,Vex League,Cumming Elementary Robotics,Georgia
5933,9,0,9,7890E,The Legends,Minneola Horizon Academy (Elementary),Florida - North/Central
5934,9,0,9,47260D,Medora D,Medora STEM Academy,Indiana - Region 3 - South
5935,9,0,9,93757A,CougarBots,Eden Elementary- Greenfield Central Community School,Indiana - Region 2 - Central
5936,9,0,9,12085C,Cyborg,MARGARET R BROWN ELEMENTARY SCHOOL,Indiana - Region 3 - South
5937,9,0,9,65794G,Pink Eagles: CE Jett Setters,CENTRAL ELEMENTARY SCHOOL,Arkansas
5938,9,0,9,63165A,The Gizmos,KRAFT MEADOWS INTERMEDIATE SCHOOL,Michigan
5939,9,0,9,3377D,3377D,Alta Brown Elementary School,Kansas
5940,9,0,9,68717C,SJ Jets,San Jacinto Elementary School,Texas - Region 2
5941,9,0,9,75442D,Gear Girls,FARMERSVILLE INT,Texas - Region 2
5942,9,0,9,148A,Rock-A-Bots,Travis Intermediate,Texas - Region 2
5943,9,0,9,27293B,Kendall Giants B,Kendall Elementary,Indiana - Region 1 - North
5944,9,0,9,78546A,McK Bots A,MCKENNEY-HARRISON ELEMENTARY SCH,Indiana - Region 1 - North
5945,9,0,9,33161A,Buccaneers Robotics,NORTH MIAMI ELEMENTARY SCHOOL,Florida - South
5946,9,0,9,27672B,Glenns Valley- The Clawettes,GLENNS VALLEY ELEMENTARY SCHOOL,Indiana - Region 2 - Central
5947,9,0,9,26126C,The Rookies,DILLSBORO ELEMENTARY SCHOOL,Indiana - Region 3 - South
5948,9,0,9,78546C,McK Bots C,MCKENNEY-HARRISON ELEMENTARY SCH,Indiana - Region 1 - North
5949,9,0,9,63160A,HPEngineers,Harrison Parkway Elementary School,Indiana - Region 2 - Central
5950,9,0,9,29544D,Falcon Bots,CSA FODREA CAMPUS,Indiana - Region 3 - South
5951,9,0,9,34771B,Lions,LAKEVIEW ELEMENTARY SCHOOL,Indiana - Region 3 - South
5952,9,0,9,7388F,Fall Creek Intermediate - Falcons,FALL CREEK INTERMEDIATE SCHOOL,Indiana - Region 2 - Central
5953,9,0,9,4441A,Pine Lake Pandas,PINE LAKE ELEMENTARY SCHOOL,Florida - South
5954,9,0,9,41047F,Wave Burgers,MOUNTAIN VIEW SCHOOL,Utah
5955,9,0,9,7388B,Fall Creek Intermediate - Black,FALL CREEK INTERMEDIATE SCHOOL,Indiana - Region 2 - Central
5956,9,0,9,46783A,Roanoke Elementary A,ROANOKE ELEMENTARY SCHOOL,Indiana - Region 1 - North
5957,9,0,9,2780B,Panther Cubs Robotics (b),Park Tudor (Lower School),Indiana - Region 2 - Central
5958,9,0,9,27752H,Happy,FOSTER DUAL LANGUAGE PK-8,Colorado
5959,9,0,9,10300C,Falconbot - Charlie,ASHLAND ELEMENTARY,Virginia
5960,9,0,9,18266A,FCA - 001,Fredericton Christian Academy,New Brunswick/Nova Scotia/Prince Edward Island
5961,8,8,0,3859Y,Yarm Prep School,Yarm Prep School,United Kingdom
5962,8,6,2,33170B,Gaelscoil Mhainistir na Corann,Gaelscoil Mhainistir na Corann,Ireland
5963,8,4,4,96777B,HonuBots B,NAALEHU ELEMENTARY SCHOOL,Hawaii
5964,8,2,6,77241G,Blue Jaguars CES-G,CENTRAL ELEMENTARY,Mississippi
5965,8,2,6,25808A,AURA BUILDERS,Oberoi International School,India
5966,8,2,6,95139A,EPE Team 1,Ellison Park School,Utah
5967,8,2,6,36550B,Tiger Techs,Charles W. Barrett Elementary School,California - South
5968,8,2,6,28640A,Killoughteen NS,Killoughteen NS,Ireland
5969,8,2,6,64191A,Bengal Bytes A,Cowan Avenue Elementary School,California - South
5970,8,2,6,90034B,Palms Robotics B,PALMS ELEMENTARY,California - South
5971,8,0,8,29281A,Tech Warriors,LIBERTY ELEMENTARY SCHOOL,Indiana - Region 1 - North
5972,8,0,8,52551C,Jackson Battle Bots,Jackson Elementary School,Indiana - Region 1 - North
5973,8,0,8,90145R,Ropery Walk Robotics,Ropery Walk Primary School,United Kingdom
5974,8,0,8,2235A,Green Crocs,BRYANT PARK ELEMENTARY,Alabama
5975,8,0,8,2290B,Super Boys,The Bumble Bees,Kuwait
5976,8,0,8,90004F,Falcon Bots,Frank Del Olmo Elementary School,California - South
5977,8,0,8,23660C,LK JS 3,Loreto Kirribilli,Australia
5978,8,0,8,2995B,Roskill Bots,Mt Roskill Primary School,New Zealand
5979,8,0,8,77222D,The natural Disasters,Petal Primary School,Mississippi
5980,8,0,8,77222B,The Good Boys,PETAL PRIMARY SCHOOL,Mississippi
5981,8,0,8,70046A,Bot Crushers,Mirae-I Coding,South Korea
5982,8,0,8,3547E,VIRUS: E,Technolgy First,Michigan
5983,8,0,8,85111B,Cheeta-Bots,EMPOWERMENT ACADEMY,Maryland
5984,8,0,8,5311B,Robophins,APOPKA ELEMENTARY,Florida - North/Central
5985,8,0,8,37700G,37700G,LILLIE IDELLA KITLEY ELEMENTARY,Indiana - Region 2 - Central
5986,8,0,8,9669E,PFS Electra,PlayFACTO School,Singapore
5987,8,0,8,10243A,Alliteration Apple Alligators,COAL MOUNTAIN ELEMENTARY SCHOOL,Georgia
5988,8,0,8,59813X,Sparkle Circuit,L F SMITH ELEMENTARY,Indiana - Region 3 - South
5989,8,0,8,26159C,The Power Rangers,PADEN CITY ELEMENTARY SCHOOL,West Virginia
5990,8,0,8,1260C,Pending Name,BLUE MOUNTAIN ELEMENTARY,Colorado
5991,8,0,8,19554B,Phat Gus Phantastics,LYONS ELEMENTARY SCHOOL,Colorado
5992,8,0,8,19991G,Sweet and Sour,Harvest Intermediate School,Wisconsin
5993,8,0,8,4726U,Lost Combination,SHUGART ELEMENTARY SCHOOL,Texas - Region 5
5994,8,0,8,19991B,(Insert Name Here),Harvest Intermediate School,Wisconsin
5995,8,0,8,17000A,SPCPS A,St. Paul's College Primary School,Hong Kong
5996,8,0,8,99242A,Robo Tigers,NORTHWOOD ELEMENTARY,Maryland
5997,8,0,8,68505F,Six-Seven,NIWOT ELEMENTARY SCHOOL,Colorado
5998,8,0,8,99242B,Robo Tigers,NORTHWOOD ELEMENTARY,Maryland
5999,8,0,8,48019A,Chesterbrook Academy Cheetahs,Chesterbrook Academy Elementary and Middle School,North Carolina
6000,8,0,8,29690J,H.E.R.E. The Jedi Order,HERITAGE ELEMENTARY,South Carolina
6001,8,0,8,1753A,Black Fox A,BLACK FOX ELEMENTARY,Tennessee
6002,8,0,8,56903B,The Turtles,TIMBERLINE PK-8,Colorado
6003,8,0,8,76552A,Gaelscoil Chionn tSáile A,Primary School,Ireland
6004,8,0,8,70543N,70543N,MARGARETTA ELEMENTARY SCHOOL,Ohio
6005,8,0,8,70543P,70543P,MARGARETTA ELEMENTARY SCHOOL,Ohio
6006,8,0,8,492C,Code Cats,Austin RoboPack,Minnesota
6007,8,0,8,94173B,Fantastic Four,Cleora Public School,Oklahoma
6008,8,0,8,23901A,The Camo Chameleons,CAMBEIRO  ARTURO ELEMENTARY SCHOOL,Nevada
6009,8,0,8,96601C,KoleaBots C,CHIEFESS KAPIOLANI ELEMENTARY SCHOOL,Hawaii
6010,8,0,8,59351A,Robo Hawks,WILLIAM A. DIGGS ELEMENTARY,Maryland
6011,8,0,8,59351B,Green Eagles,WILLIAM A. DIGGS ELEMENTARY,Maryland
6012,8,0,8,36092B,WES Robo Warriors,WETUMPKA ELEMENTARY SCHOOL,Alabama
6013,8,0,8,17807E,Demon Robot Hunters,RIO VISTA ELEMENTARY,Arizona
6014,8,0,8,36550A,Tiger Techs 2,Charles W. Barrett Elementary School,California - South
6015,8,0,8,84467A,Nenagh CBS Primary,Nenagh CBS Primary,Ireland
6016,8,0,8,30597R,Flying Ducks,Korea International School Jeju,South Korea
6017,8,0,8,10546K,STA Tigers 10,ST THOMAS AQUINAS SCHOOL,Indiana - Region 2 - Central
6018,8,0,8,28407B,Domination,BURLINGTON ELEMENTARY SCHOOL,Colorado
6019,8,0,8,42218E,TC ROARbotics,TRITON CENTRAL ELEMENTARY SCHOOL,Indiana - Region 2 - Central
6020,8,0,8,10851Y,BotZilla,RIVERVIEW LUTHERAN SCHOOL,Wisconsin
6021,8,0,8,58173A,Lake Prarie Tiger-Bots,Lake Prairie Elementary School,Indiana - Region 1 - North
6022,8,0,8,35210B,Grantswood GREAT B,Grantswood Community School,Alabama
6023,8,0,8,36641H,McCalla Elementary Robotics Team,MCCALLA ELEMENTARY SCHOOL,Alabama
6024,8,0,8,94851A,The Sewer Rats,Sandycreek Elementary School,Pennsylvania - West
6025,8,0,8,59327H,M.B. Bots,COTTONWOOD CREEK ELEMENTARY SCHOOL,Texas - Region 4
6026,8,0,8,1804C,ARTBOTS C,Visual & Performing Art Magnet,Arkansas
6027,8,0,8,72514C,Metallic Taco Seals,W. W. Keysor Elementary.,Missouri
6028,8,0,8,72514G,Chicken Wings,W. W. Keysor Elementary.,Missouri
6029,8,0,8,76129B,Ridge Robots,Maple Ridge Elementary School,Indiana - Region 2 - Central
6030,8,0,8,2506Y,Giraffe Gearheads,DOWNTOWN MONTESSORI AT IDA B WELLS ACADEMY,Texas - Region 2
6031,8,0,8,1945F,Teeceeceer's,MINTO ELEMENTARY SCHOOL,North Dakota
6032,8,0,8,34917C,Robotic Redhawks - C,PATRIOTS ELEMENTARY,North Carolina
6033,8,0,8,71543A,Miller Vexbotics,Loren Miller Elementary,California - South
6034,8,0,8,8151A,Oriole,ORIOLE ELEMENTARY SCHOOL,Florida - South
6035,8,0,8,56048B,Adikinjo,BROWNSTOWN ELEMENTARY SCHOOL,Indiana - Region 3 - South
6036,8,0,8,22386X,WILD ANIMALS,ROCORI Elementary Robotics Club,Minnesota
6037,8,0,8,18347B,Trailblazer Green,Discovery Elementary School,North Dakota
6038,8,0,8,1574K,Kit-Kat,OLD BRIDGE ELEMENTARY SCHOOL,Virginia
6039,8,0,8,1574X,Network,OLD BRIDGE ELEMENTARY SCHOOL,Virginia
6040,8,0,8,90093D,Riverview Robotics D,Riverview Elementary School,Indiana - Region 1 - North
6041,8,0,8,85386C,Giant Tech Squad,FRANCES SLOCUM ELEMENTARY SCHOOL SCHOOL,Indiana - Region 1 - North
6042,8,0,8,63363W,Berry Blitz,Logansport Intermediate School,Indiana - Region 1 - North
6043,8,0,8,56864C,Nuclear Chicken Wings,HOOVER ELEMENTARY SCHOOL,Iowa
6044,8,0,8,44501B,TTBBDD,BLOOMER ELEMENTARY SCHOOL,Iowa
6045,8,0,8,77525B,Rosa Parks Rockets,Rosa Parks Elementary School,Indiana - Region 2 - Central
6046,8,0,8,95235C,New Middletown Rangers Build-a-Bot,New Middletown Elementary School,Indiana - Region 3 - South
6047,8,0,8,21572B,SCS Tigerbots #2,THE STANLEY CLARK SCHOOL,Indiana - Region 1 - North
6048,8,0,8,10452V,Vex Vikings,Haslett Robotics Club,Michigan
6049,7,7,0,64188A,矩阵,zhikujiaoyu,North China
6050,7,7,0,80077C,DFD-C,Dongfengdong Road Primary School(Tian Lun),South China
6051,7,7,0,23901B,The Cyborg Chameleons,CAMBEIRO  ARTURO ELEMENTARY SCHOOL,Nevada
6052,7,7,0,7707Z,Zooming Zionsville,Pleasant View Elementary Zionsville,Indiana - Region 2 - Central
6053,7,7,0,50146A,Las Lomas,Las Lomas Elementary School,Texas - Region 4
6054,7,0,7,7500B,B-B 8s,David E Norman Elementary School,Nevada
6055,7,0,7,4183B,Wild Robotz,Woodland Hills School District,Pennsylvania - West
6056,7,0,7,8945C,Robo Dinos,Creekside Neighborhood,Colorado
6057,7,0,7,2005F,Mountain Lions,ALPINE ELEMENTARY SCHOOL,Colorado
6058,7,0,7,82721B,Dodgers,ROZET ELEMENTARY,Wyoming
6059,7,0,7,22278F,22278E,Fawn Hollow Elementary School,Connecticut
6060,7,0,7,2073A,Krypto Coders,ANNE WATSON ELEMENTARY SCHOOL,Arkansas
6061,7,0,7,21043B,Crockett Robotics,CROCKETT ELEMENTARY SCHOOL,Texas - Region 5
6062,7,0,7,53791A,Cyber Jets,GLENMORE ELEMENTARY SCHOOL,Texas - Region 5
6063,7,0,7,3547D,VIRUS Ninja Animals,Technolgy First,Michigan
6064,7,0,7,83922J,Sotero Bots,Sotero Figueroa ,Puerto Rico
6065,7,0,7,18551B,Be the Builders,WALNUT PARK ELEMENTARY,California - South
6066,7,0,7,22532A,Carlin Robotics Team,CARLIN COMBINED SCHOOL,Nevada
6067,7,0,7,30866B,Super Hooper Cougars B,Hooper Avenue Elementary School,California - South
6068,7,0,7,3564A,Bruree NS,St Patricks NS,Ireland
6069,7,0,7,31583A,Garrydoolis NS,Garrydoolis NS,Ireland
6070,7,0,7,99553G,The Studs,AURELIA COLE ACADEMY,Florida - North/Central
6071,7,0,7,97695A,Cleadon Academy ,Cleadon Church of England Academy ,United Kingdom
6072,7,0,7,99744B,Forest Dale Elementary,FOREST DALE ELEMENTARY SCHOOL,Indiana - Region 2 - Central
6073,7,0,7,6169B,Roarbots II,Palmetto Elementary School,Florida - South
6074,7,0,7,5253H,Eagle Engineers 5253H,American International School Hong Kong,Hong Kong
6075,7,0,7,59341B,Northern Heights Elementary,NORTHERN HEIGHTS ELEMENTARY SCHOOL,Indiana - Region 1 - North
6076,7,0,7,2135D,2135D,太原森孚机器人,Middle China
6077,7,0,7,17527B,广州市天河区泰安小学,17527B,South China
6078,7,0,7,2259B,2259B,Darkinjung Barker,Australia
6079,7,0,7,27661C,RBE C,RUCKER BOULEVARD ELEMENTARY SCHOOL,Alabama
6080,7,0,7,8670P,bbotica titans,Bbotica Robotics,Uganda
6081,7,0,7,30155A,DAFFODILS CODE CRUSHERS,DAFFODILS PRIMARY SCHOOL,Uganda
6082,7,0,7,76541A,GRACE QUANTUM ALLIES,GRACE PROJECT INTERNATIONAL SCHOOL,Uganda
6083,7,0,7,40155B,The Robo Panthers,African School of Innovations Science and Technology/e2 Young Engineers Kampala-Uganda,Uganda
6084,7,0,7,25601A,THE AI AVENGERS,THE STONERIDGE SCHOOL,Uganda
6085,7,0,7,76557A,BSK TRAILBLAZERS,BRITISH SCHOOL OF KAMPALA,Uganda
6086,7,0,7,16845C,Talking Heads ,CRADLEBOARD SCHOOL,Arizona
6087,7,0,7,2714A,ONEDPRO,ONEDPRO,Hong Kong
6088,7,0,7,21216B,Harmony,KIPP Harmony,Maryland
6089,7,0,7,83120B,Cyber Masters,New Dawn Academy,Michigan
6090,7,0,7,811C,Greene,P H GREENE ELEMENTARY SCHOOL,Texas - Region 3
6091,7,0,7,811B,Greene,P H GREENE ELEMENTARY SCHOOL,Texas - Region 3
6092,7,0,7,89380A,星轨追光者,Wu Ge Nai Ba Growth Centers,West China
6093,7,0,7,71327B,Denmark White,DENMARK ELEMENTARY,Tennessee
6094,7,0,7,1800Z,HTS Hawks,Holy Trinity School,Ontario
6095,7,0,7,1470B,Mane Machine,Thelma Barker Elementary School ,Tennessee
6096,7,0,7,740A,Apex Titans,Mountain West Montessori,Texas - Region 1
6097,7,0,7,95139C,EPE Team 3,Ellison Park School,Utah
6098,7,0,7,5442A,The Panther Bots,DOVER ELEMENTARY,Tennessee
6099,7,0,7,1800Y,HTS Hawks,Holy Trinity School,Ontario
6100,7,0,7,80491F,Robot Pizza Sharks,RED HAWK ELEMENTARY,Colorado
6101,7,0,7,3337C,DSA 3,DSA Academy@BN,Singapore
6102,7,0,7,15029C,Robotic Rangers,WEST SMITHS STATION ELEMENTARY SCHOOL,Alabama
6103,7,0,7,26995D,Spark Sparklers,EAST SMITHS STATION ELEMENTARY SCHOOL,Alabama
6104,7,0,7,33898A,FSC BG 01,"Trường tiểu học, THCS & THPT FPT Bắc Giang",Vietnam
6105,7,0,7,79813X,Robokids,STEAM for Vietnam Foundation,Vietnam
6106,7,0,7,4862C,CEPI 3,CEPI CHETUMAL,Mexico
6107,7,0,7,2223R,CSNS The Wheelie Good Bots,College Street Normal School,New Zealand
6108,7,0,7,52111E,IC Tech Titans,Investigator College,Australia
6109,7,0,7,97686A,YLLPE Wai Chow School,Yuen Long Long Ping Estate Wai Chow School,Hong Kong
6110,7,0,7,30411A,Coral Park Elementary Robo Cubs,CORAL PARK ELEMENTARY SCHOOL,Florida - South
6111,7,0,7,24627A,HPE Robo-Engineers,HOLLYWOOD PARK ELEMENTARY SCHOOL,Florida - South
6112,7,0,7,88455A,No Fear,FAITH Inc.,Kentucky
6113,7,0,7,66544C,MechanicalMenaces,MOORESVILLE CHRISTIAN ACADEMY,Indiana - Region 2 - Central
6114,7,0,7,4430T,Tuna Sandwiches,WEST HARDIN MIDDLE SCHOOL,Kentucky
6115,7,0,7,38821B,Blitz Bots,EAST AMORY SCHOOL,Mississippi
6116,7,0,7,492E,Techy Bot 67,Austin RoboPack,Minnesota
6117,7,0,7,77640P,Power Girls,Centro Educativo Los Laureles,Paraguay
6118,7,0,7,43350H,Quackity Robots,EAST WASHINGTON MIDDLE SCHOOL,Indiana - Region 3 - South
6119,7,0,7,8215C,Ka'ōhao Iwotics,Ka'ohao Iwotics,Hawaii
6120,7,0,7,823A,NPE Discovery ,NORTH POINTE ELEMENTARY SCHOOL,Texas - Region 3
6121,7,0,7,57773J,Brasher Jags,Mabel Brasher Montessori,Louisiana
6122,7,0,7,3333H,The Challengers,Notre Dame Prep,Michigan
6123,7,0,7,8240B,Bot Bros,CENTENNIAL ELEMENTARY,Colorado
6124,7,0,7,26034D,Pickle Bagels,SANBORN ELEMENTARY SCHOOL,Colorado
6125,7,0,7,22330D,Lion Quest,BRINDLEE MOUNTAIN ELEMENTARY SCHOOL,Alabama
6126,7,0,7,55608B,Brownie Bakers,PARAMOUNT COTTAGE HOME,Indiana - Region 2 - Central
6127,7,0,7,1709C,The 4 in the Robot,FLORENCE WILSON ELEMENTARY SCHOOL,Kansas
6128,7,0,7,19929A,Dreambotics,CARTWRIGHT  ROBERTA C ELEMENTARY SCHOOL,Nevada
6129,7,0,7,87548A,Roadrunners,PLACE BRIDGE ACADEMY,Colorado
6130,7,0,7,96835A,WDS Lioncubs1,WM DAVID SURRATT ELEMENTARY SCHOOL,Texas - Region 1
6131,7,0,7,20319B,Redstone,BATTLES (WASHINGTON) ELEMENTARY,California - South
6132,7,0,7,1120F,Ten Ton Robotics,West Vancouver Schools,British Columbia (BC)
6133,7,0,7,95856A,Circuit Makers,Montessori Academy of Celebration,Florida - North/Central
6134,7,0,7,91312B,Albany Wildcats Team B,Albany Elementary School,Indiana - Region 1 - North
6135,7,0,7,46839D,Cosmic Rovers,BEIGER ELEMENTARY SCHOOL,Indiana - Region 1 - North
6136,7,0,7,80496D,The Sassafras Cats,HOMECROFT ELEMENTARY SCHOOL,Indiana - Region 2 - Central
6137,7,0,7,10972D,The Girl Legends,INDIAN PEAKS ELEMENTARY SCHOOL,Colorado
6138,7,0,7,10972B,The Vex Girlies,INDIAN PEAKS ELEMENTARY SCHOOL,Colorado
6139,7,0,7,31114Z,Brown Elementary Robotics,BROWN  HANNAH MARIE ELEMENTARY SCHOOL,Nevada
6140,7,0,7,1447F,The 6 7s,AVON GROVE INTRMD SCH,Pennsylvania - East
6141,7,0,7,58508J,Three Baked Beans,Blair-taylor Middle/high School,Wisconsin
6142,7,0,7,66703A,Dromahane NS,Dromahane NS ,Ireland
6143,7,0,7,15208A,Scoil an tSratha Mhóir,Stramore National School,Ireland
6144,7,0,7,71786R,The Ray Robobs,Ray National School- (14941G),Ireland
6145,7,0,7,60959B,Livingston Robotics,Livingston Elementary School,Georgia
6146,7,0,7,18266B,FCA - 002,Fredericton Christian Academy ,New Brunswick/Nova Scotia/Prince Edward Island
6147,7,0,7,1506T,Six Seven Hawks,Pact Charter School,Minnesota
6148,7,0,7,74062B,Tigers 2,Bland Elementary School,Texas - Region 2
6149,7,0,7,78665C,GhostBotHippos,VETERANS HILL ELEMENTARY SCHOOL,Texas - Region 4
6150,7,0,7,36498C,MACS Phoenix,MICROSOCIETY ACADEMY CHARTER SCHOOL OF SOUTHERN NH,New Hampshire/Vermont
6151,7,0,7,79501B,Buckaroo Bots,COLLEGE OAKS ELEMENTARY SCHOOL,Louisiana
6152,7,0,7,72397E,Chestatee Eaglebots 5,CHESTATEE ELEMENTARY,Georgia
6153,7,0,7,17157A,The Robotic Neurons,The Nysmith School,Virginia
6154,7,0,7,32416B,Lincoln Elementary Team B,PRESIDENT ABRAHAM LINCOLN ELEMENTARY SCHOOL,Hawaii
6155,7,0,7,43426B,Blue Dolphins,Girl Scouts of Northern CA,California - North
6156,7,0,7,10091B,LunaTechs,KEAAU ELEMENTARY SCHOOL,Hawaii
6157,7,0,7,96601B,KoleaBots B,CHIEFESS KAPIOLANI ELEMENTARY SCHOOL,Hawaii
6158,7,0,7,97511B,RoboTechB,BASIS International School Bangkok,Thailand
6159,7,0,7,91217E,Electric Coders,ELK ELEMENTARY CENTER,West Virginia
6160,7,0,7,63962B,Sharon Dawes,SHARON DAWES ELEMENTARY SCHOOL,West Virginia
6161,7,0,7,90050B,Elektrabots ,HALLDALE ELEMENTARY,California - South
6162,7,0,7,6438B,Russell Robotics B,RUSSELL ELEMENTARY,California - South
6163,7,0,7,42239A,The Sweats,KERMIT JOHNSON SCHOOL,Alabama
6164,7,0,7,3740B,Farmdale Hawks B,Farmdale Elementary School,California - South
6165,7,0,7,3265A,Robey Rockets- Alpha,ROBEY ELEMENTARY SCHOOL,Indiana - Region 2 - Central
6166,7,0,7,4722W,West Tampa Robotics,WEST TAMPA ELEMENTARY SCHOOL,Florida - North/Central
6167,7,0,7,42714T,Mighty Mechanical Manatees,Triangle Elementary School,Florida - North/Central
6168,7,0,7,36402F,Lightningbots,HARRISON HILL ELEMENTARY SCHOOL,Indiana - Region 2 - Central
6169,7,0,7,57913A,Trailblazers 1,SUNNYSIDE ELEMENTARY SCHOOL,Indiana - Region 2 - Central
6170,7,0,7,40138A,Clarks Creek QuakerBots,Clarks Creek Elementary,Indiana - Region 2 - Central
6171,7,0,7,3931F,Foxes 837,CAMPTON ELEMENTARY SCHOOL,New Hampshire/Vermont
6172,7,0,7,73298A,Tigerbots A,ALEXANDRIA-MONROE ELEMENTARY,Indiana - Region 1 - North
6173,7,0,7,1285A,Turner Titans,J E TURNER ELEMENTARY,Alabama
6174,7,0,7,45386A,Martin Robot Tigers A,T. C. MARTIN ELEMENTARY SCHOOL,Maryland
6175,7,0,7,30636T,TMA Team ,TUSTIN MEMORIAL ELEMENTARY,California - South
6176,7,0,7,2804S,Sycamore Magnet Academy,Sycamore Magnet Academy,California - South
6177,7,0,7,65200C,RoboRam,MILTON ELEMENTARY SCHOOL,New Hampshire/Vermont
6178,7,0,7,5377D,Tillery Team Two,FRANK TILLERY ELEMENTARY SCHOOL. SCHOOL,Arkansas
6179,7,0,7,22330B,Revenge of the Lions,BRINDLEE MOUNTAIN ELEMENTARY SCHOOL,Alabama
6180,7,0,7,39562A,tECH Sparks,East Central Upper Elementary,Mississippi
6181,7,0,7,3705E,"Gamers J, L, & T",Crestline Elementary School,Alabama
6182,7,0,7,740B,Apex Titans,Mountain West Montessori,Texas - Region 1
6183,7,0,7,56903D,Robo Crushers,TIMBERLINE PK-8,Colorado
6184,7,0,7,2014E,Team F3,Sandpiper School,California - North
6185,7,0,7,5139A,The Cool Bots,ROAN FOREST ELEMENTARY SCHOOL,Texas - Region 4
6186,7,0,7,13301A,Central CyberDAWGS,CLINTON CENTRAL ELEMENTARY SCHOOL,Indiana - Region 1 - North
6187,7,0,7,83501B,BES Borgs,BREAK-O-DAY ELEMENTARY SCHOOL,Indiana - Region 2 - Central
6188,7,0,7,4440D,Eaglebotics Dino Nuggies V.2,EAGLE CREST ELEMENTARY SCHOOL,Colorado
6189,7,0,7,50145D,CIBOLO GREEN ES,CIBOLO GREEN ES,Texas - Region 4
6190,7,0,7,5127A,Bronco Bots,NORTHERN HILLS ELEMENTARY SCHOOL,Texas - Region 4
6191,7,0,7,37135A,RoboRoadrunners,EDGEMERE ELEMENTARY SCHOOL,Texas - Region 1
6192,7,0,7,71237A,PMAC Cougars,PIETZSCH/MAC ARTHUR ELEMENTARY SCHOOL,Texas - Region 3
6193,7,0,7,12003A,Eaglebots,WESTERN WAYNE ELEMENTARY SCHOOL,Indiana - Region 1 - North
6194,7,0,7,42218R,TC ROARbotics,TRITON CENTRAL ELEMENTARY SCHOOL,Indiana - Region 2 - Central
6195,7,0,7,34004A,Austin1,Austin Elementary - Galveston ISD,Texas - Region 3
6196,7,0,7,23500C,Gizmotron,EDKEY INC. - PATHFINDER ACADEMY AT EASTMARK,Arizona
6197,7,0,7,37952B,Gears and the Grove,Pleasant Grove Elementary School,Alabama
6198,7,0,7,20774A,Sharjah Squad,International School Of Choueifat-Sharjah,United Arab Emirates
6199,7,0,7,550A,Full Metal Friendship,PLEASANT CROSSING ELEMENTARY,Indiana - Region 2 - Central
6200,7,0,7,18970B,Newland STEM TWO,Newland House,United Kingdom
6201,7,0,7,50019P,St. Mary's PS Edenderry Zig,Edenderry Convent National School- (16013V),Ireland
6202,7,0,7,90026A,Rosemont Phoenix Robotics Club,Rosemont Avenue Elementary School,California - South
6203,7,0,7,17046B,Winnetka Whales,Winnetka Avenue Elementary School,California - South
6204,7,0,7,82394A,Tollcross Titans,Tollcross Primary School ,United Kingdom
6205,7,0,7,34217A,AME Fins,ANNA MARIA ELEMENTARY SCHOOL,Florida - North/Central
6206,7,0,7,68346B,Sticky Weasels,VIKING ELEMENTARY SCHOOL,North Dakota
6207,7,0,7,480C,RoboHippos-C,NADINE JOHNSON ELEMENTARY SCHOOL,Texas - Region 4
6208,7,0,7,6169A,Roarbots,Palmetto Elementary School,Florida - South
6209,7,0,7,65967C,Redhawks Robotics,MERLE SIDENER GIFTED ACADEMY,Indiana - Region 2 - Central
6210,7,0,7,17703A,Team Kenji,Jackson Elementary School,Tennessee
6211,7,0,7,1273A,Little Lions,Heritage Homeschool Co-op,South Carolina
6212,7,0,7,2581B,Bolt Bisons,CARONDELET CATHOLIC,Minnesota
6213,7,0,7,36827D,Lincoln Lynx X,LINCOLN SCHOOL,Utah
6214,7,0,7,2042S,Team BEAZ,Geek2Geek,California - South
6215,7,0,7,36689E,4-H Bot Breakers,Alabama 4-H,Alabama
6216,7,0,7,26500D,26500 Dino Nugs,CLARK DAVIDSON ELEMENTARY SCHOOL,Kansas
6217,7,0,7,95170B,Bionic Bulldogs,Thomas D Gregg School 15,Indiana - Region 2 - Central
6218,7,0,7,9050K,Hawks 9050 14 Guac And Microchips,Harvest Ridge Cooperative Charter,California - North
6219,7,0,7,76164A,Fairview Wildcats,Fairview Elementary School,Indiana - Region 3 - South
6220,7,0,7,19044B,McKinley’s Bot Builders,MCKINLEY ELEMENTARY,California - South
6221,7,0,7,30517H,EIS Eagles - H,EDGEWOOD INTERMEDIATE SCHOOL,Indiana - Region 3 - South
6222,7,0,7,34204B,Daughtrey B,BLANCHE H. DAUGHTREY ELEMENTARY,Florida - North/Central
6223,7,0,7,290N,Nova Spark,Orley Farm School,United Kingdom
6224,7,0,7,58508B,Trailblazers,Blair-taylor Middle/high School,Wisconsin
6225,7,0,7,46617B,TatorBots,Robinson Community Learning Center,Indiana - Region 1 - North
6226,7,0,7,93901C,TPOMPS C,Tai Po Old Market Public School,Hong Kong
6227,7,0,7,45967A,St. Vincent de Paul Senior School,St. Vincent de Paul Senior School Marino,Ireland
6228,7,0,7,57026B,South Robotics Team 2,South Elementary,Tennessee
6229,7,0,7,67998C,Eagles,CORTLAND ELEMENTARY SCHOOL,Indiana - Region 3 - South
6230,7,0,7,47260C,Medora C,Medora STEM Academy,Indiana - Region 3 - South
6231,7,0,7,68717B,RoboJet,San Jacinto Elementary School,Texas - Region 2
6232,7,0,7,89360A,Collegeville Hornets Team 1,COLLEGEVILLE ELEMENTARY SCHOOL,Arkansas
6233,7,0,7,25917B,Erskine All-Stars 2,Erskine Elememtary School,Indiana - Region 1 - North
6234,7,0,7,68346A,Flaming Potatoes,VIKING ELEMENTARY SCHOOL,North Dakota
6235,7,0,7,7810H,The Anchors,Mount Olive Lutheran School,Wisconsin
6236,7,0,7,11027A,CFI 2 Steampunk Panther Robotics,CENTER FOR INQUIRY SCHOOL 2,Indiana - Region 2 - Central
6237,7,0,7,90045B,South Haven Techno Team,SOUTH HAVEN ELEMENTARY SCHOOL,Indiana - Region 1 - North
6238,7,0,7,51585S,Sakamoto Samurai Robotics (SSR),Sakamoto Robotics Team,California - North
6239,7,0,7,91910A,Cheetah Bots A,Chula Vista Hills Elementary School,California - South
6240,7,0,7,20823A,Clear View Robotics T1,Clear View Elementary ,California - South
6241,7,0,7,98781B,The Subs,SANDY GROVE ELEMENTARY,North Carolina
6242,7,0,7,98781A,Donut Rovers,SANDY GROVE ELEMENTARY,North Carolina
6243,7,0,7,53426A,Upchurch Elementary Eagles 1,UPCHURCH ELEMENTARY,North Carolina
6244,7,0,7,53426B,Upchurch Elementary Eagles,UPCHURCH ELEMENTARY,North Carolina
6245,7,0,7,59591B,Farm BOTS,Shawswick Elementary,Indiana - Region 3 - South
6246,7,0,7,33273A,Circuit Breakers A,AVILLA ELEMENTARY SCHOOL,Indiana - Region 1 - North
6247,7,0,7,91187A,Arlington Eagle Bots,ARLINGTON HEIGHTS ELEMENTARY SCH,Indiana - Region 3 - South
6248,7,0,7,17677B,Tech Titans,Swanson Traditional,Indiana - Region 1 - North
6249,7,0,7,12311D,Lil' Clankers,MIDLAND SCHOOL,Utah
6250,7,0,7,93111B,Shambot II,WESTFIELD INTERMEDIATE SCHOOL,Indiana - Region 2 - Central
6251,7,0,7,94575B,Cougars B,SOUTH DECATUR ELEMENTARY SCHOOL,Indiana - Region 3 - South
6252,7,0,7,12098A,CM Hawks,COUNTRY MEADOW ELEMENTARY SCHOOL,Indiana - Region 1 - North
6253,7,0,7,76277A,Wildcats,WATERLOO ELEMENTARY SCHOOL,Indiana - Region 1 - North
6254,7,0,7,87035E,The  Mechanical Vikings,BLUE RIVER VALLEY ELEMENTARY SCH,Indiana - Region 1 - North
6255,7,0,7,3988F,Firestorm,Irvine Robotics,California - South
6256,7,0,7,36827E,Lincoln Lynx S,LINCOLN SCHOOL,Utah
6257,7,0,7,51061A,Lakeroids Gold Mambas,LAKEWOOD ELEMENTARY SCHOOL,West Virginia
6258,7,0,7,41557B,SJIBOTSB,St John's Catholic School,Kentucky
6259,7,0,7,11966F,Smith Robotos,CHARLES L SMITH FINE ARTS ACADEMY,Indiana - Region 2 - Central
6260,7,0,7,11027C,CFI 2 Steampunk Panther Robotics,CENTER FOR INQUIRY SCHOOL 2,Indiana - Region 2 - Central
6261,7,0,7,11966A,Smith Bruin-Bots,CHARLES L SMITH ELEMENTARY SCHOOL,Indiana - Region 2 - Central
6262,7,0,7,59049B,Melrose Cyber Cardinals,Melrose Elementary School,West Virginia
6263,7,0,7,87587D,The Lakeland Pistons,Lakeland Intermediate School,Indiana - Region 1 - North
6264,7,0,7,30843A,Rockin' Robos,COESSE SCHOOL,Indiana - Region 1 - North
6265,7,0,7,19273B,Ogrebots Green,ARLINGTON ELEMENTARY SCHOOL,Indiana - Region 1 - North
6266,6,6,0,3130A,Robo Dyno Nuggies,Franklin Elementary School,Iowa
6267,6,6,0,9050B,Hawks 9050 3 Bot Baddies (black),Harvest Ridge Cooperative Charter,California - North
6268,6,4,2,138C,QRCA - Green,AAA Training and Tuition (RTO 46396),Australia
6269,6,2,4,21740B,RKA Rapid Robots,BESTER ELEMENTARY,Maryland
6270,6,2,4,1125A,Pink Ponies,Harrison Middle School,Arkansas
6271,6,2,4,92082A,The Electric Engineers,J.A. FAIR HIGH SCHOOL,Arkansas
6272,6,2,4,69153Y,Scoil Naomh Eltin,Scoil Naomh Eltin,Ireland
6273,6,2,4,59133A,Three Creek Robotics,THREE CREEKS ELEMENTARY SCHOOL SCHOOL,Indiana - Region 1 - North
6274,6,1,5,37766A,动感超人,首都师范大学附属育新学校,North China
6275,6,0,6,20721B,Golden Nuggets,Ravenswood School for Girls,Australia
6276,6,0,6,90004D,Falcon Droids,Frank Del Olmo Elementary School,California - South
6277,6,0,6,84737C,Fastback,LAMAR ELEMENTARY SCHOOL,Texas - Region 5
6278,6,0,6,1574Y,Goofy Goobers,OLD BRIDGE ELEMENTARY SCHOOL,Virginia
6279,6,0,6,12214E,Convey Guys,ABRAHAM LINCOLN ELEMENTARY SCHOOL,Indiana - Region 2 - Central
6280,6,0,6,2259E,2259E,Darkinjung Barker,Australia
6281,6,0,6,23660G,LK JS 7,Loreto Kirribilli,Australia
6282,6,0,6,23272D,RoboStackers,Caston Robotics,Indiana - Region 1 - North
6283,6,0,6,42218S,TC ROARbotics,TRITON CENTRAL ELEMENTARY SCHOOL,Indiana - Region 2 - Central
6284,6,0,6,37700H,Team H,LILLIE IDELLA KITLEY ELEMENTARY,Indiana - Region 2 - Central
6285,6,0,6,6581D,Bulldog Builders,BARKELL ELEMENTARY SCHOOL,Michigan
6286,6,0,6,46563E,Webster Robot Warriors,WEBSTER ELEMENTARY SCHOOL,Indiana - Region 1 - North
6287,6,0,6,15486A,The Fiery Nachos,VISTA SCHOOL,Utah
6288,6,0,6,15486J,DRAGON MASTERS RIDES AGAIN,VISTA SCHOOL,Utah
6289,6,0,6,38821Z,R2D2,EAST AMORY SCHOOL,Mississippi
6290,6,0,6,38821C,Sour Patch Kids,EAST AMORY SCHOOL,Mississippi
6291,6,0,6,60835C,The Robo-Sharks,Groveland Elementary School,Florida - North/Central
6292,6,0,6,15451C,The Mechanical Bananas ,R BROWN  MCALLISTER ELEMENTARY,North Carolina
6293,6,0,6,21314B,Coulston B,COULSTON ELEMENTARY SCHOOL,Indiana - Region 2 - Central
6294,6,0,6,19554F,Las Cucarachas,LYONS ELEMENTARY SCHOOL,Colorado
6295,6,0,6,52308A,Heavy Metal Mustangs,B H MACON ELEMENTARY SCHOOL,Texas - Region 2
6296,6,0,6,4726G,Shugart G,SHUGART ELEMENTARY SCHOOL,Texas - Region 5
6297,6,0,6,6581E,Barkell's Snake,BARKELL ELEMENTARY SCHOOL,Michigan
6298,6,0,6,35626A,Denison - Ursa Major,DENISON MONTESSORI SCHOOL,Colorado
6299,6,0,6,10243N,Nice-N-Noisy,COAL MOUNTAIN ELEMENTARY SCHOOL,Georgia
6300,6,0,6,80602A,Tech Titans,STAMPING GROUND ELEMENTARY SCHOOL,Kentucky
6301,6,0,6,5280P,Positive Puffins,SOARING HEIGHTS PK-8,Colorado
6302,6,0,6,8005A,Robotics Rams,Rocky Mountain Elementary School,Colorado
6303,6,0,6,84608B,Cyber Cowboys,A. A. NELSON ELEMENTARY SCHOOL,Louisiana
6304,6,0,6,33170A,Gaelscoil Mhainistir na Corann,Gaelscoil Mhainistir na Corann,Ireland
6305,6,0,6,46677A,The Waddles,CENTRAL ELEMENTARY SCHOOL SCH,Pennsylvania - West
6306,6,0,6,83000Z,ZeekrDMS,"British international School Phuket,",Thailand
6307,6,0,6,47376B,Elm EagleBots II,ELM ROAD ELEMENTARY SCHOOL,Indiana - Region 1 - North
6308,6,0,6,52122C,Queen of Panda's,John F. Kennedy Day School,Arizona
6309,6,0,6,11109B,Oaklandon Bionix,Oaklandon Elementary,Indiana - Region 2 - Central
6310,6,0,6,46706C,Bell Bots,Bell Intermediate Academy,Indiana - Region 2 - Central
6311,6,0,6,72365D,Cougar-Bots D,MAXWELL INTERMEDIATE SCHOOL,Indiana - Region 2 - Central
6312,6,0,6,90093C,Riverview Robotics C,Riverview Elementary School,Indiana - Region 1 - North
6313,6,0,6,53422A,FME Robokids 1,FRANK MACIAS ELEMENTARY SCHOOL,Texas - Region 1
6314,6,0,6,28100B,Kaimiloa Robotics Team B,Kaimiloa Elementary School,Hawaii
6315,6,0,6,72148A,Browney Bots,Browney Primary Academy,United Kingdom
6316,6,0,6,62543A,ECPS 25/26,Easington Colliery Primary School,United Kingdom
6317,6,0,6,22278C,22278,Fawn Hollow Elementary School,Connecticut
6318,6,0,6,1260F,Roaring Raptors,BLUE MOUNTAIN ELEMENTARY,Colorado
6319,6,0,6,11216E,Taco Bell Strawberries,COLUMBINE ELEMENTARY SCHOOL,Colorado
6320,6,0,6,76542B,The Pickles,WALZEM ELEMENTARY SCHOOL,Texas - Region 4
6321,6,0,6,27661E,NIGHTHAWKS,RUCKER BOULEVARD ELEMENTARY SCHOOL,Alabama
6322,6,0,6,44640A,Aztec Bots,LANCASTER ELEMENTARY SCHOOL,Texas - Region 1
6323,6,0,6,27661A,RBE A,RUCKER BOULEVARD ELEMENTARY SCHOOL,Alabama
6324,6,0,6,11296A,Idylwild,Idylwild Elementary,Florida - North/Central
6325,6,0,6,14675E,EES Horses,EAST ELEMENTARY SCHOOL,Indiana - Region 2 - Central
6326,6,0,6,781A,The Catfish,FREEDOM ELEMENTARY SCHOOL,Florida - North/Central
6327,6,0,6,94851E,The Breakfast Bros,Sandycreek Elementary School,Pennsylvania - West
6328,6,0,6,380C,New Hope Elementary VexHawks,NEW HOPE ELEMENTARY SCHOOL,Georgia
6329,6,0,6,48261C,Wes-Del Robotics 3,WES-DEL ELEMENTARY SCHOOL,Indiana - Region 1 - North
6330,6,0,6,24601B,MSbot,Math & Science Magnet School,Arkansas
6331,6,0,6,21742A,Eastern Elementary,EASTERN ELEMENTARY,Maryland
6332,6,0,6,21740C,The Archers,BESTER ELEMENTARY,Maryland
6333,6,0,6,77111A,Skillset,Skillset,Kazakhstan
6334,6,0,6,71543B,VexRex Dolphins,Loren Miller Elementary,California - South
6335,6,0,6,3153A,Jackson Elementary,SEYMOUR-JACKSON ELEMENTARY SCHOOL,Indiana - Region 3 - South
6336,6,0,6,1738C,WES Warriors,West Elementary School,Alabama
6337,6,0,6,1596C,ABC,USD 457 Plymell Elementary School,Kansas
6338,6,0,6,75442E,Pressure Points,FARMERSVILLE INT,Texas - Region 2
6339,6,0,6,44129A,Brawl Boys,LOUISE WOLFF KAHN ELEMENTARY SCHOOL,Texas - Region 2
6340,6,0,6,27293C,Kendall Giants C,Kendall Elementary,Indiana - Region 1 - North
6341,6,0,6,27293D,Kendall Giants D,Kendall Elementary,Indiana - Region 1 - North
6342,6,0,6,70543S,70543S,MARGARETTA ELEMENTARY SCHOOL,Ohio
6343,6,0,6,36914D,Skzoo,College View,Iowa
6344,6,0,6,94851F,Freedom Flies,Sandycreek Elementary School,Pennsylvania - West
6345,6,0,6,93111F,Shambot VI,WESTFIELD INTERMEDIATE SCHOOL,Indiana - Region 2 - Central
6346,6,0,6,33273B,Circuit Breakers B,AVILLA ELEMENTARY SCHOOL,Indiana - Region 1 - North
6347,6,0,6,41047B,Legends,MOUNTAIN VIEW SCHOOL,Utah
6348,6,0,6,30388A,Coding Barons,JAMES R WATSON ELEMENTARY SCHOOL,Indiana - Region 1 - North
6349,6,0,6,36827C,Lincoln Lynx N,LINCOLN SCHOOL,Utah
6350,6,0,6,29281B,Tech Warriors,LIBERTY ELEMENTARY SCHOOL,Indiana - Region 1 - North
6351,6,0,6,54732B,TigerBots Black,KELLOGG ELEMENTARY SCHOOL,West Virginia
6352,6,0,6,87587E,The Lakeland Bob Bots,Lakeland Intermediate,Indiana - Region 1 - North
6353,4,4,0,2014F,Team F2,Sandpiper School,California - North
6354,4,4,0,18181M,Gears,Maple Lawn Elementary School,Texas - Region 2
6355,4,2,2,77241B,The Big Blue Whoppers- CES-B,CENTRAL ELEMENTARY,Mississippi
6356,4,0,4,11086G,Le Goat Cybercats,SUMMIT SCHOOL OF AHWATUKEE,Arizona
6357,4,2,2,56006A,Sheffield Wranglers A,SHEFFIELD ELEMENTARY SCHOOL,Texas - Region 5
6358,4,2,2,46230A,Scoil Mhuire agus Eoin A,Scoil Mhuire agus Eoin,Ireland
6359,4,2,2,83999C,FCA II C,FCA,New Brunswick/Nova Scotia/Prince Edward Island
6360,4,0,4,6510H,6510H,"Pymble Ladies College, Sydney, Australia",Australia
6361,4,0,4,3581B,SSSA Silver Eagles,Silver Shores STEAM Academy K-8,Florida - South
6362,4,0,4,781D,Imagineers,FREEDOM ELEMENTARY SCHOOL,Florida - North/Central
6363,4,0,4,23660F,LK JS 6,Loreto Kirribilli,Australia
6364,4,0,4,12256J,MMA,宜蘭縣光復國民小學,Chinese Taipei
6365,4,0,4,10243C,Cuddling Cats,COAL MOUNTAIN ELEMENTARY SCHOOL,Georgia
6366,4,0,4,85111A,Cheeta-Bots,EMPOWERMENT ACADEMY,Maryland
6367,4,0,4,98576A,Zydeco,NorthShore Robotics,Louisiana
6368,4,0,4,10972C,Mega Speedy Charizard,INDIAN PEAKS ELEMENTARY SCHOOL,Colorado
6369,4,0,4,6581B,Barkell's Rusty Robots,Barkell Elementary School,Michigan
6370,4,0,4,44408G,CMS: Bob the Builder 2,SOUTH SIDE MIDDLE SCHOOL,Ohio
6371,4,0,4,43945A,Cyber Ducks,SOUTHERN LOCAL ELEMENTARY SCHOOL,Ohio
6372,4,0,4,40878B,PLKVKTC2 Team B,P.L.K. Vicwood K.T. Chong No. 2 Primary School,Hong Kong
6373,4,0,4,1683V,11 Rockstar,India Community Center,California - North
6374,4,0,4,25463C,Parkway Elementary 5th Grade,PARKWAY ELEMENTARY SCHOOL,Arkansas
6375,4,0,4,72002A,Davis Dolphins,ROBERT L. DAVIS ELEMENTARY SCHOOL. SCHOOL,Arkansas
6376,4,0,4,71825R,NSE Team 4,Northshore Elementary School,Mississippi
6377,4,0,4,51379B,Giant Frostbyte,ALLEN ELEMENTARY SCHOOL,Indiana - Region 1 - North
6378,4,0,4,17000B,SPCPS B,St. Paul's College Primary School,Hong Kong
6379,4,0,4,843A,84 Robotics Team,CENTER FOR INQUIRY SCHOOL 84,Indiana - Region 2 - Central
6380,4,0,4,5585E,E,JENNIE BARKER ELEMENTARY SCHOOL,Kansas
6381,4,0,4,22760D,Robotic Owls,Armistead Gardens Elementary School,Maryland
6382,4,0,4,21215A,Marvelous Panthers,PARK HEIGHTS ACADEMY,Maryland
6383,4,0,4,1156A,Denver PS Montclair,Denver PS,Colorado
6384,4,0,4,1804B,ARTBOTS B,Visual & Performing Art Magnet,Arkansas
6385,4,0,4,52818A,CAVO,DPS-University Park Elementary,Colorado
6386,4,0,4,70842F,Radiant Roborunners,GEORGE R. ROBINSON ELEMENTARY SCHOOL.,Missouri
6387,4,0,4,12456A,HarmonyHawk,HARMONY SCHOOL OF ENDEAVOR AUSTIN,Texas - Region 4
6388,4,0,4,9669C,PFS Chronos,PlayFACTO School,Singapore
6389,4,0,4,10972E,The Peaks Moose,INDIAN PEAKS ELEMENTARY SCHOOL,Colorado
6390,4,0,4,33050S,Stanley Switlik Robotics,Stanley Switlik Elementary School,Florida - South
6391,4,0,4,27672D,Glenns Valley EagleBots,GLENNS VALLEY ELEMENTARY SCHOOL,Indiana - Region 2 - Central
6392,4,0,4,9949D,The Divas,DR. C OWEN ROUNDY ELEMENTARY SCHOOL,Nevada
6393,4,0,4,6097A,Timberwood Wolves,Timberwood  Elementary School,West Virginia
6394,4,0,4,69153H,Scoil Naomh Eltin,Scoil Naomh Eltin,Ireland
6395,4,0,4,85386D,Giant Tech Squad,FRANCES SLOCUM ELEMENTARY SCHOOL SCHOOL,Indiana - Region 1 - North
6396,4,0,4,380D,New Hope Elementary VexHawks,NEW HOPE ELEMENTARY SCHOOL,Georgia
6397,4,0,4,46677C,Power Puff Girls,CENTRAL ELEMENTARY SCHOOL SCH,Pennsylvania - West
6398,4,0,4,46677B,The RoboDragons,CENTRAL ELEMENTARY SCHOOL SCH,Pennsylvania - West
6399,4,0,4,30125B,Crazy Hippos,Lee Martinez Elementary School,Texas - Region 4
6400,4,0,4,55154B,HSI Osos,Harmony School of Innovation,Texas - Region 4
6401,4,0,4,71654A,The BUCKS,MCGEHEE ELEMENTARY SCHOOL,Arkansas
6402,4,0,4,11788A,Eagles,STEPHEN DECATUR ELEMENTARY SCHOOL,Indiana - Region 2 - Central
6403,4,0,4,12150D,MEC Globebots,MARY EVELYN CASTLE ELEMENTARY SCH,Indiana - Region 2 - Central
6404,4,0,4,11109A,Oaklandon Animators,Oaklandon Elementary,Indiana - Region 2 - Central
6405,4,0,4,11109C,Oaklandon Coders,Oaklandon Elementary,Indiana - Region 2 - Central
6406,4,0,4,33572C,BP Tecnotics 3,BROOK PARK ELEMENTARY SCHOOL,Indiana - Region 2 - Central
6407,4,0,4,66083A,TES Blue Devils,TIPTON ELEMENTARY SCHOOL,Indiana - Region 1 - North
6408,4,0,4,36092C,WES Robo Warriors,WETUMPKA ELEMENTARY SCHOOL,Alabama
6409,4,0,4,18355C,Robotic Dolphins Team C,MAGNOLIA SCIENCE ACADEMY 7,California - South
6410,4,0,4,44512T,Tech Marvel,Anna Booth Elementary School,Alabama
6411,4,0,4,63124A,Clark Pawsome Tigers ,CLARK ELEMENTARY SCHOOL,Alabama
6412,4,0,4,20261E,SunJoy Robotics Academy,SunJoy Robotics Academy,British Columbia (BC)
6413,4,0,4,53422B,FME Robokids 2,FRANK MACIAS ELEMENTARY SCHOOL,Texas - Region 1
6414,4,0,4,42787A,MVE: The Transformers,MONTANA VISTA ELEMENTARY SCHOOL,Texas - Region 1
6415,4,0,4,36595H,Harlow Green,Harlow Green Community Primary School,United Kingdom
6416,4,0,4,71589A,Jarrow Cross,Jarrow Cross Church of England Primary School,United Kingdom
6417,4,0,4,22355J,JoBots,St Joseph's Catholic Primary School,United Kingdom
6418,4,0,4,8005B,Rocky Bots,Rocky Mountain Elementary School,Colorado
6419,4,0,4,8005C,Secret Robots,Rocky Mountain Elementary School,Colorado
6420,4,0,4,5139B,The Queens,ROAN FOREST ELEMENTARY SCHOOL,Texas - Region 4
6421,4,0,4,27661D,RBE D,RUCKER BOULEVARD ELEMENTARY SCHOOL,Alabama
6422,4,0,4,11216B,Chihuahuas,COLUMBINE ELEMENTARY SCHOOL,Colorado
6423,4,0,4,8005D,Cyborgs,Rocky Mountain Elementary School,Colorado
6424,4,0,4,26126A,The Masters,DILLSBORO ELEMENTARY SCHOOL,Indiana - Region 3 - South
6425,4,0,4,3596C,Capistrano,Capistrano Elementary,Texas - Region 1
6426,4,0,4,49509B,Robocubs,CLAY ELEMENTARY SCHOOL,Alabama
6427,4,0,4,87024A,ICS Robotics Club,IRONDALE COMMUNITY SCHOOL,Alabama
6428,4,0,4,87024B,ICS Robotics Club,IRONDALE COMMUNITY SCHOOL,Alabama
6429,4,0,4,86729A,The Engineers,Bayan Bilingual School,Kuwait
6430,4,0,4,2290H,Desert Robotics,The Bumble Bees,Kuwait
6431,4,0,4,24503A,Crabby,HIDDEN OAK ELEMENTARY SCHOOL,Florida - North/Central
6432,4,0,4,57348A,St Joseph's Catholic Primary School,St Joseph's Catholic Primary School,United Kingdom
6433,4,0,4,42187B,Nora Panther Cub's,NORA ELEMENTARY SCHOOL,Indiana - Region 2 - Central
6434,4,0,4,1804E,ARTBOTS E,Visual & Performing Art Magnet,Arkansas
6435,4,0,4,77357B,The Dominating Dominos,Muir School,Utah
6436,4,0,4,24601C,JuniorBots,Math & Science Magnet School,Arkansas
6437,4,0,4,1814A,Hickory Huskies,HICKORY ELEMENTARY,Maryland
6438,4,0,4,1144G,Robo Razorbacks,HOGG NEW TECH CENTER,Texas - Region 2
6439,4,0,4,52526K,The Penguins,Cumming Elementary Robotics,Georgia
6440,4,0,4,290M,Mix and Robo 2.0,Orley Farm School,United Kingdom
6441,4,0,4,47376A,Elm EagleBots I,ELM ROAD ELEMENTARY SCHOOL,Indiana - Region 1 - North
6442,4,0,4,3415B,TKP-CaaSiu叉燒,Yan Oi Tong Tin Ka Ping Primary School,Hong Kong
6443,4,0,4,3153D,Jackson Elementary,SEYMOUR-JACKSON ELEMENTARY SCHOOL,Indiana - Region 3 - South
6444,4,0,4,3522P,St. Ambrose,ST AMBROSE CATHOLIC SCHOOL,Indiana - Region 3 - South
6445,4,0,4,67998A,Eagles,CORTLAND ELEMENTARY SCHOOL,Indiana - Region 3 - South
6446,4,0,4,37727D,Bear Bots D,BULLOCK ELEMENTARY SCHOOL,Texas - Region 5
6447,4,0,4,47274C,Redding Robotics C,Seymour-Redding Elementary School,Indiana - Region 3 - South
6448,4,0,4,19071P,RoboPups,PRESTONWOOD MONTESSORI AT E D WALKER,Texas - Region 2
6449,4,0,4,2649A,2649A,QUASHNET INTERMEDIATE SCHOOL,Massachusetts
6450,4,0,4,19997A,Dolphin Bot,WEST HOKE ELEMENTARY,North Carolina
6451,4,0,4,2218T,Awesome Engineers,EDISON ELEMENTARY SCHOOL,Iowa
6452,4,0,4,15421A,Obaba Keo,ODYSSEY SCHOOL,Utah
6453,4,0,4,52937A,Spartans,St John Bosco,Indiana - Region 1 - North
6454,4,0,4,46792C,Roverbots 3,SALAMONIE SCHOOL,Indiana - Region 1 - North
6455,4,0,4,12098C,Hawks CME,COUNTRY MEADOW ELEMENTARY SCHOOL,Indiana - Region 1 - North
6456,4,0,4,93111C,Shambot III,WESTFIELD INTERMEDIATE SCHOOL,Indiana - Region 2 - Central
6457,4,0,4,52551E,Jackson Battle Bots,Jackson Elementary School,Indiana - Region 1 - North
6458,4,0,4,41266A,Bearcat bots A,UNION CENTER ELEMENTARY SCHOOL,Indiana - Region 1 - North
6459,3,2,1,46230B,Scoil Mhuire agus Eoin B,Scoil Mhuire agus Eoin,Ireland
6460,2,2,0,13588B,Irwin Rockets,JOHN S IRWIN ELEMENTARY SCHOOL,Indiana - Region 1 - North
6461,2,2,0,14572H,K-robotics 8,K robotics,South Korea
6462,2,2,0,9699G,Shen Wai International School,Shen Wai International School,South China
6463,2,2,0,33666A,BNTA FIRST,北京市新英才学校,North China
6464,2,2,0,15159B,Science museum,Youth Science & Technology Center of Beijing Xicheng,North China
6465,2,2,0,2218E,Bobby the Builders,EDISON ELEMENTARY SCHOOL,Iowa
6466,2,2,0,1120S,Ten Ton Robotics,West Vancouver Schools,British Columbia (BC)
6467,2,2,0,41162A,Master Mixers,ROCK CREEK COMMUNITY ACADEMY,Indiana - Region 3 - South
6468,2,2,0,19011A,HBNS 1,Harold Boys' N.S.,Ireland
6469,2,2,0,63122C,Rusty Gears,WESTCHESTER ELEMENTARY SCHOOL.,Missouri
6470,2,2,0,19500B,Evergreen Institute of Excellence,Evergreen Institute of Excellence,California - North
6471,2,2,0,94A,Hawaiian Turtles,COMMUNITY SCHOOL OF NAPLES,Florida - South
6472,2,0,2,2568K,Kingdom Guard,萧山朝晖&桐庐实验&杭州惠立&萧山北干&杭州天长&杭州崇文,East China
6473,2,0,2,819C,Starbots 3,Ward Elementary,Texas - Region 3
6474,2,0,2,5805S,Code Queens,SEQUOYAH ELEMENTARY SCHOOL,Arkansas
6475,2,0,2,15350A,Stonehall,Stonehall N.S.,Ireland
6476,2,0,2,51379C,Giant Frostbyte,ALLEN ELEMENTARY SCHOOL,Indiana - Region 1 - North
6477,2,0,2,30125D,Overpowered Hippos,Lee Martinez Elementary School,Texas - Region 4
6478,2,0,2,52551F,Jackson Battle Bots,Jackson Elementary School,Indiana - Region 1 - North
6479,2,0,2,32833B,Bradley Robotics Club,Bradley International School,Colorado
6480,2,0,2,52818R,UPark 6-7 Robotics Club,DPS-University Park Elementary,Colorado
6481,2,0,2,73933A,The Three Mountaineers,Homeschool,North Carolina
6482,2,0,2,71295A,Legendary Dolphins,SAN ANTONIO ELEMENTARY STEM Magnet,California - South
6483,2,0,2,54355A,The Encode Crew,Encode Education,Hong Kong
6484,2,0,2,37790R,Riverhill Bearbots Blue,Riverhill School,Alabama
6485,2,0,2,86350H,WOT Home School,West Offaly Training,Ireland
6486,2,0,2,9890C,Coliseum RoboRacers,Coliseum Street Elementary School,California - South
6487,2,0,2,5140A,Coyote Alphas,CANYON RIDGE ES,Texas - Region 4
6488,2,0,2,14814A,刀锋战队,童编星球,Middle China
6489,2,0,2,1290Y,青山湖育才学校-Y,杭州市临安区青山湖科技城育才学校,East China
6490,2,0,2,2278Z,✧(๑•̀ㅂ•́)و✧EACH✧//Surpass//,Shenzhen Science Museum EACH-ROBOTICS,South China
6491,2,0,2,3908V,Whirlwind,深圳市龙华区实验学校,South China
6492,2,0,2,61961A,广州市黄埔区青少年宫（科学城宫）IQ小学A组,广州市黄埔区青少年科技教育协会,South China
6493,2,0,2,49205C,MTV Eagles,MT. VERNON ELEMENTARY,California - South
6494,2,0,2,18500A,18500A,新起点机器人实验室,North China
6495,2,0,2,62569V,VSP-SSS,VANKE SCHOOL PUDONG,East China
6496,2,0,2,839V,// Caution Tape //,Caution Tape Robotics ////,Ontario
6497,2,0,2,46096G,Baby Shark Bots 46096G,LOACHAPOKA ELEMENTARY SCHOOL,Alabama
6498,2,0,2,10125G,VEX F GREEN,桃園夢想機器人教室,Chinese Taipei
6499,2,0,2,20234Y,小洛特聯隊3,SLR 小洛特機器人,Chinese Taipei
6500,2,0,2,69126C,优途三号,广西优途教育科技集团有限公司,South China
6501,2,0,2,15017D,Daring Pirates,HARBOR BEACH ELEMENTARY SCHOOL,Michigan
6502,2,0,2,46726H,Technoknights,IN MATH & SCIENCE ACADEMY - NORTH,Indiana - Region 2 - Central
6503,2,0,2,85386E,Giant Tech Squad,FRANCES SLOCUM ELEMENTARY SCHOOL SCHOOL,Indiana - Region 1 - North
6504,2,0,2,85386B,Giant Tech Squad,FRANCES SLOCUM ELEMENTARY SCHOOL SCHOOL,Indiana - Region 1 - North
6505,2,0,2,7479X,Deadly X,Hillcrest Christian College,Australia
6506,2,0,2,46563C,Webster Robot Warriors,WEBSTER ELEMENTARY SCHOOL,Indiana - Region 1 - North
6507,2,0,2,5442B,The Panther Bots 2,DOVER ELEMENTARY,Tennessee
6508,2,0,2,43945C,Gear Grinders,SOUTHERN LOCAL ELEMENTARY SCHOOL,Ohio
6509,2,0,2,5555H,DSA PM 8,DSA Academy@PM,Singapore
6510,2,0,2,5555D,DSA PM 4,DSA Academy@PM,Singapore
6511,2,0,2,9669F,PFS Fortuna,PlayFACTO School,Singapore
6512,2,0,2,803B,Bay,BAY ELEMENTARY SCHOOL,Texas - Region 3
6513,2,0,2,824A,Ross Elementary,James H Ross Elementary School,Texas - Region 3
6514,2,0,2,66544D,Electric Eagles,MOORESVILLE CHRISTIAN ACADEMY,Indiana - Region 2 - Central
6515,2,0,2,19554E,Big Brain Minions,LYONS ELEMENTARY SCHOOL,Colorado
6516,2,0,2,50869C,STEM Boyz and a Gurl,J.I. BARRON SR. ELEMENTARY SCHOOL,Louisiana
6517,2,0,2,71825S,NSE Team 5,Northshore Elementary School,Mississippi
6518,2,0,2,36498E,Awesomebots,MICROSOCIETY ACADEMY CHARTER SCHOOL OF SOUTHERN NH,New Hampshire/Vermont
6519,2,0,2,68792G,Riverside Robotics,Riverside Intermediate School,Indiana - Region 2 - Central
6520,2,0,2,15421B,The Good boys,ODYSSEY SCHOOL,Utah
6521,2,0,2,96835C,WDS Lioncubs3,WM DAVID SURRATT ELEMENTARY SCHOOL,Texas - Region 1
6522,2,0,2,52526A,Axis Granted,Cumming Elementary Robotics,Georgia
6523,2,0,2,335A,Ahuimanu Robotics,AHUIMANU ELEMENTARY SCHOOL,Hawaii
6524,2,0,2,22071A,RoboFoxes,KATHRYN GRIFFIS ELEMENTARY SCHOOL,Texas - Region 2
6525,2,0,2,1753B,Black Fox B,BLACK FOX ELEMENTARY,Tennessee
6526,2,0,2,37130A,Hobgood RoboRockets A,HOBGOOD ELEMENTARY,Tennessee
6527,2,0,2,33050D,Stanley Switlik Robotics,Stanley Switlik Elementary School,Florida - South
6528,2,0,2,10972G,The Artificial Builders,Indian Peaks Elementary,Colorado
6529,2,0,2,84608A,Cyber Cowboys,A. A. NELSON ELEMENTARY SCHOOL,Louisiana
6530,2,0,2,9949A,Sigma Coders,Dr. C. Owen Roundy Elementary School,Nevada
6531,2,0,2,91635B,Lunt Robotics,ROBERT LUNT ELEMENTARY SCHOOL,Nevada
6532,2,0,2,20857A,The Rolling Robots,Dungourney National School,Ireland
6533,2,0,2,99625A,Clifton Clangers,Clifton College Prep School,United Kingdom
6534,2,0,2,76978C,Bridgend Bot Builders,St Aengus NS Bridgend,Ireland
6535,2,0,2,6333F,GX-The Boyz,Gaiax,Singapore
6536,2,0,2,62918B,UISG B,Utahloy International School Guangzhou,South China
6537,2,0,2,11815B,Live Oak Robotics,Live Oak Elementary School,Georgia
6538,2,0,2,520C,Immanuel Warriors 520C,Immanuel Lutheran School,Indiana - Region 3 - South
6539,2,0,2,10883A,Middle Ridge Robotics,Middle Ridge Elementary School,Georgia
6540,2,0,2,71654D,The GIRL Brigade,Mcgehee Elementary School,Arkansas
6541,2,0,2,63828A,Team Retro,Doxey School,Utah
6542,2,0,2,13876E,Master Minds,LONG PRAIRIE-GREY EAGLE ELEMENTARY,Minnesota
6543,2,0,2,71654B,Chicken Nuggets 2.0,Mcgehee Elementary School,Arkansas
6544,2,0,2,13876B,Cosmic Phantom,LONG PRAIRIE-GREY EAGLE ELEMENTARY,Minnesota
6545,2,0,2,96601A,KoleaBots A,CHIEFESS KAPIOLANI ELEMENTARY SCHOOL,Hawaii
6546,2,0,2,16630E,Steamoji E Team,Steamoji Klahanie,Washington
6547,2,0,2,2456A,Error 404,Pegasus Primary School,United Kingdom
6548,2,0,2,21039A,Go Landry,Tom Landry Elementary School,Texas - Region 2
6549,2,0,2,308D,Cyber Nkindness,FARMERS BRANCH ELEMENTARY SCHOOL,Texas - Region 5
6550,2,0,2,52324A,San Miguel Cyber Pumas,SAN MIGUEL ELEMENTARY,California - South
6551,2,0,2,52122B,Snoopy,John F. Kennedy Day School,Arizona
6552,2,0,2,15051A,Bearbotics,Malabar Street Elementary School,California - South
6553,2,0,2,26503C,DARWIN,Colegio Terranova,Ecuador
6554,2,0,2,12150B,MEC Globebots,MARY EVELYN CASTLE ELEMENTARY SCH,Indiana - Region 2 - Central
6555,2,0,2,11865B,Tiger Bots 2,POSTON ROAD ELEMENTARY SCHOOL,Indiana - Region 2 - Central
6556,2,0,2,63165T,Techno Army,KRAFT MEADOWS INTERMEDIATE SCHOOL,Michigan
6557,2,0,2,19074B,Firecrackerbots B,CENTERTON ELEMENTARY SCHOOL,Indiana - Region 2 - Central
6558,2,0,2,58152F,Wyatt's Owls,ELIZABETH FONDE ELEMENTARY SCHOOL,Alabama
6559,2,0,2,34678C,Los Roboticos-Gridley-Montanez Elementary C,GRIDLEY STREET ELEMENTARY,California - South
6560,2,0,2,7500C,Cardboard Bots,David E Norman Elementary School,Nevada
6561,2,0,2,2804M,Sycamore Magnet Academy,Sycamore Magnet Academy,California - South
6562,2,0,2,68505E,Tech Titans,NIWOT ELEMENTARY SCHOOL,Colorado
6563,2,0,2,68948C,Eclectic Bots,ECLECTIC ELEMENTARY SCHOOL,Alabama
6564,2,0,2,9178C,Carden Arbor View Robotics,Carden Arbor View School,California - South
6565,2,0,2,1510F,Future Forge Einsten,Future Forge STEM Labs,California - North
6566,2,0,2,12762H,Harmony Hawks,Harmony School,Alabama
6567,2,0,2,44421B,Lakeside Elementary Digital Lions,Lakeside Elementary School,Indiana - Region 2 - Central
6568,2,0,2,53295A,Pink Fluffy Unicorns,RUTH BARKER MIDDLE SCHOOL,Arkansas
6569,2,0,2,40401D,40404,CARBON VALLEY ACADEMY,Colorado
6570,2,0,2,50145C,CIBOLO GREEN ES,CIBOLO GREEN ES,Texas - Region 4
6571,2,0,2,65200A,Rambotics,MILTON ELEMENTARY SCHOOL,New Hampshire/Vermont
6572,2,0,2,14001E,Galaxy Bots,Weis ,Texas - Region 3
6573,2,0,2,64191T,Bengal Bytes T,Cowan Avenue Elementary School,California - South
6574,2,0,2,90992B,HMS,HIBBETT SCHOOL,Alabama
6575,2,0,2,2014Y,The Nuggets,Sandpiper School,California - North
6576,2,0,2,18970A,Newland STEM ONE,Newland House,United Kingdom
6577,2,0,2,79261M,Robotrim-Clustertim,Robotrim,Mexico
6578,2,0,2,29953F,Rhode Robots,Scoil Mhuire Naofa,Ireland
6579,2,0,2,12710B,Eagle 2,Archer Elementary,Florida - North/Central
6580,2,0,2,11296B,Blue Robos,Idylwild Elementary,Florida - North/Central
6581,2,0,2,31616Z,Palomino Bots Z,CHATSWORTH PARK ELEMENTARY,California - South
6582,2,0,2,57103A,St Benet's RCVA Robotics,St Benet's RCVA Primary School,United Kingdom
6583,2,0,2,645A,Orchard Villa Baby Bulls,ORCHARD VILLA ELEMENTARY SCHOOL,Florida - South
6584,2,0,2,58945A,St. Mary's Turkeys,ST MARY'S EPISCOPAL SCHOOL,Tennessee
6585,2,0,2,95170C,Bionic Bulldogs C,Thomas D Gregg School 15,Indiana - Region 2 - Central
6586,2,0,2,32148B,RAMpage Robotics,Robert H. Jenkins Elementary,Florida - North/Central
6587,2,0,2,17703B,Team Megatron,Jackson Elementary School,Tennessee
6588,2,0,2,19044C,McKinley’s Gear Masters,MCKINLEY ELEMENTARY,California - South
6589,2,0,2,58945C,St. Mary's Turkeys,ST MARY'S EPISCOPAL SCHOOL,Tennessee
6590,2,0,2,19004C,StangBotsC,PASODALE ELEMENTARY SCHOOL,Texas - Region 1
6591,2,0,2,9050C,Hawks 9050 4 The Four Leaping Frogs (black),Harvest Ridge Cooperative Charter,California - North
6592,2,0,2,9050H,Hawks 9050 2 Robot Rockstars,Harvest Ridge Cooperative Charter,California - North
6593,2,0,2,56471B,Longfellow Thinkers,LONGFELLOW ELEMENTARY,California - South
6594,2,0,2,9050R,Hawks 9050 18,Harvest Ridge Cooperative Charter,California - North
6595,2,0,2,30517B,EIS Eagles - B,EDGEWOOD INTERMEDIATE SCHOOL,Indiana - Region 3 - South
6596,2,0,2,34208F,Team Fierce,Louise R. Johnson K-8,Florida - North/Central
6597,2,0,2,34208A,The Rainbow Cards,Louise R. Johnson K-8,Florida - North/Central
6598,2,0,2,3153C,Jackson Elementary,SEYMOUR-JACKSON ELEMENTARY SCHOOL,Indiana - Region 3 - South
6599,2,0,2,62070B,62070B,Occoquan Elementary School,Virginia
6600,2,0,2,5682A,Robo-Bullpup,TAVARES ELEMENTARY SCHOOL,Florida - North/Central
6601,2,0,2,90045C,South Haven Techno Team,SOUTH HAVEN ELEMENTARY SCHOOL,Indiana - Region 1 - North
6602,2,0,2,47274D,Redding Robotics D,Seymour-Redding Elementary School,Indiana - Region 3 - South
6603,2,0,2,3377E,3377E,Alta Brown Elementary School,Kansas
6604,2,0,2,62070C,62070C,Occoquan Elementary School,Virginia
6605,2,0,2,5102B,Metallic Cubs,COKER ELEMENTARY SCHOOL,Texas - Region 4
6606,2,0,2,5120A,Robo Champs,REGENCY PLACE ELEMENTARY SCHOOL,Texas - Region 4
6607,2,0,2,3101A,WGA Girls,WALNUT GLEN ACAD FOR EXCEL,Texas - Region 5
6608,2,0,2,38310C,Lucy Lunch Meat,NORTHLAKE ELEMENTARY SCHOOL,Texas - Region 5
6609,2,0,2,80716B,Bear Nation 2,JIMMIE TYLER BRASHEAR ELEMENTARY SCHOOL,Texas - Region 2
6610,2,0,2,14450A,The Dunk KING Donuts,DALE CITY ELEMENTARY SCHOOL,Virginia
6611,2,0,2,5407A,VoltX,Saint Thomas School,Dominican Republic
6612,2,0,2,148F,Rock-A-Bots,Travis Intermediate,Texas - Region 2
6613,2,0,2,54426C,Queen Hawks,VICTOR H HEXTER ELEMENTARY SCHOOL,Texas - Region 2
6614,2,0,2,93855A,Robo-Chiefs,Cottonwood Union School District,California - North
6615,2,0,2,2649F,Quashnet Robotics,QUASHNET INTERMEDIATE SCHOOL,Massachusetts
6616,2,0,2,7807A,SP301 7807A,Szkoła Podstawowa z Oddziałami Integracyjnymi nr 301 im. Janusza Korczaka,Poland
6617,2,0,2,90092B,Sotomayor Robotics B,Sotomayor Robotics,California - South
6618,2,0,2,12007B,Van Buren B,VAN BUREN ELEMENTARY SCHOOL,Indiana - Region 2 - Central
6619,2,0,2,93111A,Shambot I,WESTFIELD INTERMEDIATE SCHOOL,Indiana - Region 2 - Central
6620,2,0,2,94575C,Cougars C,SOUTH DECATUR ELEMENTARY SCHOOL,Indiana - Region 3 - South
6621,2,0,2,87035A,The  Mechanical Vikings,BLUE RIVER VALLEY ELEMENTARY SCH,Indiana - Region 1 - North
6622,2,0,2,68988A,Rossville Robotics Team,ROSSVILLE ELEMENTARY SCHOOL,Indiana - Region 1 - North
6623,2,0,2,7388E,Fall Creek Intermediate - Green,FALL CREEK INTERMEDIATE SCHOOL,Indiana - Region 2 - Central
6624,2,0,2,76277C,Wildcats 3.0,WATERLOO ELEMENTARY SCHOOL,Indiana - Region 1 - North
6625,2,0,2,43542A,DM Dynamos 2.0,DOUGLAS MACARTHUR ELEMENTARY SCH,Indiana - Region 2 - Central
6626,2,0,2,87035C,The  Mechanical Vikings,BLUE RIVER VALLEY ELEMENTARY SCH,Indiana - Region 1 - North
6627,2,0,2,17677A,THE dream TEAM,Swanson Traditional,Indiana - Region 1 - North
6628,2,0,2,3698Y,Blaze,HOLY CROSS LUTHERAN SCHOOL,Indiana - Region 3 - South
6629,2,0,2,87035D,The  Mechanical Vikings,BLUE RIVER VALLEY ELEMENTARY SCH,Indiana - Region 1 - North
6630,2,0,2,32642B,Raining Tacos,Norwalk Main Street School,Ohio
6631,2,0,2,17677C,Hot Bots,Swanson Traditional,Indiana - Region 1 - North
6632,2,0,2,24580A,Nosy Eagles,JAMES RUSSELL LOWELL SCHOOL 51,Indiana - Region 2 - Central
6633,2,0,2,22884B,Koalabots B,WEISSER PARK ELEMENTARY SCHOOL,Indiana - Region 1 - North
6634,2,0,2,87587F,Lakeland Robotic Cyber Girls,Lakeland Intermediate School,Indiana - Region 1 - North
6635,2,0,2,52551B,Jackson Battle Bots,Jackson Elementary School,Indiana - Region 1 - North
6636,2,0,2,2720B,Pinapplebots,Stembotics Academy,New Jersey