Rank,Score,Autonomous Coding Skills,Driver Skills,Team Number,Team Name,Organization,Event Region
1,550,246,304,81777Z,Hot Slice,Magikid Cupertino Robotics Lab,California - North
2,540,247,293,71777A,Vortex-R,Kunshan Xinzhen Middle School,East China
3,511,224,287,727H,Home-field Advantage,Magnus Robotics,Pennsylvania - East
4,494,246,248,8588A,Tsingtao  Bymax Team,The Middle School Affiliated to Qingdao University,Middle China
5,493,208,285,9933X,Cybot-Joy of Creation,Cybot Robotics Academy.,British Columbia (BC)
6,492,201,291,6699W,Velocity Vortex,Taiwan Robotics Lab,Chinese Taipei
7,489,214,275,5491M,HAPPY HIPPO,Fancy Robotics International,Chinese Taipei
8,488,208,280,81777U,Pineapples,Magikid Cupertino Robotics Lab,California - North
9,480,186,294,9156A,Alpha Five,NATIONAL YOUTH INNOVATION FOUNDATION,California - South
10,477,203,274,80608A,Potato Nuggets,El Retiro,California - South
11,476,201,275,8818N,Ctrl X,Roboplanet,British Columbia (BC)
12,472,229,243,636H,courage,chaonengshiyanshi,West China
13,471,219,252,252W,Wonder Why…?,I Wonder Robotics,Ontario
14,465,174,291,6677U,Never Give up,Dr. Player Robotic Lab . Nantou,Chinese Taipei
15,461,185,276,8818S,The Clashers,Roboplanet,British Columbia (BC)
16,454,201,253,81777W,R.I.C.E,Magikid Cupertino Robotics Lab,California - North
17,454,201,253,81777T,Captain IQ,Magikid Cupertino Robotics Lab,California - North
18,454,179,275,839A,// Caution Tape Alpha //,Caution Tape Robotics ////,Ontario
19,452,220,232,1822S,BuZhou Mount,不周山机器人,North China
20,451,203,248,95014X,GaGaGuGu,STEM Cupertino,California - North
21,451,203,248,286B,Blaze,Magikid Tustin,California - South
22,451,149,302,9296A,YouthLink,Shanghai Pinghe Bilingual School QingPu,East China
23,448,229,219,636A,UZI,chaonengshiyanshi,West China
24,447,201,246,46032D,UNITY Robotics,Creekside Middle School,Indiana - Region 2 - Central
25,446,155,291,3668X,Sentient Robotics Club,Macau Artificial Intelligence Education Center,Macau
26,445,185,260,85556A,上海市鲁迅初级中学,上海市鲁迅初级中学,East China
27,440,175,265,839D,// Caution Tape Dill Pickled Ducks //,Caution Tape Robotics ////,Ontario
28,439,190,249,77717A,Vexal,Shanghai World Foreign Education Affiliated Baoshan Meilanhu Experimental School,East China
29,437,190,247,726A,Avenger,Baoshan Experimental School Affiliated to Shanghai Xingzhi Middle School,East China
30,436,201,235,252A,Ascend,I Wonder Nexus,Ontario
31,436,201,235,88299A,Science museum 1,Youth Science & Technology Center of Beijing Xicheng,North China
32,436,190,246,12242A,Warriors,Warriors,Alabama
33,432,208,224,99239X,Gao Xinxia,XI'AN GAOXIN NO. 1 MIDDLE SCHOOL,West China
34,432,167,265,2470Z,the Avocadoes,The Robot,New Jersey
35,432,162,270,27112B,Snow KING,Branch of Beijing Chen Jinglun Middle School,North China
36,429,186,243,45544K,Gao Xinxia,XI'AN GAOXIN NO. 1 MIDDLE SCHOOL South,West China
37,428,182,246,478C,Elevate-Zenith,Elevate Tech,Washington
38,427,201,226,27112A,Beijing Defend-and-Conquer Gold Team,Branch of Beijing Chen Jinglun Middle School,North China
39,426,221,205,9911X,9911X,Mech Studio,North China
40,426,190,236,5679A,Super Terrific Rhinobots,Davis Youth Robotics,California - North
41,426,146,280,8395A,//Caution Tape Avocado//,Caution Tape Toronto ////,Ontario
42,425,179,246,6177D,Pneumatic Krakens,Robotfun Academy,Massachusetts
43,420,201,219,286C,Hotpocket,Magikid Tustin,California - South
44,419,201,218,93601E,CHEESY APPLES,Shore,Australia
45,419,201,218,24250P,VEX Vikings Team Papa,BRENTWOOD MIDDLE SCHOOL,Tennessee
46,418,208,210,5571A,Mind Tacticians,Qingdao No. 26 Middle School,Middle China
47,416,168,248,45318B,Southwood StarBots,SOUTHWOOD MIDDLE SCHOOL,Florida - South
48,412,155,257,22280B,Sticky Rice,Livingston Robotics Club,New Jersey
49,409,201,208,3211H,∅[ИULL]∅,Diamond Bar Robotics,California - South
50,409,179,230,57772A,眉山市青少年活动中心,四川眉山市青少年活动中心,East China
51,409,154,255,2585A,Eggroll,2585,Massachusetts
52,406,149,257,839C,// Caution Tape Charlie //,Caution Tape Robotics ////,Ontario
53,405,190,215,95111C,To Be Excellent,Beijing Haidian District Renbei Experimental School,North China
54,405,126,279,6565N,Tech Interns,RoboPlanet Richmond 02,British Columbia (BC)
55,404,203,201,99280V,BL,BL,South China
56,404,166,238,84B,Timberline Tech Titans,TIMBERLINE MIDDLE SCHOOL,Washington
57,404,145,259,66799Y,AST-onishing Y,American School in Taichung,Chinese Taipei
58,402,201,201,99280W,BL-1,BL,South China
59,402,201,201,99280F,BL,BL,South China
60,402,128,274,20160H,GIANT,THCS LY TU TRONG,Vietnam
61,399,181,218,7342X,朱雀Plus队,Robot.X.Lab.JS,North China
62,399,201,198,6699G,OP Turtle,Taiwan Robotics Lab,Chinese Taipei
63,399,123,276,46032B,VEDAK Robotics,Creekside Middle School,Indiana - Region 2 - Central
64,398,190,208,3088R,Lotus Root,Tzu Chi Academy,California - South
65,397,168,229,9666F,上海市南洋模范初级中学,上海市南洋模范初级中学,East China
66,393,209,184,8588X,Tsingtao Bymax Team,QINGDAO GALAXY INTERNATIONAL SCHOOL,Middle China
67,392,144,248,3211G,The Scorpions,Diamond Bar Robotics,California - South
68,392,146,246,13789X,Tech Knights,AIMachine,Georgia
69,391,181,210,2876C,雷鸣,kb_group,North China
70,390,179,211,99239B,Gao Xinxia,XI'AN GAOXIN NO. 1 MIDDLE SCHOOL,West China
71,390,168,222,9911S,9911S,Mech Studio,North China
72,387,168,219,8666X,上海市浦东新区民办协和双语学校,上海浦东新区民办协和双语学校,East China
73,387,130,257,3567A,Techno Titans,AARobo,Georgia
74,386,167,219,78258A,H3O,Working On New Gizmos,Texas - Region 4
75,383,157,226,932S,Sapphire,北京市三帆中学,North China
76,383,128,255,127X,Spark XLNC,PACIFIC COAST ACADEMY,California - South
77,380,168,212,2205R,Cosmic Raiders,Robospark,Washington
78,380,170,210,95133F,Instant Noodles,San Jose STEM,California - North
79,379,167,212,49788A,The Devastators 2.0,Devastator 2.0,New Jersey
80,379,133,246,20259V,VIC-A80,THCS Cầu Giấy,Vietnam
81,378,201,177,66696X,66696X,chaonengshiyanshi,West China
82,375,112,263,10837R,Riptide,TechBlazers,Ontario
83,373,110,263,9933Y,Cybot-Lonosphere,Cybot Robotics Academy,British Columbia (BC)
84,372,135,237,12248A,FrogBotz,FrogBotz,Indiana - Region 2 - Central
85,371,171,200,6677N,ReSOLution,Dr. Player Robotic Lab . Nantou,Chinese Taipei
86,371,170,201,86995G,86995G,北京百博优能教育科技有限公司,North China
87,368,149,219,3722U,Quasar,The Frazer School,Florida - North/Central
88,368,99,269,921A,daxiaobao,Shanghai Soong Ching Ling School‌,East China
89,367,110,257,3383F,Amethyst,ORCHARD HILLS,California - South
90,366,165,201,8818M,Mercury,Roboplanet,British Columbia (BC)
91,365,164,201,22250C,Little Elephants,EL RANCHO CHARTER SCHOOL,California - South
92,365,164,201,99280D,BL,BL,South China
93,364,138,226,11110C,GJHS-Room Temperature,BARBARA AND HANK GREENSPUN JUNIOR HIGH SCHOOL,Nevada
94,363,123,240,276C,Robotex Ninjas,VEX Family Team Alliance-TEXAS,Texas - Region 5
95,362,157,205,7627X,7627X,Teacher He's Robot Studio,South China
96,362,112,250,21136A,Capybara,Magikid Highland Park,Texas - Region 2
97,360,135,225,78M,TrailBlazers,Trailblazer Robotics,Georgia
98,359,110,249,9698X,Apex Stars,北京未来源科技教育,North China
99,359,56,303,839B,// Caution Tape Beta //,Caution Tape Robotics ////,Ontario
100,357,111,246,78151N,Byting Bulldogs,Colonel Wheeler Middle School,Indiana - Region 1 - North
101,357,63,294,969A,STEMSTAR-King Arthur,International Department of the Second Affiliated High School of East China Normal University,East China
102,356,175,181,58852B,Shadowbots,Knox Robotic League,Tennessee
103,356,110,246,46032A,Atom Splicers,Creekside Middle School,Indiana - Region 2 - Central
104,354,135,219,47A,Fuzzy Logic,Evergreen Middle School PTSA,Washington
105,352,110,242,8269A,Jiuzhe,Shanghai Xincheng School,East China
106,348,128,220,30041B,BOTZILLA,LAKESIDE MIDDLE SCHOOL,Georgia
107,348,112,236,99254K,Gao Xinxia,XI'AN GAOXIN NO. 1 MIDDLE SCHOOL,West China
108,347,146,201,84A,Celestial,Timberline Middle School,Washington
109,347,128,219,63330Z,Zen,Future Sphere,New York-South
110,347,110,237,45318D,Southwood StarBots,SOUTHWOOD MIDDLE SCHOOL,Florida - South
111,346,110,236,19375B,IMSC Team B,Munsang College (Hong Kong Island),Hong Kong
112,345,144,201,65888Z,SRSSS,上海海阳机器人科技有限公司,East China
113,345,110,235,6177G,Ghostly Geckos,Robotfun Academy,Massachusetts
114,345,99,246,3383D,Spark,ORCHARD HILLS,California - South
115,344,117,227,27519A,Monarchs,GenInspired,North Carolina
116,343,135,208,46000A,Curious Coders,None,Pennsylvania - East
117,342,160,182,499A,bhyve,Johnson Robotics,Utah
118,341,112,229,12357Y,Beyond Infinity,Infinite Robotics,New York-South
119,341,112,229,2205B,The Four Musketeers,Robospark,Washington
120,340,121,219,60027B,Resovia Quantum Eagles,Zespół Szkolno-Przedszkolny nr 6 w Rzeszowie,Poland
121,340,110,230,5714G,Stingray,Edubot,California - South
122,339,171,168,58051V,杭州二中白马湖教育集团,杭州二中白马湖教育集团,East China
123,339,116,223,57775A,Chick-A-BOOMS,Northeast Robotics,Connecticut
124,339,110,229,6441B,STEM SQUAD Robotics (B),HOWARD D. MCMILLAN MIDDLE SCHOOL,Florida - South
125,339,110,229,29627Y,Maverick,Bixby Middle School,Oklahoma
126,338,119,219,2131B,AGHHHHHHHHHHHH,Kaysville Robotics Association,Utah
127,338,90,248,48251D,Sapphire D,SapphireLab,South Korea
128,337,123,214,593X,RoboHive,机械蜂巢,North China
129,336,110,226,17593V,Flying Bot CNX,Simzone Robotics by ECU=Shop,Thailand
130,336,88,248,45544A,Gao Xinxia,XI'AN GAOXIN NO.1 MIDDLE SCHOOL South,West China
131,335,110,225,7755B,Flaming boys,Shanghai Huimin Middle School,East China
132,335,110,225,10458A,BJ No.80八十中学 A,Beijing No.80 Middle school,North China
133,333,126,207,77766A,PantherBots,Pantherbots,Thailand
134,333,121,212,6177C,DeltaForce,Robotfun Academy,Massachusetts
135,333,121,212,60027A,Resovia Cyber Stars,Zespół Szkolno-Przedszkolny nr 6 w Rzeszowie,Poland
136,333,73,260,13863J,Resilience,Resilience,Vietnam
137,332,90,242,32901A,TaterBots,TaterBots,Tennessee
138,331,120,211,9233G,BASIS International School Shenzhen,BASIS International School Shenzhen,South China
139,331,112,219,14510Y,Fly Eagle,Mingdao high school,Chinese Taipei
140,331,91,240,1024G,"GearCats ""Generals""",FALL CREEK VALLEY MIDDLE SCHOOL,Indiana - Region 2 - Central
141,330,138,192,5868A,MECHABOTS,AR2 ROBOTICS,North Carolina
142,330,112,218,5556A,Hackers IQ,Hackers IQ,North Carolina
143,329,121,208,89984A,Mac G Bulldogs,Mackenzie Glen Public School,Ontario
144,328,127,201,478A,Elevate-Mocha Cookie Crumble,Elevate Tech,Washington
145,328,110,218,31668A,西安市曲江第一学校,西安市曲江第一学校,West China
146,328,110,218,952S,Ridgely Robotics,Ridgely Middle School,Maryland
147,327,119,208,18186A,QZ-A,Guangzhou No.7 Middle School,South China
148,326,69,257,48045A,IIS-Planetary Gears,I-Shou International School,Chinese Taipei
149,325,110,215,77806A,Cyborgs 2.0,BASIS AHWATUKEE,Arizona
150,324,122,202,30703A,Tidal Wave,Independent Team,California - North
151,324,114,210,55580E,Axobotl,Denla British School,Thailand
152,324,110,214,90418B,Tiki Techs,Horizon Jr High,Utah
153,323,115,208,2076E,Soggy Syntax,Knox Grammar School,Australia
154,323,82,241,4777X,RoboNinjas,Private,California - South
155,322,121,201,65165E,65165E,Qingdao MAX Lab,Middle China
156,321,140,181,89888A,Pindemonium,8 Forges Robotics,North Carolina
157,321,86,235,37311C,37311 Xterrabots,Independent Team,Tennessee
158,320,131,189,46032C,Medium Macs,Creekside Middle School,Indiana - Region 2 - Central
159,320,112,208,84W,Charged Creepers,TIMBERLINE MIDDLE SCHOOL,Washington
160,319,127,192,11686B,Burger Boys,NEW PALESTINE JR HIGH SCHOOL,Indiana - Region 2 - Central
161,319,118,201,29627W,Microsoft Support,Bixby Middle School,Oklahoma
162,319,110,209,6699C,Electric Bear,Taiwan Robotics Lab,Chinese Taipei
163,318,128,190,60141A,Waitara Sting Squad,Waitara Public School,Australia
164,318,110,208,10837T,Mix and Matched Potatoes,TechBlazers,Ontario
165,318,110,208,66785V,BASIS International School Wuhan,BASIS International School Wuhan,Middle China
166,318,110,208,85974G,Wa-Nee:  Gigawatts,NorthWood Middle School,Indiana - Region 1 - North
167,318,74,244,4270A,The Crusaders A,Saint Louis School,Hawaii
168,317,99,218,7755A,Sparking boys,Shanghai Yangjing Juyuan Experimental School,East China
169,316,127,189,55580G,Critical Hit,Denla British School,Thailand
170,316,119,197,84N,Circuit Breakers,TIMBERLINE MIDDLE SCHOOL,Washington
171,316,112,204,10700A,Lynx,Great Minds Robotics,California - South
172,316,91,225,5320X,Team X - Robostem,Team X,Indiana - Region 1 - North
173,315,80,235,929V,Hereford Zone Robotics,Hereford Middle School,Maryland
174,314,110,204,2613A,Paraducks,The Innovation Story,India
175,314,84,230,75263A,WarriorbotsJH,WOODLAN JR/SR HIGH SCHOOL,Indiana - Region 1 - North
176,313,112,201,994K,Kaleidoscope,Future Sphere Syosset,New York-South
177,313,112,201,9233V,BASIS International School Shenzhen,BASIS International School Shenzhen,South China
178,313,110,203,94888A,ACE,Lushan International Experimental School,Middle China
179,313,110,203,25425A,Knuckle Sandwich - Vengeance,Knuckle Sandwich,Alabama
180,313,110,203,3369P,Brownie Brittles,Irvine Robotics,California - South
181,313,110,203,90007A,Hydrobots,PAUL REVERE CHARTER MIDDLE,California - South
182,313,110,203,25812U,EDS - Dream works,Edison An Khánh,Vietnam
183,313,84,229,7192X,Tech Transformers,Mindfactory,India
184,312,128,184,3332E,EdgeWalker,Curious X-Lab,Chinese Taipei
185,311,121,190,20259E,SuperNova,20259E,Vietnam
186,311,110,201,38968H,EDS_Gravity,Edison Schools,Vietnam
187,311,110,201,16898V,Electronic Enigma,Davis Youth Robotics,California - North
188,311,110,201,31337A,The Nutria Rats,MOUNTAIN BROOK JUNIOR HIGH SCHOOL,Alabama
189,311,110,201,1087X,Steel Squadron,深圳立爱科技培训有限公司,South China
190,311,110,201,2999J,CLUTCH CREW,CodeLab,Thailand
191,311,110,201,24935A,EmojiBots Alpha,EmojiBots All,Thailand
192,311,86,225,45318A,Southwood StarBots,SOUTHWOOD MIDDLE SCHOOL,Florida - South
193,310,110,200,839G,// Caution Tape //,Caution Tape Robotics ////,Ontario
194,310,84,226,66888C,66888C,佛山市南海区石实实验学校,South China
195,309,84,225,55821C,Pintax Error,EAST RIDGE MIDDLE SCHOOL,Florida - North/Central
196,309,84,225,46032F,Super Mario Brobots,Creekside Middle School,Indiana - Region 2 - Central
197,307,99,208,80066B,Burning Brain,YaLi Tianxin Midddle School Of Changsha,Middle China
198,307,99,208,9686B,Valkyrja,XI'AN TIEYILUGANGZHONGXUE,West China
199,307,99,208,58766E,Gameboys,Omotec,India
200,306,116,190,1058A,The coders,Home,New York-South
201,305,88,217,30041C,Lakeside 30041 C,LAKESIDE MIDDLE SCHOOL,Georgia
202,304,73,231,3373A,Olliebots,"Shoreline Robotics of Northford, CT",Connecticut
203,304,84,220,90804Z,Decepticogs,Robo-Reboot,Indiana - Region 2 - Central
204,303,84,219,2114A,IntelliMeX,IntelliMechs,Tennessee
205,302,110,192,48495H,Brobots,Rovers Robotics,New Zealand
206,302,110,192,20698X,Maui Lani,Maui Lani,Hawaii
207,302,110,192,50013C,SKHHTCSS C,S.K.H. Holy Trinity Church Secondary School,Hong Kong
208,302,99,203,3088C,Lotus Seed,Tzu Chi Academy,California - South
209,302,84,218,2048A,LockDown,Elevations,Michigan
210,301,89,212,62153A,CMS1,Concordia Middle & High School,Chinese Taipei
211,301,84,217,5280B,Screaming Potatoes,SOARING HEIGHTS PK-8,Colorado
212,300,130,170,47979A,Pneumatics Beasts,Private Team,North Carolina
213,300,110,190,9964E,Greenwood Robodogs,GREENWOOD JUNIOR HIGH SCHOOL,Arkansas
214,300,110,190,21159E,CHAMPLANNING,北京外国语大学附属中学,North China
215,300,99,201,8866B,8866B,Shanghai Loushan Middle School,East China
216,300,47,253,47T,Vortex,EVERGREEN MIDDLE SCHOOL PTSA,Washington
217,299,98,201,2205J,The Legends,Robospark,Washington
218,298,62,236,4010S,◕CSAA◕ Something Super,CSAAFuture,Ontario
219,298,86,212,31337W,Womp Womp,MOUNTAIN BROOK JUNIOR HIGH SCHOOL,Alabama
220,296,179,117,45544X,Gao Xinxia,XI'AN GAOXIN NO. 1 MIDDLE SCHOOL South,West China
221,296,117,179,99280K,Yingyuehu,yingyuehu,South China
222,296,106,190,7531A,Quantum Stackers,Quantum Robotics,North Carolina
223,296,88,208,36363B,F-CREW,Trường THPT FPT Tây Hà Nội,Vietnam
224,296,84,212,12184Z,Delta,The Olympia Schools,Vietnam
225,295,86,209,91445E,Attack of the Sentinels,WILLIAM S GUY MIDDLE SCHOOL,Ohio
226,294,138,156,4851Y,Amazing-JAC,Guangzhou Yucai Primary School,South China
227,294,102,192,28134G,O.R.C.A.,Otwell Middle School,Georgia
228,294,93,201,2549A,Frappuccino Frogs,Private / Independent Team,California - South
229,294,91,203,1025A,Penguin Robotics,The Yang Family,Alabama
230,294,84,210,30041A,Lakeside Avail Bots,LAKESIDE MIDDLE SCHOOL,Georgia
231,294,73,221,1140D,Discobots Canada,XM Robotics,Ontario
232,293,58,235,3211A,Last Pin Standing,Diamond Bar Robotics,California - South
233,293,84,209,10700Z,Fluffy Bunny,Great Minds Robotics,California - South
234,292,91,201,62569A,VSP-01,VANKE SCHOOL PUDONG,East China
235,292,84,208,2205C,Goofy Tangerines,Robospark,Washington
236,292,84,208,6441A,STEM SQUAD Robotics (A),HOWARD D. MCMILLAN MIDDLE SCHOOL,Florida - South
237,292,67,225,2623S,Super Saiyan,Island Robotics,Hawaii
238,291,27,264,422A,Kengineers,WEST POINT JR HIGH,Utah
239,290,110,180,4815A,CPC Robotics A,WEO Chang Pui Chung Memorial School,Hong Kong
240,290,110,180,13765C,MTS_OMN1,Merchant Taylors' School,United Kingdom
241,290,89,201,8877S,8877S,MingZhu primary school,East China
242,289,70,219,7323W,Storm Breakers,experimental school affiliated to Shanghai west south Wei Yu middle school,East China
243,289,98,191,1909C,CHESSTRONICS GEARMATES,Chesstronics Academy (CODE-CREATE-CHECKMATE),Georgia
244,289,87,202,66799C,AST-onishing C,American School in Taichung,Chinese Taipei
245,289,84,205,11030A,Robotech Acceleration,Robotech Educational Services Inc.,New Jersey
246,288,87,201,2831D,Electric Eagles,South Forsyth Middle School,Georgia
247,288,80,208,17947A,The Vulcans,Homegrown,Texas - Region 3
248,288,80,208,794B,RobotiX Institute,RobotiX Institute,Tennessee
249,288,73,215,11686R,Buccaneers,NEW PALESTINE JR HIGH SCHOOL,Indiana - Region 2 - Central
250,287,99,188,36409A,Potato Strike Force: Rebaked,MEAD MIDDLE SCHOOL,Colorado
251,287,86,201,5813H,Hammerhead Sharks,SHORELINE JUNIOR HIGH,Utah
252,287,69,218,4815B,CPC Robotics B,WEO Chang Pui Chung Memorial School,Hong Kong
253,287,69,218,3369B,Over Drive,Irvine Robotics,California - South
254,286,106,180,8666A,8666A,上海市第五十二中学地址,East China
255,286,74,212,183A,Harry Botter,Private Team,Virginia
256,286,68,218,3078B,Tri-North Robotics,Tri-North Middle School,Indiana - Region 3 - South
257,285,112,173,3211E,The Fireworks that Don't Work,Diamond Bar Robotics,California - South
258,285,84,201,46168A,Adenosine Triphosphate,PYRE Robotics,Indiana - Region 2 - Central
259,285,84,201,94605A,Max IQ,SJPF Robotics,North Dakota
260,285,84,201,478S,Elevate-SuperBots,Elevate Tech,Washington
261,285,84,201,86752A,Crazy Minions,Amanda Peng,New Brunswick/Nova Scotia/Prince Edward Island
262,284,91,193,82717K,BotBusters,SAGE VALLEY JUNIOR HIGH SCHOOL,Wyoming
263,284,87,197,1065C,Ctrl-Alt-Elite,Lanier Middle School,Texas - Region 3
264,284,77,207,36409C,Techno Ducks,MEAD MIDDLE SCHOOL,Colorado
265,284,37,247,78X,TrailBlazers,Trailblazer Robotics,Georgia
266,283,98,185,31614C,Robo Rizzlers,MAURINE CAIN MIDDLE,Texas - Region 2
267,283,80,203,54667C,Norse Force,Westby Middle School,Wisconsin
268,282,2,280,45544B,Gao Xinxia,XI'AN GAOXIN NO.1 MIDDLE SCHOOL South,West China
269,281,84,197,1065B,Team Tinted,Lanier Middle School,Texas - Region 3
270,281,84,197,47201A,Blitz Botz,CENTRAL MIDDLE SCHOOL,Indiana - Region 3 - South
271,281,80,201,77021D,Stealers,"City of Riihimaki, Harjunrinteen koulu",Finland
272,281,73,208,10515B,Phantoms,J WILLIAM FULBRIGHT JUNIOR HIGH SCHOOL,Arkansas
273,281,73,208,40436A,40436A,Beijing Jiao Tong University Affiliated High School,North China
274,280,98,182,66990Z,Elite,Dr. Player Robotic Lab . Taichung,Chinese Taipei
275,280,88,192,33330A,OSIRIS OPERATORS,STEM AI,Egypt
276,278,99,179,2285D,Ghostbots,DC,Texas - Region 5
277,278,88,190,10458C,BJ No.80八十中学 C,Beijing No.80 Middle school,North China
278,278,84,194,11551X,Team Mango,BASIS INDEPENDENT SILICON VALLEY,California - North
279,276,91,185,6611V,Universe,Dr.player robotics lab Zhubei,Chinese Taipei
280,276,84,192,52111A,Invictus,Investigator College,Australia
281,276,84,192,994J,Juggernauts,Future Sphere Syosset,New York-South
282,276,84,192,91108B,Mango,SAN MARINO ROBOTICS LAB,California - South
283,276,75,201,49110X,✧(๑•̀ㅂ•́)و✧EACH✧//Practice//,Create Minds,South China
284,275,110,165,9937A,Dragon Slayers,Watchung-Millburn Robotics ,New Jersey
285,275,91,184,37837B,The Bad Batch,Dark Side Robotics,Colorado
286,274,98,176,31614F,Mech Mavericks,MAURINE CAIN MIDDLE,Texas - Region 2
287,274,110,164,80066G,Golden Brain,CHANGJUN BILINGUAL SCHOOL,Middle China
288,274,86,188,48952F,BEST-OWLS,BEST-Sabel Bildungseinrichtungen gGmbH,Germany
289,274,84,190,2205E,The Void,Robospark,Washington
290,274,84,190,9261A,Botato Chips,Ro-Ro-Ro your Bot,California - North
291,273,110,163,55566X,A计划2队,Plan A Technology Growth Center,Middle China
292,272,90,182,3211D,Team and,Diamond Bar Robotics,California - South
293,272,75,197,184A,Override,Timberline Middle School,Washington
294,272,42,230,3287A,Crazy Lemon,Shanghai International Studies University Songjiang Foreign Language School,East China
295,271,100,171,74306A,Caulfield Grammar Wheelers Middle,Caulfield Grammar School wheelers hill,Australia
296,271,84,187,8432B,V Cube,JMJ Robotics,Arizona
297,271,59,212,54037F,The Milky Ways,The Canadian International School Guangzhou,South China
298,270,84,186,80821C,Low Expectations,ETOWAH MIDDLE SCHOOL,Alabama
299,270,80,190,478E,Elevate-Evade EGO,Elevate Tech,Washington
300,270,80,190,770Z,Re-imagine Robotics Zero Gravity,Re-imagine Robotics,Georgia
301,270,80,190,16885A,Robotic Monkeys,Independent Team,South Carolina
302,270,62,208,48495B,Owls,Rovers Robotics,New Zealand
303,268,120,148,91416Y,Why Not,Wahoo Robotics (Saunders Catholic Schools & Wahoo Public Schools),Nebraska
304,267,36,231,78N,TrailBlazers,Trailblazer Robotics,Georgia
305,266,112,154,5004W,MechaCoding W,MechaCoding Academy,South Korea
306,266,84,182,44844K,Synergy,Neenah Middle School,Wisconsin
307,266,2,264,87660A,The Rotten Omelettes,FS Education Brooklyn,New York-South
308,265,110,155,583A,RoboHive,RoboHive,North China
309,265,84,181,7192Y,Fusion Bots,Mindfactory,India
310,263,73,190,8865S,Blitz Bots,School of STEM,India
311,262,110,152,1715X,CyberX,Hopkinton Middle School,Massachusetts
312,261,118,143,8882C,KMYLS,Kwong Ming Ying Loi School,Hong Kong
313,261,84,177,93558B,The Giant Debras and the Little Debbie,REEDS SPRING INTERMEDIATE,Missouri
314,261,60,201,66777A,66777A,北京昇元信奥国际教育科技有限公司,North China
315,260,90,170,10452E,Minebots,Haslett Robotics Club,Michigan
316,260,86,174,74801F,THE GOATS,WESTWOOD MIDDLE SCHOOL,Florida - North/Central
317,259,84,175,40101Z,Chaos Penguins,Mountain View Junior High School,Utah
318,258,91,167,6655S,SHL,Dr.player robotics lab Taipei,Chinese Taipei
319,256,4,252,50491F,fizzybizzydizzy,GATEWAY SCIENCE ACADEMY OF ST. LOUIS - MIDDLE,Missouri
320,255,98,157,50013A,SKHHTCSS A,SKH Holy Trinity Secondary School,Hong Kong
321,255,84,171,48251N,Sapphire Islander,SapphireLab,South Korea
322,255,84,171,3182A,MustardSeeds,Lexington STEM Robotics Inc.,Kentucky
323,255,84,171,84V,Fiery Phoenix,TIMBERLINE MIDDLE SCHOOL,Washington
324,255,70,185,67899A,Crazy Raccoon,PU TAI JUNIOR HIGH SCHOOL,Chinese Taipei
325,255,52,203,3030A,Biscuit Robotics A,Biscuit Robotics,Texas - Region 3
326,255,48,207,39920A,AT-AT,Chasewood Learning,Illinois
327,255,36,219,3722X,Uprising,The Frazer School,Florida - North/Central
328,254,80,174,27493X,Cerberus,Independent Team,United Kingdom
329,254,17,237,40436B,40436B,Beijing Jiao Tong University Affiliated High School,North China
330,253,101,152,2205Z,TriloBytes,Robospark,Washington
331,253,41,212,15167B,WHOLE LOTTA RED,Brighton College Vietnam,Vietnam
332,253,7,246,7772A,Strikers,JOHN F. KENNEDY MIDDLE,California - North
333,253,7,246,9408A,Alpha,BC Technology Consulting INC,New York-South
334,252,112,140,5004A,MechaCoding A,MechaCoding Academy,South Korea
335,252,62,190,14335X,XYZ,International School Manila,Philippines
336,251,87,164,94115B,BeQuickly,Private Sanko Schools,Türkiye
337,251,14,237,12357X,Beyond Infinity,Infinite Robotics,New York-South
338,250,125,125,1729W,Wikipedia,International Robotics Academy,Kazakhstan
339,250,110,140,55580A,Cactus Jr.,Denla British School,Thailand
340,250,86,164,17760H,Warrior Chickens,Capitol City Robotics,District of Columbia
341,250,84,166,1418Z,Maverick,The Robot Room,Nebraska
342,250,84,166,31655A,Brain Bots,North Country Robotics,New York-North
343,250,84,166,31097B,TBD,Drake Junior High School,Colorado
344,250,53,197,836A,RoboBees A,growingSTEMS,Maryland
345,249,75,174,1705A,PF Robotics,PF Robotics,Ontario
346,249,84,165,605A,Lightrix,Braden River Middle School,Florida - North/Central
347,248,84,164,4526A,CyberJags,Wilmington Mid Sci Tech Engr Arts Math Magnet,California - South
348,248,84,164,2205D,Pinators,Robospark,Washington
349,248,84,164,10698C,Red Lightning C,MAUI WAENA INTERMEDIATE SCHOOL,Hawaii
350,248,84,164,36075C,5 IQ,private residence,California - North
351,248,84,164,84E,The Good Vibes Tribe,TIMBERLINE MIDDLE SCHOOL,Washington
352,248,80,168,76782A,High Voltage,High Voltage Robotics,West Virginia
353,247,109,138,25425C,Knuckle Sandwich - Velocirabbits,"Knuckle Sandwich Robotics, Inc.",Alabama
354,246,96,150,61317X,JPII S.H.I.E.L.D. Robotics,JOHN PAUL II CATHOLIC SCHOOL,South Carolina
355,246,69,177,1079A,DragonFire Dominators,Vexplorers,Washington
356,246,66,180,595Y,Croissants,Vexkan Robotics Club,Alberta/Saskatchewan
357,245,116,129,83221C,CWN,ClickRobot Central Chaengwattana,Thailand
358,245,96,149,80707B,Dashen,Sidun Edu,South China
359,245,16,229,49842A,1000 IQ,Quantum Robotics,California - North
360,245,55,190,2662A,qwerty.,Lexington Qwerty Robotics,Massachusetts
361,245,2,243,6333B,GX-Zero Zone Raiders,Gaiax,Singapore
362,244,80,164,6210X,HCS: Xtreme Team,Heritage Christian School,Indiana - Region 2 - Central
363,244,9,235,9698A,Apex Stars,北京未来源教育,North China
364,244,14,230,12389U,Vĩnh Trại,Trường THCS Vĩnh Trại,Vietnam
365,243,99,144,11686X,Bounty Hunters,NEW PALESTINE JR HIGH SCHOOL,Indiana - Region 2 - Central
366,243,73,170,184E,Steel Wolves,Timberline Middle School,Washington
367,243,72,171,18386F,Robo Tigers,PRINCETON MIDDLE SCHOOL,West Virginia
368,242,123,119,9027D,园岭穿插队,Yuen Ling Primary School,South China
369,242,88,154,22250A,Cookie Monsters,El Rancho Charter School,California - South
370,241,62,179,7737A,The Storms,Peninsula Robotics,California - North
371,241,62,179,2909M,The Quantam Quokkas,NextGen RoboMinds,Georgia
372,241,52,189,8676C,BLACK TEMPEST,CHINGSHIN ACADEMY,Chinese Taipei
373,240,110,130,50901B,FSS509,Fukien Secondary School,Hong Kong
374,240,0,240,45544Z,Gao Xinxia,XI'AN GAOXIN NO. 1 MIDDLE SCHOOL South,West China
375,240,0,240,921B,LitteFIshB,Shanghai Pinghe Bilingual School,East China
376,239,105,134,6174B,Hightower Trail Advanced Robotics Projects Agency,HIGHTOWER TRAIL MIDDLE SCHOOL,Georgia
377,239,99,140,50901A,FSS509,Fukien Secondary School,Hong Kong
378,239,86,153,8757X,STEAM-ED Robotics X,STEAM-ED Robotics Tauranga,New Zealand
379,239,65,174,88855A,VEX Ninjas,Vex Ninjas,United Kingdom
380,239,38,201,9078D,The Goats,GRIFFITHS (GORDON) MIDDLE,California - South
381,239,24,215,63330C,ChuckleNuts,Future Sphere,New York-South
382,239,2,237,33898D,FSC BG 04,"Trường tiểu học, THCS & THPT FPT Bắc Giang",Vietnam
383,238,72,166,67294B,First Class,Schroeder Middle School,North Dakota
384,238,68,170,10452Y,Quack Macs,Haslett Robotics Club,Michigan
385,238,14,224,4250S,Da Florks,MuYv Robotics Consulting,New Zealand
386,237,99,138,80666A,深藏blue,Robo Hive,Middle China
387,237,73,164,26277E,United Robotics,HOOD RIVER MIDDLE SCHOOL,Oregon
388,237,58,179,19375C,IMSC Team C,Munsang College (Hong Kong Island),Hong Kong
389,237,53,184,74300V,Just Symmetrical,International Bilingual School at Hsinchu-Science-Park,Chinese Taipei
390,237,36,201,2529B,Clay Trojan Robotics,CLAY MIDDLE SCHOOL,Indiana - Region 2 - Central
391,237,25,212,7966R,Red Dragon,Anji Road Education Group Xintiandi Experimental School,East China
392,236,53,183,74756C,Mythri-Equinox,Mythri Stem Academy,Nevada
393,236,28,208,2625D,Meta Geeks,Geeks Robotics,North Carolina
394,235,61,174,3168V,Awesome Robot,Skywalker Robotics,New Zealand
395,234,110,124,9233C,BASIS International School Shenzhen,BASIS International School Shenzhen,South China
396,234,84,150,2737F,Bunnybots,Magikid Robotics Lab Redmond,Washington
397,234,42,192,45588A,Fantastic 4,Private,California - North
398,234,16,218,46032N,SCHEMA Robotics,Creekside Middle School,Indiana - Region 2 - Central
399,233,62,171,29627F,Pinsanity,Bixby Middle School,Oklahoma
400,233,14,219,5813P,Pyjama Sharks,SHORELINE JUNIOR HIGH,Utah
401,233,7,226,10515C,Chromatic Pack,J WILLIAM FULBRIGHT JUNIOR HIGH SCHOOL,Arkansas
402,232,99,133,46032J,TechCATS,Creekside Middle School,Indiana - Region 2 - Central
403,231,91,140,3383E,Robohawks - Embers,ORCHARD HILLS,California - South
404,231,28,203,5004B,MechaCoding B,MechaCoding Academy,South Korea
405,231,28,203,1729R,Republican Army,International Robotics Academy,Kazakhstan
406,231,2,229,47747V,WASS - ITEAM,Western Australian School System,Vietnam
407,230,59,171,61071B,İLTER,Küçükçekmece Belediyesi Bilgi Evleri ve Çocuk Üniversitesi,Türkiye
408,229,84,145,490A,Ege Robotics,Ege Robotics,Türkiye
409,229,69,160,3722Y,Demolition,The Frazer School,Florida - North/Central
410,228,64,164,37D,Triple Threat,Cranbrook Schools,Michigan
411,228,36,192,95129B,LaZer BotZ,JOHN MUIR ELEMENTARY & JOAQUIN MILLER MIDDLE ROBOTICS CLUB,California - North
412,227,102,125,1901B,Notre Dame's Tech Titans,NOTRE DAME CATHOLIC SCHOOL,Texas - Region 4
413,227,64,163,39401A,Penguin-eers,"Pine Belt Robotics Academy and Enrichment Center, LLC",Mississippi
414,227,43,184,30041F,Lakeside 30041 F,LAKESIDE MIDDLE SCHOOL,Georgia
415,226,36,190,6177E,Electrified Eels,Robotfun Academy,Massachusetts
416,226,36,190,29627T,The Pin Heads,Bixby Middle School,Oklahoma
417,226,36,190,46032E,Minion Mechanics,Creekside Middle School,Indiana - Region 2 - Central
418,225,110,115,22280C,Titanium Dynamo,Livingston Robotics Club,New Jersey
419,225,84,141,57101C,iBot Chiangrai A,iBot Academy Chiangrai ,Thailand
420,225,79,146,5567A,Stemosaurus,Independent,California - North
421,225,18,207,2831F,Electric Eagles E,South Forsyth Middle School,Georgia
422,225,24,201,31337B,Blue Wolves Robotics,MOUNTAIN BROOK JUNIOR HIGH SCHOOL,Alabama
423,225,14,211,39920B,Citizens of WRO,Chasewood Learning,Illinois
424,225,9,216,86899A,Caffeinated Nuts,Expansion Core,New York-South
425,224,106,118,166V,SZSY//EACH ROBOTICS//,SHENZHEN EXPERIMENTAL SCHOOL,South China
426,224,58,166,44844E,Viscosity,Neenah Middle School,Wisconsin
427,224,56,168,8226A,TACOBOTIX,Private Group,Florida - South
428,224,34,190,77806B,Terminators,BASIS AHWATUKEE,Arizona
429,224,34,190,77732B,MSLR Robotics,MSLR ROBOTICS,Indiana - Region 1 - North
430,224,21,203,5813V,Leviathans,SHORELINE JUNIOR HIGH,Utah
431,223,99,124,1311A,西安曲江德闳学校,西安曲江德闳学校,West China
432,223,64,159,639A,Ithaca A,Ithaca City School District,New York-North
433,222,114,108,81856Y,Alyasmeen eagles ,IBNROSHD_ALYASMEEN_BOYS,Saudi Arabia
434,222,110,112,10458B,Beijing No.80 Middle School 10458B,Beijing No.80 Middle school,North China
435,222,110,112,93557A,TSQ,FusionBot,New York-South
436,222,110,112,85974A,Wa-Nee: (Something) Bots,NorthWood Middle School,Indiana - Region 1 - North
437,222,56,166,63273A,Robo Rangers,Robo Rangers,Illinois
438,222,17,205,47N,Fusion,EVERGREEN MIDDLE SCHOOL PTSA,Washington
439,222,14,208,6020X,MeiSha Robo Advancer,梅沙机甲学院,South China
440,221,90,131,10452J,Robotic Racoons,Haslett Robotics Club,Michigan
441,221,56,165,33566A,星创编程,星创编程,South China
442,221,2,219,74756B,Mythri-Valkyrie ,Mythri Stem Academy,Nevada
443,221,2,219,55580C,Cha Thai,Denla British School,Thailand
444,220,84,136,47400J,Sputnik,Private Team,Florida - South
445,220,84,136,82419A,Beyond Robotics,Beyond Code Academy,Thailand
446,220,17,203,5772A,ARMAGEDDON,THE ARM BOTS,North Carolina
447,220,17,203,70444B,RoboFins,DOWNTOWN DORAL CHARTER UPPER SCHOOL,Florida - South
448,219,219,0,9911A,Cyber-X,Mech Lab.Kabba,North China
449,219,64,155,78151C,Byting Bulldogs,COLONEL JOHN WHEELER MIDDLE SCHOOL,Indiana - Region 1 - North
450,219,14,205,3383B,Speed Stackers,ORCHARD HILLS,California - South
451,219,7,212,240A,TrailBlazers,Trailblazer Robotics Central Forsyth Branch,Georgia
452,219,18,201,22331W,Willy,Willy Robotics Academy,Egypt
453,219,0,219,30666A,西安市曲江第二学校,西安市曲江第二学校,West China
454,218,99,119,166A,SZSY Team1,SHENZHEN EXPERIMENTAL SCHOOL,South China
455,218,91,127,7755R,Future Soldier ZXW,Experimental Junior High School Affiliated to University of Shanghai for Science and Technology,East China
456,218,91,127,9333X,F1,Futurum Academy Malaysia,Malaysia
457,218,86,132,8128Y,1 out of 10 ain't all bad,LAMP Robotics Community Outreach,Alabama
458,218,84,134,11323C,RoboForce!,Howard Bishop Middle School,Florida - North/Central
459,218,84,134,4211A,Unsupervised,MakerWorks Lab,India
460,218,69,149,81880A,FutureTech Four,Sunflower,Texas - Region 3
461,218,63,155,59852B,Tesla 2.0,Centro de Capacitación Nikola Tesla,Paraguay
462,218,27,191,3722H,InnoTech,The Frazer School,Florida - North/Central
463,218,2,216,93557B,Apollo-11,FusionBot,New York-South
464,217,79,138,70484D,Blazing Dragons,Independent Team,Virginia
465,217,73,144,2529C,OVERTURN,CLAY MIDDLE SCHOOL,Indiana - Region 2 - Central
466,217,58,159,3150X,Vex-Wings,Independent Team,Georgia
467,216,48,168,31337E,The Big Cheese,MOUNTAIN BROOK JUNIOR HIGH SCHOOL,Alabama
468,216,24,192,2626T,SLG Primermelons,ST FRANCIS XAVIER Middle SCHOOL,Wisconsin
469,216,19,197,22250B,Clankers,El RANCHO CHARTER SCHOOL,California - South
470,215,52,163,593A,RoboHive,机械蜂巢,North China
471,215,49,166,28B,CornBalls,Robot Revolution,New Jersey
472,215,18,197,23761A,AMS_CT Robotics,Avon Middle School,Connecticut
473,215,25,190,6114A,Techno Turtles,HIren VIroja,South Carolina
474,215,9,206,17035D,PlatyPi,LIBERTY PARK MIDDLE SCHOOL,Alabama
475,215,7,208,2034V,✧(๑•̀ㅂ•́)و✧EACH✧//Victory^_^&//,Shenzhen Science Museum EACH-ROBOTICS,South China
476,215,7,208,16088A,Void Breaker,seeds academy,California - South
477,214,80,134,95014S,Shrimp Fried Rice,STEM Cupertino,California - North
478,214,84,130,8855Z,二维码,赋能教育,North China
479,214,24,190,79755A,RoboTitans,ZŠ Na Valech,Czech Republic
480,214,17,197,13251D,FK1SS Team D,Fung Kai No.1 Secondary School,Hong Kong
481,214,2,212,80100A,Giant Salamander,左京区岩倉幡枝町2109-2,Japan
482,213,96,117,9027A,园岭先遣队,Yuen Ling Primary School,South China
483,213,73,140,13675B,13675B,QongWolf Studio,South China
484,213,65,148,42999Z,RedKids,Tedem Koleji,Türkiye
485,213,36,177,61868X,CyberVex,STEAM Azerbaijan,Azerbaijan
486,213,34,179,240E,TrailBlazers,Trailblazer Robotics Central Forsyth Branch,Georgia
487,213,18,195,2205X,xCalibur,Robospark,Washington
488,213,2,211,30706A,Mangonators,THE OUT-OF-DOOR ACADEMY,Florida - North/Central
489,212,88,124,72486A,Dark Logic Robotics,Dark Logic Robotics,Alabama
490,212,74,138,42999A,Little Warriors,Tedem Koleji,Türkiye
491,212,11,201,5255G,DragonBots,Somerset Oaks Leadership and Innovation,Florida - South
492,211,21,190,1065D,LanierBot,Lanier Middle School,Texas - Region 3
493,211,62,149,11263X,Los Bros,Sunset Middle School,Colorado
494,210,104,106,11471B,Blitz Botz,LaSalle Preparatory School,New York-North
495,210,0,210,3050Y,Unknown ,LA Robo Lab,California - South
496,210,0,210,26888A,Houston Dragon Academy -A,Houston Dragon Academy,Texas - Region 3
497,210,2,208,4079B,Better Geeks,Private team,North Carolina
498,210,2,208,2999H,Double Brother,CodeLab,Thailand
499,210,0,210,8866X,8866X,Shanghai Weiyu Junior High School,East China
500,209,102,107,89275B,Team Invincible,THE R CHILD STEAM Center,New Jersey
501,209,99,110,31666A,西安铁一中陆港初级中学,西安国际港务区铁一中陆港初级中学,West China
502,209,60,149,6884G,Grand Adventurers,Timber Run Robotics,Indiana - Region 2 - Central
503,208,84,124,5408B,小哈機器人,小哈機器人 HaRobot,Chinese Taipei
504,208,84,124,836B,RoboBees B,growingSTEMS,Maryland
505,208,7,201,2205F,Teal Spacers,Robospark,Washington
506,208,7,201,70348J,DRAGON WARRIORS 2,"FPT Primary and Secondary School Da Nang, Vietnam",Vietnam
507,208,0,208,9977A,QWX战队,Shanghai Zhabei No. 8 Middle School,East China
508,208,0,208,2502C,Haile Storm Charlie Brown,CARLOS E. HAILE MIDDLE SCHOOL,Florida - North/Central
509,208,7,201,47M,Gear Grinders,Evergreen Middle School PTSA,Washington
510,208,17,191,839E,// Caution Tape //,Caution Tape Robotics ////,Ontario
511,208,16,192,7144T,Tames Jucker,MILLBURN MIDDLE SCHOOL,New Jersey
512,208,0,208,61666H,61666H,Ustar STEM Lab,California - North
513,208,0,208,65519B,CL_NovaX,CHI LANG HIGH SCHOOL,Vietnam
514,208,0,208,78151D,Byting Bulldogs,Colonel Wheeler Middle School,Indiana - Region 1 - North
515,208,0,208,48495C,Cats Wearing Caps,Rovers Robotics,New Zealand
516,208,0,208,7577A,VEX-XG7755,上海市民办凯慧中学,East China
517,208,0,208,61823B,Phoenix Robot Chenjiaci-B,Phoenix Robot Chenjiaci Compus,South China
518,208,0,208,33898B,FSC BG 02,"Trường tiểu học, THCS & THPT FPT Bắc Giang",Vietnam
519,207,90,117,64883A,University School Sharks Robotics,Nsu University School,Florida - South
520,207,36,171,26194M,TechnoLions Blue,Leo Elementary School,Indiana - Region 1 - North
521,206,81,125,99661X,领者精英,Future Leader Robot Club,North China
522,206,36,170,27115A,Beijing JT-IQ交大附中1队,The High School Attached to Beijing Jiaotong University,North China
523,206,28,178,7226B,CKJH2,Taichung Municipal Cheng-Kong Junior High School,Chinese Taipei
524,206,24,182,12430Y,12430Y,人大附中深圳学校,South China
525,206,14,192,670A,Kabosu,DOHSCHOOL,Japan
526,205,86,119,2205H,RoboRaptors,Robospark,Washington
527,205,75,130,3383A,Bots and Bows,ORCHARD HILLS,California - South
528,205,54,151,9137A,The Other Team,Explorations Robotics Club,Pennsylvania - East
529,205,14,191,93946A,GLMS Navy,GORDON LEE MIDDLE SCHOOL,Georgia
530,205,2,203,8560G,"AXIOMATICS  ""OG""",AXIOMICS,Georgia
531,205,4,201,92640A,HUNTERS ROBOTICS JUNIOR,KORPUS ROBOTIC,Türkiye
532,205,23,182,16899A,柴藝不凡,嘉義柴林創意機器人,Chinese Taipei
533,205,2,203,1729U,Uphoria,International Robotics Academy,Kazakhstan
534,204,14,190,2420A,The Roaring Lions,EFK Las Vegas,Nevada
535,204,62,142,29627X,Time Travelers,Bixby Middle School,Oklahoma
536,204,14,190,67867A,Automation Alliance,Automation Alliance,Texas - Region 3
537,204,14,190,2502A,Haile Storm Apollo,CARLOS E. HAILE MIDDLE SCHOOL,Florida - North/Central
538,204,14,190,36832F,VEXlociraptors,AUBURN JUNIOR HIGH SCHOOL,Alabama
539,204,7,197,91311A,How Much Is Too Much?,Ernest Lawrence Middle School,California - South
540,203,98,105,1605W,Mechanical Mavericks,Mechanical Mavericks,Minnesota
541,203,86,117,80020B,All Star Pickles,Rocky Robotiqs,Colorado
542,203,66,137,19601A,TVEX,The Benjamin School,Florida - South
543,203,2,201,11323E,4 Musketeers,Howard W. Bishop Middle School,Florida - North/Central
544,203,0,203,2822S,Uppie Guppies,STAUFFER (MARY R.) MIDDLE,California - South
545,203,0,203,6020A,MeiSha Robo Advancer,MeiSha Education,South China
546,203,0,203,8555B,花城飓风队,北京市丰台区乐万博教育科技有限公司,North China
547,203,2,201,7144B,AI Generated,MILLBURN MIDDLE SCHOOL,New Jersey
548,203,0,203,65519W,CL_WarHeilos,CHI LANG HIGH SCHOOL,Vietnam
549,203,2,201,12184E,FschoolCG San Hô Trắng,FPT Primary And Secondary School,Vietnam
550,203,0,203,61666F,Soda Pop,Ustar STEM Lab,California - North
551,203,0,203,46032G,KA^3LE Robotics,Creekside Middle School,Indiana - Region 2 - Central
552,203,2,201,22222A,YoonPark,LogandSteam,South Korea
553,203,2,201,68702A,Kimchi,QSI Quality Schools International,South China
554,203,2,201,10515A,Kraken,J WILLIAM FULBRIGHT JUNIOR HIGH SCHOOL,Arkansas
555,203,0,203,10698D,Red Lightning D,MAUI WAENA INTERMEDIATE SCHOOL,Hawaii
556,203,0,203,96933A,Gladiators,四川天府新区华阳中学附属学校,West China
557,202,90,112,64883X,University School Sharks Robotics,Nsu University School,Florida - South
558,202,84,118,71642A,Pablo357,Szkoła Podstawowa nr 357 im. Mikołaja Kopernika,Poland
559,202,73,129,23761B,AMS_CT Robotics,Avon Middle School,Connecticut
560,202,20,182,1052T,The Sloth Squad,深圳市百外世纪小学,South China
561,201,91,110,22320A,CyberGrizzlies,United School of Panama,Panama
562,201,64,137,79089E,Del Webb Robotics,DEL E WEBB MIDDLE SCHOOL,Nevada
563,201,0,201,17035A,The Time Paradox,LIBERTY PARK MIDDLE SCHOOL,Alabama
564,201,11,190,2500A,Gambit,Playideas Inc.,New York-South
565,201,0,201,6020Y,MeiSha Robo Advancer,梅沙机甲学院,South China
566,201,0,201,8366C,小小怪C,金水区纬五路第二小学(明鸿校区),Middle China
567,201,0,201,61823A,Phoenix Robot Chenjiaci-A,Phoenix Robot Chenjiaci Compus,South China
568,201,0,201,16088B,Cheer88+,seeds academy,California - South
569,200,86,114,84732C,Night Hawks,Ad Astra Robotics Club,Kansas
570,200,68,132,14180A,The Minotaurs,PETER F ALBA MIDDLE SCHOOL,Alabama
571,200,60,140,349X,Liv·e: Star Vex,LIV Koleji,Türkiye
572,200,50,150,14323E,The eleMental,FAIRBANKS MIDDLE SCHOOL,Ohio
573,200,19,181,2810S,Unigonbot,2810S Unigonbot,Japan
574,199,69,130,55580B,Blockade Brigade,Denla British School,Thailand
575,199,65,134,82908K,YCSY,广州市育才中学,South China
576,199,34,165,44100D,CR Dunkaroos,CRESTVIEW MIDDLE SCHOOL,Ohio
577,199,28,171,11323A,DB5,HOWARD W. BISHOP MIDDLE SCHOOL,Florida - North/Central
578,199,7,192,55712Z,Colt Squadron,Lawrence & Heidi Canarelli Middle School,Nevada
579,199,2,197,952T,Ridgely Robotics,Ridgely Middle School,Maryland
580,198,74,124,58387A,Mustang Monarchy,HUGO A OWENS MIDDLE,Virginia
581,198,24,174,4110T,Triple Threat,All Things CAP Inc.,Florida - North/Central
582,198,1,197,929S,Hereford Zone Robotics,Hereford Middle School,Maryland
583,198,0,198,62822T,Na Hang 22,Trường THCS thị trấn Na Hang,Vietnam
584,197,7,190,58766F,Krakein-Pinion,Omotec,India
585,197,28,169,126Z,GSI Robotics,GSI Robotics,Mexico
586,197,0,197,1021D,Ten Ton Robotics,West Vancouver Schools,British Columbia (BC)
587,197,0,197,127F,Flock of Eagles,PACIFIC COAST ACADEMY,California - South
588,196,66,130,4426C,Gear Guys,Future Innovators of Vienna,Virginia
589,196,63,133,7716B,北京中学,Beijing Middle School,North China
590,196,36,160,1336B,Goofy Goobers,KROMREY MIDDLE,Wisconsin
591,196,34,162,3211W,The Rubber Ducks,Diamond Bar Robotics,California - South
592,196,25,171,17925B,Level 19 Magikarps,Boswin Robotics,Ontario
593,196,14,182,29092A,The Terminatrix,Technautics,Texas - Region 3
594,196,6,190,78273B,TechTitans Nerds,PS/MS 124Q OSMOND A CHURCH,New York-South
595,195,90,105,99986S,99986S,北京昇元信奥国际教育科技有限公司,North China
596,195,76,119,1336C,Ctrl Alt Googly Eyes,KROMREY MIDDLE,Wisconsin
597,195,37,158,1408A,Ambition,King Henry VIII School,United Kingdom
598,195,14,181,4010C,◕CSAA◕ Cranky Clankers,CSAAFuture,Ontario
599,194,87,107,76450A,Washington WOLVES,Washington High School,Chinese Taipei
600,194,67,127,27115C,Beijing JT-IQ交大附中3队,The High School Attached to Beijing Jiaotong University,North China
601,194,42,152,20058B,Eagle IQ,CORAL ACADEMY OF SCIENCE LAS VEGAS - Cadence,Nevada
602,194,36,158,78A,TrailBlazers,Trailblazer Robotics,Georgia
603,194,2,192,30041K,Lakeside NextGen,LAKESIDE MIDDLE SCHOOL,Georgia
604,194,2,192,78151W,Byting Bulldogs,Colonel Wheeler Middle School,Indiana - Region 1 - North
605,193,76,117,2711E,RoboDragons - Tech Titans,DON ESTRIDGE HIGH TECH MIDDLE SCHOOL,Florida - South
606,193,25,168,2820A,Kinetic Kaos,OYSTER RIVER MIDDLE SCHOOL,New Hampshire/Vermont
607,192,16,176,36831B,36831B,DRAKE MIDDLE SCHOOL,Alabama
608,192,2,190,21549E,Gear Grinders,Queen Elizabeth's School,United Kingdom
609,192,18,174,74756D,Mythri-Deadly Demon,Mythri Stem Academy,Nevada
610,192,2,190,349T,Liv·e: Moon Vex,LIV Koleji,Türkiye
611,192,2,190,791A,Blue Bamboo,Garage Team,Japan
612,192,0,192,1140M,Discobots Magikarp,XM Robotics,Ontario
613,192,2,190,43210D,LFCD TeamJeff,Landau Forte Derby College,United Kingdom
614,192,0,192,96933Y,HF.Infinity,Sichuan Tianfu New Area Huayang Middle School Affiliated Primary School,West China
615,191,73,118,2166B,Ex-TerminatOrs,Magikid Robotics Lab Frisco,Texas - Region 5
616,191,28,163,27116A,BJ NO.171 HSch -M,Beijing NO.171 High School,North China
617,191,0,191,1032V,The Invincible Eagle,Shenzhen College of International Education,South China
618,191,7,184,43350D,Digital Ducks,EAST WASHINGTON MIDDLE SCHOOL,Indiana - Region 3 - South
619,190,84,106,16041A,Roboupagus,Clear Lake Chinese Church,Texas - Region 3
620,190,80,110,25858A,LevelUp,Hanoi Amsterdam High school for the Gifted,Vietnam
621,190,73,117,17705E,Electroencephalograph,ZIONSVILLE WEST MIDDLE SCHOOL,Indiana - Region 2 - Central
622,190,0,190,48495A,Rovers Voltage,Rovers Robotics,New Zealand
623,190,0,190,30300C,Curry30,Vinschool Timescity T37,Vietnam
624,190,0,190,95A,The One,青少年科技创新基地,South China
625,190,0,190,22020W,The Pros,Kidwe Lab,New Zealand
626,190,0,190,25826Y,Super Republic,好未来,North China
627,190,0,190,9408C,Corpral ,BC Technology Consulting INC,New York-South
628,190,0,190,53446A,Fire kakapo,private home,Japan
629,190,0,190,1715V,Vipers,Hopkinton Middle School,Massachusetts
630,189,45,144,9863B,Titan Forge Robotics,Robotics ,United Kingdom
631,189,7,182,88771E,XiYuan Go,臺中市立西苑高級中學附設國中部,Chinese Taipei
632,189,14,175,88180C,RPM PAC-MAN,RPM Academy,Quebec
633,189,8,181,26989D,TPCS RoboKnights D,TRADERS POINT CHRISTIAN ACADEMY,Indiana - Region 2 - Central
634,189,4,185,19841P,PLK1984 Team P,Po Leung Kuk Ho Yuk Ching (1984) College,Hong Kong
635,188,85,103,37818A,Pi-thons,Create Solve Lead,Florida - North/Central
636,188,66,122,8882H,KMYLS,Kwong Ming Ying Loi School,Hong Kong
637,188,47,141,78454B,Magnificent Mangos,STEAMwhiz - The STEM Learning Lab,New York-North
638,188,7,181,55451A,DeWitt Perry Robotics 1,PERRY MIDDLE,Texas - Region 5
639,188,24,164,34362K,Black Market Beans,ST JOSEPH SCHOOL,Wisconsin
640,188,18,170,11323G,Da Bois,Howard W. Bishop Middle School,Florida - North/Central
641,187,4,183,12368B,GMME,Emirates Science Club,United Arab Emirates
642,186,71,115,9856A,Monkey Mechanics,Future Innovators Robotics and Engineering,Colorado
643,186,64,122,32092G,Gear Girlz,Stargate Charter School,Colorado
644,186,52,134,13675A,13675A,xiaonian,South China
645,186,34,152,230T,Terminators,Excel-Robotic Lab LLC,Texas - Region 2
646,186,34,152,11323D,Mechstrosities,Howard W. Bishop Middle School,Florida - North/Central
647,186,7,179,4613A,Barker Redbacks,Barker College,Australia
648,186,18,168,14012B,Vexcellence,PINECREST LAKES ACADEMY,Florida - North/Central
649,185,53,132,8128Z,RoboPandas,LAMP Robotics Community Outreach,Alabama
650,185,72,113,11323F,Insert Name Here,Howard W. Bishop Middle School,Florida - North/Central
651,185,14,171,952V,Ridgely Robotics,Ridgely Middle School,Maryland
652,185,19,166,19920A,WOLFEX,COLEGIO MARIE CLARAC,Ecuador
653,185,17,168,77298A,Magikid Motor Medallions,MagiKids Cedar Park,Texas - Region 4
654,184,86,98,29032A,Summit Seekers MS,Endeavor Microschool,Tennessee
655,184,82,102,99806B,Rock and Roll,HORIZON SCIENCE ACADEMY-CINCINNATI,Ohio
656,184,74,110,6883P,Patriotic Programming Penguins,Precision Robotics,Colorado
657,184,7,177,7702A,DiaLed iN Robotics,Neighborhood team,Arizona
658,184,36,148,338A,Angry Birds,Blaze Robotics Academy,Washington
659,184,0,184,7835R,GAS STATION INFLATABLES,J2 Education,California - South
660,184,0,184,66799V,AST-onishing V,American School in Taichung,Chinese Taipei
661,183,28,155,11471E,Robo Mafia,LASALLE PREPARATORY SCHOOL,New York-North
662,183,21,162,17467A,Biga Açı Tech,Özel Biga Açı Koleji Ortaokulu,Türkiye
663,182,53,129,2281X,GMS Venom,ULYSSES S. GRANT MIDDLE SCHOOL,Ohio
664,182,38,144,8398A,MechaGeckos,Bayside Academy,Alabama
665,182,18,164,10635B,Paradigm ://: Reloaded,DR MONA JAIN MIDDLE SCHOOL,Florida - North/Central
666,182,14,168,34701A,CLS Vincibus,City of London School,United Kingdom
667,182,7,175,1715W,BitcoinBots,Hopkinton Middle School,Massachusetts
668,182,0,182,595C,BattleAce,Vexkan Robotics Club,Alberta/Saskatchewan
669,181,40,141,32092K,Diamond Botz,Stargate Charter School,Colorado
670,181,7,174,10837C,Jeff,TechBlazers,Ontario
671,181,0,181,7811B,Leopards,Adarsha  Academy,Arizona
672,181,2,179,37562A,COCOBOTS,colegio cooperativo barbosa,Colombia
673,180,63,117,46032H,Toodles Robotics,Creekside Middle School,Indiana - Region 2 - Central
674,180,62,118,74801Z,Tyrannosaurs VEX,WESTWOOD MIDDLE SCHOOL,Florida - North/Central
675,180,34,146,839F,// Caution Tape //,Caution Tape Robotics ////,Ontario
676,180,14,166,39404B,Dragonbots ,Long Leaf Robotics ,Mississippi
677,180,14,166,7144K,Nomatics,MILLBURN MIDDLE SCHOOL,New Jersey
678,180,0,180,66822A,AI and Beyond,ChengShi Inc,New York-South
679,179,83,96,8676A,8676A,CHINGSHIN ACADEMY,Chinese Taipei
680,179,52,127,36831A,36831A,DRAKE MIDDLE SCHOOL,Alabama
681,179,8,171,51800A,深圳实验学校IQ初中组,深圳实验学校初中部,South China
682,179,0,179,47747A,United Bot,Western Australian International School,Vietnam
683,178,84,94,2014D,For The Win,Sandpiper School,California - North
684,178,66,112,32092E,APEX Eagles,Stargate Charter School,Colorado
685,178,14,164,95979F,Keanu's Legacy,Liberty Middle School,Georgia
686,178,48,130,75477A,BoomBox,St John's Grammar School,Australia
687,178,2,176,78808C,iCode Pearland Team C,iCode Pearland,Texas - Region 3
688,178,7,171,2569A,Cheesy Cheezers,Dreamstream Chino Hills,California - South
689,178,14,164,6720X,Mango Mechs,Mango Mechs,Virginia
690,178,14,164,952P,Ridgely Robotics,Ridgely Middle School,Maryland
691,178,14,164,60355A,"Testing, Testing, 1, 2, 3",Mid-South Gifted Academy,Tennessee
692,178,14,164,18851X,FMVTech,FMV Ispartakule Işık Okulları,Türkiye
693,177,91,86,2614C,NOVA,Ascend International School,India
694,177,64,113,17890E,The Flat Earth Theory,Bishop Noland Episcopal Day School,Louisiana
695,177,58,119,844C,Crazy Bananas,The Fairview Church,Washington
696,177,20,157,21350E,Team Go,Trinity Grammar Preparatory School,Australia
697,177,17,160,8676B,Vextronauts 8676,CHINGSHIN ACADEMY,Chinese Taipei
698,177,0,177,10931A,MSP A,MIDDLE SCHOOL OF PLAINVILLE,Connecticut
699,176,90,86,60752G,MISSION POSSIBLE,KID ENGINEER,Vietnam
700,176,78,98,14301F,Battery Wasters,Gaskill Preparatory School,New York-North
701,176,64,112,36726A,The Avengers,Camden School of Arts & Technology,Alabama
702,176,42,134,46032M,Quantum Mechanics,Creekside Middle School,Indiana - Region 2 - Central
703,176,30,146,5004R,MechaCoding R,MechaCoding Academy,South Korea
704,175,41,134,93946B,GLMS White,GORDON LEE MIDDLE SCHOOL,Georgia
705,175,9,166,5020B,Costco Guys,LAKELAND MIDDLE PREPARATORY SCHOOL,Tennessee
706,175,0,175,6441H,STEM Squad Robotics (H),HOWARD D. MCMILLAN MIDDLE SCHOOL,Florida - South
707,174,62,112,6856R,Technology Pterodactyls,Rishaan Robotics,North Carolina
708,174,56,118,73507G,The Box - IQ,nooby.tech,Belgium
709,174,54,120,34362C,Ctrl-Z,ST JOSEPH SCHOOL,Wisconsin
710,174,18,156,67076B,VEX STAR,Balıkesir Provincial Directorate of National Education,Türkiye
711,174,19,155,72065X,BMI.bat,East End Middle School,Arkansas
712,174,6,168,74801X,NO LIMITS,WESTWOOD MIDDLE SCHOOL,Florida - North/Central
713,174,0,174,153D,Quantum Bolts,SPARTA MIDDLE SCHOOL,New Jersey
714,173,2,171,53773A,404 Bot Not Found,Geekheads,Tennessee
715,172,63,109,478D,Elevate-Radioactive Kangaroos,Elevate Tech,Washington
716,172,69,103,3675Z,Forks 2,Chenango Forks Middle School,New York-North
717,172,64,108,44320A,ZAFERİN YILDIZLARI,Özel Zafer Koleji,Türkiye
718,172,2,170,47747B,STORMBREAKER,Western Australian International School,Vietnam
719,171,80,91,3722G,RN,The Frazer School,Florida - North/Central
720,171,55,116,40458D,LJH- Krypto Coders,LEGACY JR HIGH,Utah
721,171,54,117,84G,Optimus Primates,TIMBERLINE MIDDLE SCHOOL,Washington
722,171,36,135,19719D,Dragon Robotics,Saint George School,Louisiana
723,171,7,164,7704C,Cabbage Clippers,ZIONSVILLE MIDDLE SCHOOL,Indiana - Region 2 - Central
724,171,18,153,7222C,The Pibblers,Nolan Middle School,Florida - North/Central
725,171,7,164,90003A,Mustangs,Mary Mcleod Bethune Middle School,California - South
726,170,0,170,36C,Elmer's Glue,Cranbrook Schools,Michigan
727,170,56,114,1744A,Bakersfield Robotics,Bakersfield Robotics,California - South
728,170,2,168,75640A,Eagles,NEW DIANA MIDDLE,Texas - Region 2
729,170,0,170,95111B,To Be Outstanding,Beijing Haidian District Renbei Experimental School,North China
730,170,14,156,2999D,RM02,CodeLab,Thailand
731,170,0,170,46587A,Thundering Herd,Paramount Englewood,Indiana - Region 2 - Central
732,170,0,170,44408E,CMS: The Almighty Cheeto Puffs,SOUTH SIDE MIDDLE SCHOOL,Ohio
733,170,2,168,3722T,iPin,The Frazer School,Florida - North/Central
734,169,53,116,53342C,Avengers,STEM-AI,Egypt
735,169,42,127,1555A,Control Alt Defeat,Auburn Community Robotics,Alabama
736,169,7,162,67076A,Vex Hero,Kadriye Kemal Gürel İlkokulu,Türkiye
737,168,50,118,11108B,Prehistoric Cauliflower,William Mulholland Middle School,California - South
738,168,48,120,9882B,EAS || Tech Tonics,EAS Robotics Team,Thailand
739,168,36,132,20352C,YJ Stingers,SHERIDAN MIDDLE SCHOOL,Arkansas
740,168,41,127,27115B,Beijing JT-IQ交大附中2队,The High School Attached to Beijing Jiaotong University,North China
741,168,38,130,27493A,Akuma,Independent Team,United Kingdom
742,168,28,140,75842A,JAVIS,JAVIS,South Korea
743,168,2,166,214A,Australian Armadillos,HAMILTON HEIGHTS MIDDLE SCHOOL,Indiana - Region 2 - Central
744,168,0,168,33943B,Fukien Secondary School (Siu Sai Wan),Fukien Secondary School (Siu Sai Wan),Hong Kong
745,168,0,168,25502A,25502A,厦门智慧创品科技培训有限公司,South China
746,168,0,168,59097A,Power Surge,Magikid_Cedar_park,Texas - Region 4
747,167,66,101,25803D,TMS Robotics Team D,THOMPSON MIDDLE,California - South
748,167,43,124,83691A,RoboSparkLab - A,Robospark lab llc,Connecticut
749,167,48,119,126C,GSI Robotics,FNATIC Robotics,Mexico
750,167,45,122,44100E,CR Robot Renegades,CRESTVIEW MIDDLE SCHOOL,Ohio
751,167,14,153,98466J,Eagle Dynamics,Shanghai american school,East China
752,166,36,130,2048B,RoboBros,Elevations,Michigan
753,166,54,112,84732B,Phantom Hawks,Ad Astra Robotics Club,Kansas
754,166,34,132,770R,Re-imagine Robotics Raptors,Re-imagine Robotics,Georgia
755,166,14,152,6441G,STEM Squad Robotics (G),HOWARD D. MCMILLAN MIDDLE SCHOOL,Florida - South
756,166,0,166,46032P,Stale Bread,Creekside Middle School,Indiana - Region 2 - Central
757,166,0,166,37296B,Nobel Nighthawks-2,Alfred B. Nobel Charter Middle School,California - South
758,166,0,166,3927U,齿轮挑战者,福州乐博乐博科技教育有限公司,South China
759,166,0,166,6787A,西安市经开第一中学/经开第一学校初中部/经开第一学校,西安市经开第一中学/经开第一学校初中部/经开第一学校,West China
760,166,0,166,4821A,Robotlution JCR - STEM Barichara,Instituto Técnico Aquileo Parra,Colombia
761,165,56,109,78380H,XNOR,FRANKLIN MIDDLE,Minnesota
762,165,56,109,1050C,Technopaths,St Mary Catholic Middle School,Wisconsin
763,165,46,119,5234A,Kressbot1,Escuela  Básica Heinfried Wolfgang Kress,Paraguay
764,165,36,129,92633A,WYRED:  Rising Phoenix,WYRED Robotics,Indiana - Region 1 - North
765,165,36,129,24250Y,VEX Vikings Yankee,BRENTWOOD MIDDLE SCHOOL,Tennessee
766,165,34,131,11108A,Route 66,William Mulholland Middle School,California - South
767,165,0,165,30041E,Lakeside 30041 E,LAKESIDE MIDDLE SCHOOL,Georgia
768,164,84,80,435B,Potato Ninjas,Noe Middle School,Kentucky
769,164,75,89,99396B,B.L.T. - Bigfoot Lochness Technologies,Hartselle Robotics Club - Morgan County 4H,Alabama
770,164,46,118,2420B,SuperNova,EFK Las Vegas,Nevada
771,164,0,164,26989E,TPCS RoboKnights E,TRADERS POINT CHRISTIAN ACADEMY,Indiana - Region 2 - Central
772,164,0,164,2420C,Quantum Dudes,EFK Las Vegas,Nevada
773,164,4,160,25803B,TMS Robotics Team B ,THOMPSON MIDDLE,California - South
774,163,61,102,69924E,The Crazy Bots,MARTINSBURG SOUTH MIDDLE SCHOOL,West Virginia
775,163,17,146,32092A,Piece by Piece,Stargate Charter School,Colorado
776,163,46,117,7704S,Sentient Spheres,ZIONSVILLE MIDDLE SCHOOL,Indiana - Region 2 - Central
777,163,42,121,35036A,Alfrsan Makkah,Makkah team,Saudi Arabia
778,163,17,146,2666A,kylin,Beijing Teenager's Science and Technology Museum,North China
779,163,0,163,9027C,园岭攻坚队,Yuen Ling Primary School,South China
780,162,0,162,90385B,Quantum Cheeseburgers,UPREP,Washington
781,162,71,91,4677A,Technical Difficulties,Homeschool,Indiana - Region 1 - North
782,162,9,153,8560B,"AXIOMATICS  ""BEES""",AXIOMICS,Georgia
783,162,10,152,20267Z,Phoenix,The Beyond Coding,South Korea
784,162,0,162,95829K,不倒翁 2.0,上海市市西中学,East China
785,161,17,144,29081B,Engling Lions A,COLEGIO CATOLICO JOSE ENGLING,Ecuador
786,160,86,74,23850A,Postulating Pomegranate Pickles,ST MARY OF THE IMMACULATE CONCEPTION SCHOOL,Wisconsin
787,160,74,86,4999X,XPAL,Mount Barker High school,Australia
788,160,62,98,24250R,VEX Vikings Raptor,BRENTWOOD MIDDLE SCHOOL,Tennessee
789,160,36,124,2076A,Invalid Break-fast,Knox Grammar School,Australia
790,159,73,86,21555C,Sonic Forces,Wildcats Robotics,Louisiana
791,159,62,97,92855E,DELMAR tuff gang,DELMAR INTERNATIONAL SCHOOL,Mexico
792,159,14,145,34701D,CLS Vanguard,City of London School,United Kingdom
793,158,64,94,74628A,VEX Electric Inc.,THREE RIVERS SCHOOL,Illinois
794,158,63,95,8676D,8676D,CHINGSHIN ACADEMY,Chinese Taipei
795,158,24,134,2822U,Innovative Spirits,STAUFFER (MARY R.) MIDDLE,California - South
796,158,9,149,4613X,Barker Pinkbacks,Barker College,Australia
797,158,14,144,28383A,FPTDaNang 01,TRƯỜNG TIỂU HỌC VÀ TRUNG HỌC CƠ SỞ FPT ĐÀ NẴNG,Vietnam
798,158,0,158,366A,辅轮 A队,XIAN FULUN MS,West China
799,157,38,119,2623D,Dragon Cannon,Island Robotics,Hawaii
800,156,86,70,1216A,Elemental Dragons,Wheelhouse Robotics,Texas - Region 5
801,156,64,92,2711A,RoboDragons - Lights Out,DON ESTRIDGE HIGH TECH MIDDLE SCHOOL,Florida - South
802,156,54,102,2529M,The Powerpuff Girls:),CLAY MIDDLE SCHOOL,Indiana - Region 2 - Central
803,156,0,156,647B,Bot Camp B,Bot Camp,Ontario
804,156,14,142,47201B,Burnt Circuits,CENTRAL MIDDLE SCHOOL,Indiana - Region 3 - South
805,156,2,154,6441E,STEM SQUAD Robotics (E),HOWARD D. MCMILLAN MIDDLE SCHOOL,Florida - South
806,156,0,156,98511E,全球学E队,全球学培训学校,North China
807,155,74,81,64443S,The SHS Phoenix,SHS - Sacred Heart School,Ireland
808,155,64,91,25125S,Special Forces,North River Christian Academy,Alabama
809,155,43,112,2048N,The Northern Nerds,Elevations,Michigan
810,155,42,113,99030D,NGI ,STEM AI,Egypt
811,155,36,119,9532B,Vertically Challenged,MCCANTS MIDDLE,South Carolina
812,155,2,153,230A,Chaos,Excel-Robotic Lab LLC,Texas - Region 2
813,155,0,155,78468M,SkyFall,Trường TH và THCS FPT Đà Nẵng,Vietnam
814,155,0,155,87660B,Burger,FS Education Brooklyn,New York-South
815,154,34,120,1065A,Stack_Overflow,Lanier Middle School,Texas - Region 3
816,154,24,130,5813Z,Hammertankz,SHORELINE JUNIOR HIGH,Utah
817,154,14,140,17102A,Cyber Saints,ST MARIA GORETTI SCHOOL,Indiana - Region 2 - Central
818,154,6,148,9200B,Iron Bots,ALICIA R CHACON INTERNATIONAL,Texas - Region 1
819,154,6,148,13205A,TCCS A Team,Tung Chung Catholic School(Secondary Section),Hong Kong
820,153,72,81,316B,DUDES,Real Life Christian Academy Homeschool,Florida - North/Central
821,153,52,101,9828A,Captain Falcon,RICARDO ESTRADA MIDDLE,Texas - Region 1
822,153,43,110,9523A,OBA ROBOTİK,OBA ROBOTİK,Türkiye
823,153,32,121,8686F,Flying Tacos,Sevier Middle School,South Carolina
824,153,0,153,77021A,Robomasters,Riihimäen kaupunki,Finland
825,153,7,146,5670X,Amatööriliitto,Orimattilan kaupunki,Finland
826,153,7,146,51668C,Guiyanglebo-C,华东师范大学贵阳附属学校,West China
827,153,4,149,22345H,THCS TAM THANH,TRƯỜNG THCS TAM THANH,Vietnam
828,152,56,96,50865C,VMS Tigers C,VIRGIL MIDDLE,California - South
829,152,32,120,55821B,Bot Boys,EAST RIDGE MIDDLE SCHOOL,Florida - North/Central
830,152,38,114,402D,Buy-N-Large,ST ROBERT BELLARMINE SCHOOL,Nebraska
831,152,34,118,36218A,NIGHTMARES,COLEGIO MARIE CLARAC,Ecuador
832,152,30,122,20352D,The Miners,SHERIDAN MIDDLE SCHOOL,Arkansas
833,152,20,132,8393A,Joyful Learning Center - Alpha,Joyful Learning Center,New Brunswick/Nova Scotia/Prince Edward Island
834,152,17,135,5068M,Blue Mercury,MILLARD NORTH MIDDLE SCHOOL,Nebraska
835,152,4,148,81681R,Robo KSA,Tabuk international schools ,Saudi Arabia
836,151,64,87,323C,Jesus Nerds,Cornerstone Robotics,Indiana - Region 3 - South
837,151,43,108,2820J,The Five Guys,Oyster River Middle School,New Hampshire/Vermont
838,151,4,147,85202M,ฅ^>⩊<^ฅ My Cat is Rockstar,China Holiness College,Hong Kong
839,151,7,144,10404E,Floral Foxes,COLD SPRING SCHOOL,Indiana - Region 2 - Central
840,151,28,123,127G,Golden Knights,PACIFIC COAST ACADEMY,California - South
841,151,27,124,3722D,ahhBot,The Frazer School,Florida - North/Central
842,151,25,126,3547J,VIRUS: Juggernauts,Technolgy First,Michigan
843,151,24,127,78151E,Byting Bulldogs,Colonel Wheeler Middle School,Indiana - Region 1 - North
844,151,7,144,6441J,STEM Squad Robotics (J),HOWARD D. MCMILLAN MIDDLE SCHOOL,Florida - South
845,150,38,112,1579A,Craft,BM,Ontario
846,150,36,114,21350B,Infinity Turtles,Trinity Grammar Preparatory School,Australia
847,150,34,116,70718A,Hot Potatoes,Robowings of Fire ,Virginia
848,150,8,142,50491K,Coding Agents,GATEWAY SCIENCE ACADEMY MIDDLE,Missouri
849,150,0,150,23232Y,THUNDER,DOVE SCIENCE ACADEMY MIDDLE SCHOOL,Oklahoma
850,149,34,115,2281B,GMS Black Panther,ULYSSES S. GRANT MIDDLE SCHOOL,Ohio
851,149,31,118,32610A,Super Quadruplets,Private Team,Virginia
852,149,27,122,36238A,Sakura diamond,AI & Robotics Academy LLC,Texas - Region 2
853,149,24,125,4202A,Motor Burners,Chisholm Middle School,Oklahoma
854,149,21,128,92E,VEXMEN: Elixir,Brandywine Robotics Inc,Pennsylvania - East
855,149,20,129,7704D,Dead Last,ZIONSVILLE MIDDLE SCHOOL,Indiana - Region 2 - Central
856,149,14,135,22903C,HABS_Hornets,Haberdashers' Boys' School,United Kingdom
857,149,9,140,8009A,The Cyber Legends,汉中市卓越科技教育培训学校,West China
858,149,4,145,6441C,STEM Squad Robotics (C),HOWARD D. MCMILLAN MIDDLE SCHOOL,Florida - South
859,149,0,149,23761C,AMS_CT Robotics,Avon Middle School,Connecticut
860,148,61,87,2569Y,Snacks of Fame,Dreamstream Chino Hills,California - South
861,148,57,91,1216W,Wet Fire,Wheelhouse Robotics,Texas - Region 5
862,148,43,105,37X,Divine Pixels,CRANBROOK SCHOOLS,Michigan
863,148,45,103,68671J,The Pneumatic Nerds,DANVILLE MIDDLE SCHOOL,Ohio
864,148,36,112,4028X,Extreme Axolotls,Axolotls Robotics @ Ralston School,California - North
865,148,18,130,43179A,Bethel H.E.A.T,BETHEL MIDDLE SCHOOL,Arkansas
866,148,14,134,7686C,Code Crackers,Harrisburg Public School District,South Dakota
867,148,4,144,1948A,Dover Air Base Middle School,DOVER AIR FORCE BASE MIDDLE SCHOOL,Delmarva
868,148,0,148,18482A,Warm Springs Team #1,WARM SPRINGS MIDDLE,California - South
869,147,112,35,1715S,Robotics Rosettes,Hopkinton Middle School,Massachusetts
870,147,56,91,16346B,Bubble Bots,Cranberry Area Jshs,Pennsylvania - West
871,147,35,112,7175A,Coding Pirates,Future Innovators,Ohio
872,147,45,102,770V,Re-imagine Robotics V-Stackachinos,Re-imagine Robotics,Georgia
873,147,4,143,13205C,TCCS C Team,Tung Chung Catholic School(Secondary Section),Hong Kong
874,147,30,117,17074B,Blue Storms,Fundacion IQ Tecnologia,Colombia
875,147,17,130,559A,RQ - Sharjah 1,RQ Science & Technology - Kalba,United Arab Emirates
876,147,11,136,26346B,Pneumatic Phantom,Pannini Tech Academy,North Carolina
877,146,63,83,44853D,Vex Busters,Playmates,West Virginia
878,146,45,101,44035Z,Zebra Cakes,ELYRIA Robotics,Ohio
879,146,34,112,29081C,Engling Lions B,COLEGIO CATOLICO JOSE ENGLING,Ecuador
880,146,34,112,8326B,Northridge Knuckleheads,TWGT Robotics,California - South
881,146,26,120,11471C,M & M's,LaSalle Preparatory School,New York-North
882,146,20,126,4815C,CPC Robotics C,WEO Chang Pui Chung Memorial School,Hong Kong
883,146,18,128,10404X,X MEN,COLD SPRING SCHOOL,Indiana - Region 2 - Central
884,146,2,144,97869B,SVMS Circuit Circus,SOUTH VERMILLION MIDDLE SCHOOL,Indiana - Region 3 - South
885,146,2,144,2232J,Phoenix Phantoms,AFC Robotics,Arizona
886,146,2,144,70090T,O.O,Fancy Innovation Lab,Chinese Taipei
887,145,35,110,54567A,The Unknowns,ORION JR HIGH,Utah
888,145,36,109,1783X,StarDust,none,North Carolina
889,145,28,117,3369A,Appleberry Apples,Irvine Robotics,California - South
890,145,25,120,37991G,Reusing materials,BOTS Robotica,Colombia
891,145,0,145,46587B,Thundering Herd,Paramount Englewood,Indiana - Region 2 - Central
892,145,7,138,72065B,Baldhero.hlp,East End Middle School,Arkansas
893,145,7,138,2999A,JUICE BOX,CodeLab,Thailand
894,145,0,145,9852D,PSP HANUMAN,Srinakharinwirot University : Prasarnmit Demonstration School (Elementary),Thailand
895,144,64,80,92855T,DELMAR grrr 3000,DELMAR INTERNATIONAL SCHOOL,Mexico
896,144,35,109,80673A,U.S.S Kitty Hawk,Emmanual Lutheran Church,Indiana - Region 3 - South
897,144,34,110,18721B,Banana Ro-Public,Stillwater Middle School,Oklahoma
898,144,32,112,2131X,The Claw,Kaysville Robotics Association,Utah
899,144,25,119,6891W,Worst Case Scenario,FAITH LUTHERAN MIDDLE SCHOOL,Nevada
900,144,17,127,5081A,5081A- Machado Minions,CITY/PEMBROKE PINES CHARTER MIDDLE SCHOOL,Florida - South
901,144,20,124,36832C,Circuit Breakers,AUBURN JUNIOR HIGH SCHOOL,Alabama
902,144,18,126,83203J,The Cyber Ducks,OSCEOLA SCIENCE CHARTER SCHOOL,Florida - North/Central
903,144,0,144,10837B,Depresso,TechBlazers,Ontario
904,144,0,144,63366V,Vanilla Vextract,IGNITE ROBOTICS,North Carolina
905,144,2,142,16630B,That Team There,Steamoji Redmond,Washington
906,144,0,144,9636A,Little Monster A,郑州市郑东新区外国语中学,Middle China
907,144,0,144,6512C,Green Charge,Harmony School of Innovation - El Paso - Middle/High,Texas - Region 1
908,143,34,109,13128R,Team Digital Dragon,Team Digital Dragon,Florida - South
909,143,14,129,88180B,RPM-Burnout,RPM Academy,Quebec
910,142,44,98,6209R,Rebels,B Team Robotics,Indiana - Region 2 - Central
911,142,40,102,50298E,el Robot Noodles,Mapleton Middle School,Ohio
912,142,20,122,32092D,MechDonalds,Stargate Charter School,Colorado
913,142,25,117,19799A,WSC-A,Po On Commercial Association Wong Siu Ching Secondary School,Hong Kong
914,142,18,124,85665A,LWMS1,LISA ACADEMY WEST MIDDLE SCHOOL,Arkansas
915,142,2,140,19800C,Silver Samwich Salamanders,BOULTON SCHOOL,Utah
916,141,38,103,36J,The Robotics Queens,Cranbrook Schools,Michigan
917,141,45,96,16346F,Fab 5,Cranberry Area Jshs,Pennsylvania - West
918,141,40,101,2711C,RoboDragons - Circuit Breakers,DON ESTRIDGE HIGH TECH MIDDLE SCHOOL,Florida - South
919,141,0,141,47S,The Elites,Evergreen Middle School PTSA,Washington
920,141,0,141,95511Z,半枚钢镚镚 a half coins,无,North China
921,141,0,141,88383C,EC Assam,ECcode Programming,South China
922,141,0,141,19980G,Unrivaled,Trường Phổ thông dân tộc Nội trú THCS và THPT Cao Lộc,Vietnam
923,140,56,84,47770A,The Unstable Squirrels,Black River Falls Middle School,Wisconsin
924,140,49,91,52152A,Anomaly,MONROE TOWNSHIP MIDDLE SCHOOL,New Jersey
925,140,47,93,58387E,The HOMies,HUGO A OWENS MIDDLE,Virginia
926,140,28,112,985D,Dapper Ducks,MARY OUR QUEEN SCHOOL,Nebraska
927,140,38,102,95979B,Techno Bots,Liberty Middle School,Georgia
928,140,28,112,1670B,OG RoboEngineers,Osmangazi Okulları,Türkiye
929,140,28,112,11110A,Lucky Leprechauns-Greenspun Robotics,BARBARA AND HANK GREENSPUN JUNIOR HIGH SCHOOL,Nevada
930,140,16,124,68795R,CR_Chula_MID,ClickRobot Engineer Learning Center,Thailand
931,140,6,134,6046A,Q-Byte - LOPEZ MIDDLE SCHOOL,LOPEZ MIDDLE SCHOOL,Texas - Region 4
932,140,2,138,93939E,Blue Fire,"Shrewsbury International School, Riverside",Thailand
933,140,0,140,55868C,55868C,PUICHING MIDDLE SCHOOL MACAU,Macau
934,139,27,112,32092H,Mechanical Monkeys,Stargate Charter School,Colorado
935,139,46,93,66573F,Nightingale Nighthawk Warriors,FLORENCE NIGHTINGALE MIDDLE,California - South
936,139,45,94,80258A,Shark Attack!,SOMERSET ACADEMY STEPHANIE,Nevada
937,139,38,101,28134A,Otwell Robotics,Otwell Middle School,Georgia
938,139,38,101,76709A,Vexb0x,Kenosha Lutheran Academy,Wisconsin
939,139,38,101,31887A,Team Titans,Nova Middle School,Florida - South
940,139,38,101,90049B,SEA MONKEYS,Syracuse Junior High,Utah
941,139,2,137,17806F,Gear Heads,VILLA DE PAZ ELEMENTARY SCHOOL,Arizona
942,139,21,118,68186Z,Bot to the Future,NORTH DAVIS JR HIGH,Utah
943,139,2,137,99553D,The Paradox,AURELIA COLE ACADEMY,Florida - North/Central
944,139,0,139,7716A,北京中学,Beijing Middle School,North China
945,139,0,139,3666A,3666A,Xiaozhi Robot 小智机器人科学活动中心,North China
946,139,0,139,9466A,HACM,江苏无锡,East China
947,138,36,102,68186P,Pack Stackers,NORTH DAVIS JR HIGH,Utah
948,138,36,102,9532A,Master Matchers,MCCANTS MIDDLE,South Carolina
949,138,36,102,9937C,Cyber Warrior,Watchung-Millburn Robotics ,New Jersey
950,138,36,102,3722A,TEAM NAME,The Frazer School,Florida - North/Central
951,138,36,102,20352E,Flapperjacks,SHERIDAN MIDDLE SCHOOL,Arkansas
952,138,23,115,20616B,Robolution B,ALEX SANGER PREPARATORY MIDDLE,Texas - Region 2
953,138,34,104,6562A,Stack Masters,TEAYS VALLEY CHRISTIAN SCHOOL,West Virginia
954,138,28,110,1670A,OG-RoboTech,Osmangazi Okulları,Türkiye
955,138,28,110,47K,The Talons,Evergreen Middle School PTSA,Washington
956,138,24,114,1125H,Lucky Charms,Harrison Middle School,Arkansas
957,138,21,117,27540D,Dynamic Dynos,Gen Inspired,North Carolina
958,138,2,136,2377C,Robo-Sapiens,Independent,Texas - Region 4
959,138,2,136,4606M,We wear hats for Hatss,NOBLESVILLE WEST MIDDLE SCHOOL,Indiana - Region 2 - Central
960,138,0,138,78Y,TrailBlazers,Trailblazer Robotics,Georgia
961,138,0,138,25627E,"Tri-West E ""Glorious Green Gladiator Grasshoppers""",TRI-WEST MIDDLE SCHOOL,Indiana - Region 2 - Central
962,137,84,53,1308E,LIGHTNING STRIKE,SUNSHINE STATE ACADEMY,Florida - South
963,137,63,74,77732C,MSLR Club,MSLR ROBOTICS,Indiana - Region 1 - North
964,137,43,94,2076M,Atom,Knox Grammar School,Australia
965,137,54,83,84496D,WBGS_Cyberdroids,Watford Grammar School for Boys,United Kingdom
966,137,46,91,30934A,Genç Mühendisler,Young Engineers,Türkiye
967,137,46,91,28134K,Monkeybot,Otwell Middle School,Georgia
968,137,36,101,37Z,Applesaus,CRANBROOK SCHOOLS,Michigan
969,137,35,102,6891B,Bad Boys,FAITH LUTHERAN MIDDLE SCHOOL,Nevada
970,137,24,113,94001B,NIRT MACH 2,NIRT Robótica & Tecnología,Mexico
971,137,21,116,75117C,The W.S.D.,EDGEWOOD MIDDLE,Texas - Region 2
972,137,18,119,4469A,The S.T.E.A.M Boats Gold,MySTEM Academy,Pennsylvania - West
973,137,7,130,37296C,Nobel Nighthawks-3,Alfred B. Nobel Charter Middle School,California - South
974,137,14,123,11064A,The A Team,BRINK JHS,Oklahoma
975,137,14,123,26426A,SP 70,Szkoła Podstawowa nr 70 z Oddziałami Integracyjnymi im. Bohaterów Monte Cassino,Poland
976,137,9,128,9852K,ML2BJ,ALL WELLNESS COMPANY LIMITED,Thailand
977,137,9,128,10404C,Da'Mangoes,COLD SPRING SCHOOL,Indiana - Region 2 - Central
978,137,6,131,6441D,STEM Squad Robotics (D),HOWARD D. MCMILLAN MIDDLE SCHOOL,Florida - South
979,137,0,137,19980H,Unbeatables,Trường Phổ thông dân tộc Nội trú THCS và THPT Cao Lộc,Vietnam
980,137,0,137,61868U,POWER IQ,STEAM Azerbaijan,Azerbaijan
981,136,26,110,240R,TrailBlazers,Trailblazer Robotics Central Forsyth Branch,Georgia
982,136,0,136,625C,Vex Cats,MAPLEWOOD MIDDLE,Wisconsin
983,136,38,98,3168B,Starfighter,Skywalker Robotics,New Zealand
984,136,0,136,1108D,OFODBots,DEL VALLE MIDDLE,Texas - Region 1
985,136,7,129,93558Z,Error 404: Team Name Not Found,REEDS SPRING INTERMEDIATE,Missouri
986,136,7,129,73513K,BB8,Rehobotic,Colombia
987,135,46,89,8234B,FLBK,BEDMINSTER TOWNSHIP PUBLIC SCHOOL,New Jersey
988,135,44,91,49378A,Smiley Faces,PETAL MIDDLE SCHOOL,Mississippi
989,135,34,101,34458C,404 Not Found,OCEAN SPRINGS UPPER ELEMENTARY SCHO,Mississippi
990,135,35,100,1069W,Watt the Heck?,Berthoud Robotics,Colorado
991,135,9,126,33062A,Techno Tigers OG,HARTSELLE INTERMEDIATE SCHOOL,Alabama
992,135,7,128,13952B,VEX Ops,LAKESIDE MIDDLE SCHOOL,Arkansas
993,135,0,135,47659D,Event Horizons Robotics,Astro Dragons Robotics,Texas - Region 5
994,135,2,133,18721C,Connection_Terminated,Stillwater Middle School,Oklahoma
995,135,2,133,10515F,Apex Time,J WILLIAM FULBRIGHT JUNIOR HIGH SCHOOL,Arkansas
996,135,2,133,1977C,Westport RoboHawks,Westport Middle School,Kentucky
997,135,0,135,68414G,CK VIQRC TEAM G,Sheng Kung Hui Choi Kou School (Macau),Macau
998,135,0,135,61868A,Tech Kings,STEAM Azerbaijan,Azerbaijan
999,135,0,135,61868E,Veni2vidi,STEAM Azerbaijan,Azerbaijan
1000,134,56,78,67041A,Trivolt,Trivolt Robotics,New Jersey
1001,134,44,90,79420X,CyberTech Hackers X,Carey Baptist College,Australia
1002,134,20,114,16323E,Dysfunctional Friends,FRANKLIN AREA JSHS,Pennsylvania - West
1003,134,40,94,28952A,Blazing Bots,Greer Prep Academy,South Carolina
1004,134,34,100,4025C,4025 Team C,Doty Middle School,California - South
1005,134,32,102,75640D,ND AGENTS,NEW DIANA MIDDLE,Texas - Region 2
1006,134,18,116,92633D,WYRED:  FrostByte,WYRED Robotics,Indiana - Region 1 - North
1007,134,3,131,81800E,SG2-24,Pedare Christian College,Australia
1008,134,7,127,30041H,Lakeside Trident Robotics,LAKESIDE MIDDLE SCHOOL,Georgia
1009,134,0,134,1282H,THCS HOÀNG VĂN THỤ 1,Trường Trung học Cơ sở Hoàng Văn Thụ,Vietnam
1010,133,65,68,770S,Re-imagine Robotics Speed Stackers,Re-imagine Robotics,Georgia
1011,133,61,72,11686S,Squints and the Peffercorns,NEW PALESTINE JR HIGH SCHOOL,Indiana - Region 2 - Central
1012,133,28,105,76450B,WIST_BEE,Washington High School,Chinese Taipei
1013,133,7,126,61499A,PESS 1,新生命教育協會平安福音中學,Hong Kong
1014,133,17,116,3668Y,Sentient Robotics Club,Macau Artificial Intelligence Education Center,Macau
1015,133,17,116,58130W,Waffletron,Junior Lynx Robotics,Iowa
1016,133,16,117,10673J,BridgeBotX,Marshall Middle School,Pennsylvania - West
1017,133,7,126,2820D,Robodawgz,OYSTER RIVER MIDDLE SCHOOL,New Hampshire/Vermont
1018,133,0,133,6333A,GX-CaiJiuDuoLian,Gaiax,Singapore
1019,133,0,133,6520B,永不言败,东方娃娃,North China
1020,132,48,84,11110X,GJHS: X-Force,BARBARA AND HANK GREENSPUN JUNIOR HIGH SCHOOL,Nevada
1021,132,46,86,59707A,Curiously Brown Bananas,Schilling School for Gifted Children,Ohio
1022,132,46,86,66573A,Nightingale Pinheads,FLORENCE NIGHTINGALE MIDDLE,California - South
1023,132,44,88,73039B,Robominions II,Werner-Heisenberg-Gymnasium Göppingen,Germany
1024,132,30,102,78151H,Byting Bulldogs,Colonel Wheeler Middle School,Indiana - Region 1 - North
1025,132,38,94,32092P,Pin Busters,Stargate Charter School,Colorado
1026,132,36,96,37W,Five Guys,Cranbrook,Michigan
1027,132,35,97,32092B,Super Stars,Stargate Charter School,Colorado
1028,132,30,102,1125E,GOBBOTS,Harrison Middle School,Arkansas
1029,132,20,112,80505A,Flame,DDM Praha 6,Czech Republic
1030,132,14,118,490B,Ege Robotics,Ege Robotics,Türkiye
1031,132,7,125,28084A,RAGNAROK,Agility Robotics,North Carolina
1032,132,0,132,15617A,Shining Stars Team,"Shenzhen Xingzhuzhu Technology Co., Ltd",South China
1033,132,0,132,15290D,Ender Claw Dragons,Campbell Drive K-8 Center,Florida - South
1034,131,47,84,96000Z,The Robo Monkeys,The Mind Spark,Pennsylvania - East
1035,131,44,87,70200A,Fighters,STEM AI ALEXANDRIA,Egypt
1036,131,43,88,37663A,The Panthers,Innovate Robotics,New Jersey
1037,131,41,90,9511C,ARK CYBER SALAMANDERS,THE ARK Christian Ministries,Indiana - Region 1 - North
1038,131,38,93,2529A,The Bobotics Club,CLAY MIDDLE SCHOOL,Indiana - Region 2 - Central
1039,131,33,98,56123C,The Chicken Fried Steaks,Franklin Road Academy,Tennessee
1040,131,20,111,11471A,The Minis,LaSalle Preparatory School,New York-North
1041,131,14,117,94321D,Green Beans,Magikid Palo Alto Robotics,California - North
1042,131,14,117,36830B,36830B,EAST SAMFORD SCHOOL,Alabama
1043,131,14,117,2737C,Fresh Off The Boat,Magikid Robotics Lab Redmond,Washington
1044,131,0,131,3477E,Project STACC: Leveled Up,St Andrews Christian College,Australia
1045,131,2,129,1021P,Ten Ton Robotics,West Vancouver Schools,British Columbia (BC)
1046,131,7,124,11575B,Big Hero 6,COLEMAN MIDDLE SCHOOL,Florida - North/Central
1047,131,2,129,10837D,No name,TechBlazers,Ontario
1048,131,2,129,63355A,Team Heinitz,Heinitz-Gymnasium,Germany
1049,131,0,131,1916A,The Clankas,Hutto Middle School,Texas - Region 4
1050,131,4,127,83388A,Cyber Phoenix,Cyber bots,North Carolina
1051,131,0,131,3927A,凌云竟霄,福州乐博乐博科技教育有限公司,South China
1052,131,0,131,1131A,1131A,Shenzhen Shenjing Workshop,South China
1053,130,56,74,63438B,Valpo Vipers: Gaboon Viper,Benjamin Franklin Middle School,Indiana - Region 1 - North
1054,130,56,74,43277E,Gear Bots,Gear Bots,Arizona
1055,130,56,74,36M,Michiganders,Cranbrook Schools,Michigan
1056,130,46,84,75477B,We thought this was a chess club,St John's Grammar School,Australia
1057,130,46,84,2929A,Rockbots,ROCKWAY MIDDLE SCHOOL,Florida - South
1058,130,46,84,9340F,Titan Tech,Harvey Elementary School,Florida - North/Central
1059,130,46,84,2625C,Alpha Geeks,Geeks Robotics,North Carolina
1060,130,30,100,36608B,Break Point,FAITH ACADEMY,Alabama
1061,130,36,94,66573E,Nightingale Nine Little Monkeys,FLORENCE NIGHTINGALE MIDDLE,California - South
1062,130,28,102,9360Y,6 7,Hong Kong International School,Hong Kong
1063,130,25,105,60011D,PickleBotz,BRIGGS PUBLIC SCHOOL,Oklahoma
1064,130,20,110,77773A,Quantum Sparks,MADISON MIDDLE SCHOOL,Mississippi
1065,130,0,130,55678C,初中一队,YOCO STEAM LAB,North China
1066,130,0,130,46366B,NJSP Robotics,North Judson San Pierre Schools,Indiana - Region 1 - North
1067,129,67,62,38298B,Bling Bling,BOB GRAHAM EDUCATION CENTER,Florida - South
1068,129,56,73,153A,IQ Engineers,SPARTA MIDDLE SCHOOL,New Jersey
1069,129,56,73,74801B,the ADHD gang,WESTWOOD MIDDLE SCHOOL,Florida - North/Central
1070,129,46,83,44100F,CR Codebreakers,CRESTVIEW MIDDLE SCHOOL,Ohio
1071,129,18,111,32356A,Boost+Academy,Boost+ Enrichment Academy,Illinois
1072,129,36,93,75640B,The CEO's,NEW DIANA MIDDLE,Texas - Region 2
1073,129,28,101,91989A,"If It Works, It Works",MACDONALD MIDDLE SCHOOL,Michigan
1074,129,28,101,34967A,Hiduribots,"Základní škola a Mateřská škola, Česká Lípa, Jižní 1903, příspěvková organizace",Czech Republic
1075,129,24,105,125A,NEXTGEN,OBA ROBOTİK,Türkiye
1076,129,20,109,95979G,King Sohan's Dynasty,Liberty Middle School,Georgia
1077,129,0,129,1977B,Westport RoboHawks,Westport Middle School,Kentucky
1078,129,9,120,11575F,Pineapple Dole Whip,COLEMAN MIDDLE SCHOOL,Florida - North/Central
1079,129,0,129,8395B,//Caution Tape Blitz//,Caution Tape Toronto ////,Ontario
1080,129,2,127,69666V,哈尔滨113 & 69联队,魔力AI科学探索中心,North China
1081,129,2,127,1108M,DV Conquerbots,DEL VALLE MIDDLE,Texas - Region 1
1082,128,36,92,36832D,SuperNovas,Auburn Junior High School,Alabama
1083,128,36,92,34107C,St Joseph Destroyers,ST JOSEPH GRADE SCHOOL,West Virginia
1084,128,18,110,11110Y,GJHS-Pink Dolphins,BARBARA AND HANK GREENSPUN JUNIOR HIGH SCHOOL,Nevada
1085,128,2,126,51046A,UTG North,UNDER THE GUI,British Columbia (BC)
1086,128,18,110,7840T,Emoner ROBOTICS | Space Mechanics,Emoner ROBOTICS,Türkiye
1087,128,0,128,14012E,Vextreme,PINECREST LAKES ACADEMY,Florida - North/Central
1088,128,11,117,92025D,LV_CHIẾN THẦN,TRƯỜNG THCS VÀ THPT LIÊN VIỆT KON TUM - TỈNH QUẢNG NGÃI,Vietnam
1089,128,0,128,9863S,STC_THR33CROWN3D,Robotics ,United Kingdom
1090,128,9,119,83861S,EDS - Eagle,Edison An Khánh,Vietnam
1091,128,0,128,99997A,GearMax,Cuddle STEM Center,Chinese Taipei
1092,128,2,126,2737B,Supernova,Magikid Robotics Lab Redmond,Washington
1093,128,7,121,68414B,CK VIQRC TEAM B,Sheng Kung Hui Choi Kou School (Macau),Macau
1094,128,7,121,33334B,Taft Cyberdogs,ROBERT TAFT MIDDLE SCHOOL,Indiana - Region 1 - North
1095,128,2,126,952A,Ridgely Robotics,Ridgely Middle School,Maryland
1096,128,0,128,47747H,ULTIMATE,Western Australian International School,Vietnam
1097,128,2,126,22020A,The Orcas,Kidwe Lab,New Zealand
1098,128,0,128,33363C,Block Bots,John Lyon School,United Kingdom
1099,128,0,128,27849A,猛虎队,恒知少儿编程,South China
1100,128,0,128,779A,FA-Pins & Beams,Futurum Academy Singapore,Singapore
1101,128,0,128,10673D,Twisted Pins,Marshall Middle School,Pennsylvania - West
1102,127,64,63,4999F,Flutter Force,Mount Barker High school,Australia
1103,127,53,74,6812A,Die Donnersberger 1,Schule am Donnersberg,Germany
1104,127,44,83,70484F,VEX-REX,Independent Team,Virginia
1105,127,36,91,55821E,Electrabots,EAST RIDGE MIDDLE SCHOOL,Florida - North/Central
1106,127,36,91,47H,Titan Robotics,EVERGREEN MIDDLE SCHOOL PTSA,Washington
1107,127,27,100,74177Y,FORCE 99,PINECREST ACADEMY OF NEVADA SLOAN CANYON,Nevada
1108,127,4,123,2983A,Byte Blasters,Byte Blasters,California - North
1109,127,0,127,95945A,深圳中学梅香学校,深圳中学梅香学校,South China
1110,127,0,127,7756A,乐匠机器人,乐匠（北京）教育科技有限公司,North China
1111,127,0,127,4010P,◕CSAA◕ Playful Phoenix,CSAAFuture,Ontario
1112,126,40,86,33033F,Darth Willbert,ST PAULS LUTHERAN SCHOOL,Wisconsin
1113,126,11,115,47248A,Slithering Pink Pythons,IPREP  ACADEMY NORTH,Florida - South
1114,126,7,119,3383C,The Blue Sparks,ORCHARD HILLS,California - South
1115,126,14,112,770X,Re-imagine Robotics Xcalibur,Re-imagine Robotics,Georgia
1116,126,14,112,769A,DAHİ ÇOCUKLAR,Dahi Çocuklar-1 Robotik Team,Türkiye
1117,126,4,122,63366M,MECHANICAL MANIACS,IGNITE ROBOTICS,North Carolina
1118,126,9,117,21549C,Constellation,Queen Elizabeth's School,United Kingdom
1119,126,0,126,6655X,Future Maker,Dr.player robotics lab Taipei,Chinese Taipei
1120,126,4,122,11110Z,GJHS-Wobble,BARBARA AND HANK GREENSPUN JUNIOR HIGH SCHOOL,Nevada
1121,126,0,126,26390T,SLA STEAM Crew,"TH, THCS, THPT Chu Van An, Tp  Son La, Viet Nam",Vietnam
1122,126,0,126,1012W,Ten Ton Robotics,West Vancouver Schools,British Columbia (BC)
1123,126,0,126,36789A,FPT Bắc Ninh Fighting,FPT School Bắc Ninh,Vietnam
1124,126,0,126,77167A,ningsi-edu,ningsi-edu,North China
1125,126,0,126,10458D,Beijing No.80 Middle School 10458D,Beijing No.80 Middle school,North China
1126,126,0,126,54345B,SIS Cheese Burger Please,Seoul International School,South Korea
1127,126,0,126,48009C,Machine Teens,Roeper School,Michigan
1128,125,53,72,91132X,Bot Builders,Blake Beem,Arizona
1129,125,40,85,1695S,Supernova,Walter Polson Middle School,Connecticut
1130,125,34,91,5694A,Carver Robo Dream Team,Carver Community Center,Indiana - Region 1 - North
1131,125,34,91,20616A,Robolution A,ALEX SANGER PREPARATORY MIDDLE,Texas - Region 2
1132,125,34,91,25991A,The Mighty Robots,Cherokee Nation Immersion,Oklahoma
1133,125,9,116,53403C,Many Incredibly Happy Nerds,WISCONSIN LUTHERAN SCHOOL,Wisconsin
1134,125,25,100,61002H,We Still Don't Have a Name,Ellensburg Robotics Club,Washington
1135,125,27,98,2045R,RoboRaptors,RANSOM EVERGLADES MIDDLE SCHOOL,Florida - South
1136,125,14,111,929B,Hereford Zone BANANA!  Robotics,HEREFORD MIDDLE,Maryland
1137,125,4,121,11471G,Fantastic 4,LaSalle Preparatory School,New York-North
1138,125,6,119,26346F,Vex Monkeys,Pannini Tech Academy,North Carolina
1139,125,0,125,21159A,Champlanning,Champlanning,North China
1140,125,0,125,85556B,上海市民办万源协和双语学校 ,上海市万源协和双语学校,East China
1141,124,56,68,73447B,EAGnichtgespeichert,Ernst-Abbe-Gymnasium,Germany
1142,124,45,79,70569D,Big Dawgs,LYONS MIDDLE/SENIOR HIGH SCHOOL,Colorado
1143,124,18,106,11110B,GJHS-The Thinkers,BARBARA AND HANK GREENSPUN JUNIOR HIGH SCHOOL,Nevada
1144,124,22,102,11028A,NCSA Robotic Eagles,Newton County STEAM Academy,Georgia
1145,124,36,88,6174C,Hightower Trail Advanced Robotics Projects Agency,HIGHTOWER TRAIL MIDDLE SCHOOL,Georgia
1146,124,30,94,28595A,Falling Chairs,Good Shepherd Lutheran,South Dakota
1147,124,2,122,17035C,Robo Warriors,LIBERTY PARK MIDDLE SCHOOL,Alabama
1148,124,20,104,21549D,Fusion Force,Queen Elizabeth's School,United Kingdom
1149,124,16,108,77773P,Code Crushers,MADISON MIDDLE SCHOOL,Mississippi
1150,124,14,110,41400R,Robo-Rockets,HAROLD E. WINKLER MIDDLE,North Carolina
1151,124,7,117,45318G,Southwood StarBots,SOUTHWOOD MIDDLE SCHOOL,Florida - South
1152,124,7,117,91311B,The Four Musketeers,Ernest Lawrence Middle School,California - South
1153,124,14,110,78337B,The Uncapped Pins,"PINE CREST SCHOOL, BOCA RATON CAMPUS",Florida - South
1154,124,14,110,6040Z,深圳市龙华区万科双语学校,深圳市龙华区万科双语学校,South China
1155,124,14,110,11293D,Henry MS,PATRICK HENRY MIDDLE,California - South
1156,124,7,117,1901A,Notre Dame 67 Titans,Notre Dame Catholic School,Texas - Region 4
1157,124,0,124,11323B,Cataclyst,HOWARD W. BISHOP MIDDLE SCHOOL,Florida - North/Central
1158,124,0,124,7144S,Hollow Purple,MILLBURN MIDDLE SCHOOL,New Jersey
1159,124,0,124,84J,CyberLegends,TIMBERLINE MIDDLE SCHOOL,Washington
1160,124,0,124,839K,// Caution Tape //,Caution Tape Robotics ////,Ontario
1161,124,0,124,12861E,ROBO-β,Beijing Boyouhui Education and Technology Services Company Limited,North China
1162,124,0,124,18886D,锦鲤队,北京童程优创教育科技有限公司,North China
1163,124,0,124,31668B,西安市曲江第一学校,西安市曲江第一学校,West China
1164,123,32,91,54037Z,I Don't Know,The Canadian International School Guangzhou,South China
1165,123,4,119,37R,The Letter B,Cranbrook,Michigan
1166,123,2,121,77612C,Blittz Botz,BUNA J H,Texas - Region 3
1167,123,17,106,43283B,Power Puff Girls,OLD TOWN MIDDLE,Mississippi
1168,123,11,112,27752C,S.T.E.M. bots,FOSTER DUAL LANGUAGE PK-8,Colorado
1169,123,4,119,54037E,Crispy Crunchers,The Canadian International School Guangzhou,South China
1170,123,4,119,11575E,The Irate Iguanas,COLEMAN MIDDLE SCHOOL,Florida - North/Central
1171,123,2,121,1771T,Bilim Start 01,Bilim Start 01,Kazakhstan
1172,123,0,123,8189K,登登登登登登队,北京丰台建华学校,North China
1173,123,0,123,9123A,附中战队,江苏省泰州中学附属初级中学,East China
1174,123,0,123,20288A,FPT-IGO,THCS & THPT FPT,Vietnam
1175,122,48,74,98466X,Kentucky Fried Eagles,Shanghai american school,East China
1176,122,38,84,32219D,DORAL JAM,Doral Academy JAM,Florida - South
1177,122,38,84,8692C,Skyline GTR,THE LAB SCHOOL OF WASHINGTON,District of Columbia
1178,122,36,86,21350A,Cheeky Atoms,Trinity Grammar Preparatory School,Australia
1179,122,36,86,9710A,Tech Support,A2 Solutions,North Carolina
1180,122,7,115,99997B,MechaDrive,Cuddle STEM Center,Chinese Taipei
1181,122,14,108,341A,Liv·e: Best,LIV Koleji,Türkiye
1182,122,12,110,16837C,Jeff,Techblazers - North York,Ontario
1183,122,0,122,25155A,胜利飞燕队,Ai森林,East China
1184,122,0,122,14888D,Delta Squad,X-Robots Edu,New Zealand
1185,122,0,122,78151B,Byting Bulldogs,Colonel Wheeler Middle School,Indiana - Region 1 - North
1186,121,51,70,93547A,VTMS Tigers,VON TOBEL  ED MIDDLE SCHOOL,Nevada
1187,121,48,73,70444X,RoboFins,DOWNTOWN DORAL CHARTER UPPER SCHOOL,Florida - South
1188,121,24,97,2822X,Aventus,STAUFFER (MARY R.) MIDDLE,California - South
1189,121,18,103,62269A,Mecha Minds,Independent Team,Illinois
1190,121,9,112,34802E,Şişli Bilsem Robotics,Şişli Bilim Ve Sanat Merkezi (ŞİŞLİ SCIENCE and ART CENTER),Türkiye
1191,121,14,107,47201C,Central Cyborgs,CENTRAL MIDDLE SCHOOL,Indiana - Region 3 - South
1192,121,9,112,290A,Apollo,Orley Farm School,United Kingdom
1193,121,7,114,478B,Elevate-Your Friendly Neighborhood Robotics Team,Elevate Tech,Washington
1194,121,0,121,2226E,Sesame,Yantai Huasheng International School (LifePlus),Middle China
1195,121,0,121,65950A,Square Shaped Potatoes,Coast 2 Coast Robotics,New York-South
1196,121,0,121,8366A,小小怪A,金水区纬五路第二小学(明鸿校区),Middle China
1197,120,46,74,9364R,Iron Eagles - Rolly Pollyz,Brentwood Academy,Tennessee
1198,120,46,74,50298G,Great Goats,Mapleton Middle School,Ohio
1199,120,46,74,5813M,Mini Megalodons,SHORELINE JUNIOR HIGH,Utah
1200,120,36,84,6634C,JellyBots - CCS3,Chattanooga Christian School,Tennessee
1201,120,36,84,34343B,Carmel CouGears,CARMEL MIDDLE SCHOOL,Indiana - Region 2 - Central
1202,120,34,86,2501W,The Hive 4.0,Jr Jacket Robotics,Iowa
1203,120,34,86,75640G,Cardboard Cutouts,NEW DIANA MIDDLE,Texas - Region 2
1204,120,18,102,29627V,Short Circuit,Bixby Middle School,Oklahoma
1205,120,18,102,6441F,STEM Squad Robotics (F),HOWARD D. MCMILLAN MIDDLE SCHOOL,Florida - South
1206,120,9,111,2501U,Gregory Bees,Jr Jacket Robotics,Iowa
1207,120,2,118,33770B,Battledroids,COLD SPRINGS ELEMENTARY SCHOOL,Alabama
1208,120,4,116,55164B,Robolabz Beta,Robolabz STEM Academy,Paraguay
1209,120,0,120,65519G,SV_ROBUSTA,SAO VIET INTER-LEVEL SCHOOL,Vietnam
1210,120,0,120,646A,浙大附中&江南实验&文涛中学,浙大附中&江南实验&文涛中学,East China
1211,120,0,120,6039K,The Leviathans,BrandywineBOTS Robotics,Delmarva
1212,119,7,112,3053A,Techno Tiger Sharks,DAWSON COUNTY MIDDLE SCHOOL,Georgia
1213,119,28,91,28134E,Otwell Robotics,Otwell Middle School,Georgia
1214,119,28,91,58130G,Gear Grinders,Junior Lynx Robotics,Iowa
1215,119,35,84,28586D,The Alphas,CHARLES ARTHUR HUGHES MIDDLE SCHOOL,Nevada
1216,119,28,91,26455F,Escaped from the Circus,Adirondack Robotics Club,New York-North
1217,119,2,117,3369K,KALAMITY,Irvine Robotics,California - South
1218,119,0,119,70113H,GC Breakers,台南喬智創意機器人,Chinese Taipei
1219,119,18,101,95265B,Robo Duckies,Henkle Middle School	,Oregon
1220,119,18,101,27752B,The T.E.R.M.I.N.A.T.O.R.S.,FOSTER DUAL LANGUAGE PK-8,Colorado
1221,119,7,112,6546W,One Degree North: 404 Team Not Found,Singapore American School,Singapore
1222,119,14,105,37825A,Beach Bots,LoCo Robo,South Carolina
1223,119,14,105,1850C,NLCS_VEXens,North London Collegiate School,United Kingdom
1224,119,9,110,1024S,"GearCats ""Scientists""",FALL CREEK VALLEY MIDDLE SCHOOL,Indiana - Region 2 - Central
1225,119,9,110,64165V,EDS_Spirit,InnoChain – Edu Investment Joint Stock Company,Vietnam
1226,119,7,112,44632T,Future Billionaires,LAKE MIDDLE / HIGH SCHOOL,Ohio
1227,119,0,119,33363B,JLSVortex,John Lyon School,United Kingdom
1228,119,7,112,9955Y,Cybot-9955Y,Cybot,British Columbia (BC)
1229,119,7,112,73375B,FrostBots B,Robert Frost Middle School,California - South
1230,119,2,117,1729X,Absolute 2.0,International Robotics Academy,Kazakhstan
1231,119,2,117,63355B,Team Heinitz B,Heinitz-Gymnasium,Germany
1232,119,0,119,59272B,Raptors,DOVE SCIENCE ACADEMY TULSA,Oklahoma
1233,119,2,117,20267Y,Neo Dokkaebi,The Beyond Coding,South Korea
1234,119,2,117,20267X,Korean Tigers,The Beyond Coding,South Korea
1235,119,0,119,16158M,BCS Quantum Robotics,Baltimore Chinese School,Maryland
1236,119,0,119,917B,917B,Shanghai Jincai Middle School,East China
1237,119,0,119,3927H,真相只有一个就是你是队,福州乐博乐博科技教育有限公司,South China
1238,119,0,119,166Y,SZSY Team2,SHENZHEN EXPERIMENTAL SCHOOL,South China
1239,119,0,119,83838A,CHIẾN BINH ALPHA,Hệ thống giáo dục Alpha SmartCity,Vietnam
1240,119,0,119,8111A,Dodson Quantum Bot,Rudecinda Sepulveda Dodson Middle School,California - South
1241,118,37,81,30597E,Hangry Birds,Korea International School Jeju,South Korea
1242,118,36,82,44632S,Shark Byte,LAKE MIDDLE / HIGH SCHOOL,Ohio
1243,118,34,84,21555A,Blue Dragons,Wildcats Robotics,Louisiana
1244,118,32,86,5813Y,Shark Byte,SHORELINE JUNIOR HIGH,Utah
1245,118,30,88,41400C,Quad Core,HAROLD E. WINKLER MIDDLE,North Carolina
1246,118,30,88,6900B,"No, Busy",iSTEAM Academy,Massachusetts
1247,118,30,88,75502C,Quantum Questors,PLEASANT GROVE MIDDLE,Texas - Region 2
1248,118,6,112,6610Z,Launchpad,WOODLAND JUNIOR HIGH SCHOOL,Arkansas
1249,118,0,118,19800D,Electric Duckies,BOULTON SCHOOL,Utah
1250,118,2,116,65223B,Underaged Engineers,DE FOREST MIDDLE,Wisconsin
1251,117,54,63,40458F,LJH Mech and Cheese,LEGACY JR HIGH,Utah
1252,117,34,83,70484J,T-VEX,Independent Team,Virginia
1253,117,36,81,5010A,Cooked or get Cooked,Glendal Primary School,Australia
1254,117,26,91,84732A,Thunder Hawks,Ad Astra Robotics Club,Kansas
1255,117,24,93,95979D,Techno Logic,Liberty Middle School,Georgia
1256,117,7,110,3722E,5x5,The Frazer School,Florida - North/Central
1257,117,0,117,47D,Infinity,Evergreen Middle School PTSA,Washington
1258,117,7,110,73807A,Mechanical Mavericks,GERMANTOWN MIDDLE SCHOOL,Mississippi
1259,117,7,110,13952C,The Chill Bots,LAKESIDE MIDDLE SCHOOL,Arkansas
1260,117,7,110,52152B,blue pins,MONROE TOWNSHIP MIDDLE SCHOOL,New Jersey
1261,117,2,115,88771C,XiYuan Go Go,臺中市立西苑高級中學國中部,Chinese Taipei
1262,117,0,117,952Y,Ridgely Robotics,Ridgely Middle School,Maryland
1263,117,0,117,20255V,VICTORY01,Trường THCS Thực nghiệm Victory,Vietnam
1264,117,7,110,5670W,The Points,Orimattilan yhteiskoulu ja Erkko-lukio,Finland
1265,117,0,117,26059B,CPMS Robotic Warriors,CLARK PLEASANT MIDDLE SCHOOL,Indiana - Region 2 - Central
1266,117,0,117,55868A,revolution maker,PUICHING MIDDLE SCHOOL,Macau
1267,117,0,117,76763A,Explosive Sparks,WAIKIKI ROBOTIC,Hawaii
1268,116,62,54,84U,The Vexipedes,TIMBERLINE MIDDLE SCHOOL,Washington
1269,116,54,62,5670U,Katastrooffi,Orimattilan yhteiskoulu ja Erkko-lukio,Finland
1270,116,45,71,44117B,Wildcats B Team: Speed4Life,SAN ANTONIO ACADEMY OF TEXAS,Texas - Region 4
1271,116,16,100,1021B,Ten Ton Robotics,West Vancouver Secondary School,British Columbia (BC)
1272,116,36,80,49378S,Gearshift-Six,PETAL MIDDLE SCHOOL,Mississippi
1273,116,36,80,1050D,Tiny Giants,St Mary Catholic Middle School,Wisconsin
1274,116,30,86,75640E,ND Engineers,NEW DIANA MIDDLE,Texas - Region 2
1275,116,30,86,99136D,Mac n Cheez,Portland East Middle School,Tennessee
1276,116,25,91,44222E,SRS Blue Bosses,Sunset Ridge School,Illinois
1277,116,25,91,68671H,4 Big Guys,DANVILLE MIDDLE SCHOOL,Ohio
1278,116,25,91,15104C,Hardwired,Woodland Hills School District,Pennsylvania - West
1279,116,18,98,3722F,Robotic Rattlesnakes,The Frazer School,Florida - North/Central
1280,116,18,98,67073A,Union Grove Middle School,UNION GROVE MIDDLE,Georgia
1281,116,17,99,30597A,Walking Disasters,Korea International School Jeju,South Korea
1282,116,0,116,3722B,Tectonic Turtles,The Frazer School,Florida - North/Central
1283,116,6,110,26346E,Dragons of North,Pannini Tech Academy,North Carolina
1284,116,6,110,22903A,HABS_Q-TEK,Haberdashers' Boys' School,United Kingdom
1285,116,4,112,95023B,UELA-TEAM,UNIDAD EDUCATIVA LAS AMERICAS,Ecuador
1286,116,3,113,78808D,Nolan Ryan Junior High Team A,iCode Pearland,Texas - Region 3
1287,115,27,88,56426A,Roboty150,Szkoła Podstawowa nr 150,Poland
1288,115,24,91,6209B,Bacon Bots,B Team Robotics,Indiana - Region 1 - North
1289,115,21,94,7704G,Giga Flopping Girly Pops,ZIONSVILLE MIDDLE SCHOOL,Indiana - Region 2 - Central
1290,115,24,91,79755C,MiniTitans,ZŠ Na Valech,Czech Republic
1291,115,24,91,1408T,TwoHundredIQ,King Henry VIII School,United Kingdom
1292,115,17,98,44420B,Wild Bees,ZŠ Velvary,Czech Republic
1293,115,14,101,56565A,FoxBots,CADDO MILLS MIDDLE,Texas - Region 2
1294,115,7,108,88333A,RoboFans,House of Fan,Texas - Region 3
1295,115,0,115,7628F,Baja Blasters,GIBBS MIDDLE SCHOOL,Tennessee
1296,115,0,115,25812Y,EDS - NUKIE,Edison An Khánh,Vietnam
1297,115,0,115,12365A,MonarchDudes,Private,Washington
1298,114,2,112,2625A,Master Geeks,Geeks Robotics,North Carolina
1299,114,40,74,41400E,Expect the Worst,HAROLD E. WINKLER MIDDLE,North Carolina
1300,114,40,74,78338A,The Kit Kats,"PINE CREST SCHOOL, Boca Raton Campus",Florida - South
1301,114,34,80,702C,Vibots,RODGERS MIDDLE SCHOOL,Florida - North/Central
1302,114,18,96,66573C,Nightingale Ka-chow!,FLORENCE NIGHTINGALE MIDDLE,California - South
1303,114,30,84,12819P,The Potato Pies,Adelaide Botanic High School,Australia
1304,114,25,89,762K,/ POWER / ,未来科学家,Middle China
1305,114,25,89,57394B,Triple Threat,GARY E. COBB MIDDLE SCHOOL,Arkansas
1306,114,21,93,70484M,Ultramarine,Independent Team,Virginia
1307,114,17,97,4751F,Masterminds,Robotics Edge LLC.,Arizona
1308,114,14,100,9936F,Archimedes,Ramay Junior High School,Arkansas
1309,114,2,112,20058A,Cosmic Eagles,CORAL ACADEMY OF SCIENCE LAS VEGAS - Cadence,Nevada
1310,114,13,101,8135G,Grizzly Gears,PINEY GROVE MIDDLE SCHOOL,Georgia
1311,114,2,112,153C,Innovators,SPARTA MIDDLE SCHOOL,New Jersey
1312,114,7,107,14344J,EAGLETRONS,Mahindra International School,India
1313,114,7,107,18476A,Techno Tiaras,Sam's Robots,Virginia
1314,114,2,112,45318H,Southwood StarBots,SOUTHWOOD MIDDLE SCHOOL,Florida - South
1315,114,2,112,34802U,Turtle Robotics,Uskudar Bilim ve Sanat Merkezi,Türkiye
1316,114,2,112,64330A,Cactuses,HOLY SPIRIT SCHOOL,Kentucky
1317,114,2,112,14145A,Fish in a blender,Cairns state High School,Australia
1318,114,2,112,55847B,Tesla 3,Centro de Capacitación Nikola Tesla,Paraguay
1319,114,2,112,1114A,Paragon 2.0,Glebe Elementary School Parent Teacher Association,Virginia
1320,114,2,112,46750A,Cobalt Cougars,CRESTVIEW MIDDLE SCHOOL,Indiana - Region 1 - North
1321,113,38,75,1836D,Code Quackers,BARTON ACADEMY FOR ADVANCED WORLD STUDIES,Alabama
1322,113,38,75,55712F,Colt Squadron,Lawrence & Heidi Canarelli Middle School,Nevada
1323,113,38,75,65122A,Bakers,Gymnazium Dr. Josefa Pekare,Czech Republic
1324,113,28,85,846B,Ducks,Gearhead Robotics Club,Kansas
1325,113,28,85,952C,Ridgely Robotics,Ridgely Middle School,Maryland
1326,113,25,88,11586C,Cybernetic Rubber Duckies,HANCOCK MIDDLE SCHOOL,Mississippi
1327,113,14,99,6891G,Goofy Goober Glasses Guys,FAITH LUTHERAN MIDDLE SCHOOL,Nevada
1328,113,7,106,78843A,Lil Teletubbies,ARTHUR F. SMITH MIDDLE MAGNET SCHOOL,Louisiana
1329,113,7,106,1108V,DVbots,DEL VALLE MIDDLE,Texas - Region 1
1330,113,6,107,9200A,The 4 Amigos,ALICIA R CHACON INTERNATIONAL,Texas - Region 1
1331,113,0,113,12588A,12588A,福州市仓山区实验中学金山分校，福州市时代华威中学，福州第十六中学,South China
1332,112,84,28,1308C,Fiery Spinner,SUNSHINE STATE ACADEMY,Florida - South
1333,112,56,56,41400M,Managed Mayhem,HAROLD E. WINKLER MIDDLE,North Carolina
1334,112,39,73,64018A,PaletTech,Palet Okulları,Türkiye
1335,112,14,98,16346A,American 50/50,Cranberry Area Jshs,Pennsylvania - West
1336,112,36,76,60510B,B.O.B. (Built on Brains),Annoor Robotics,Tennessee
1337,112,7,105,770U,Re-imagine Robotics Ultramarine,Re-imagine Robotics,Georgia
1338,112,7,105,2090A,The Pin Pincher,Next Robotics,Alberta/Saskatchewan
1339,112,0,112,23232V,VOYAGER I,DOVE SCIENCE ACADEMY MIDDLE SCHOOL,Oklahoma
1340,112,28,84,7409Z,The Minions,BAYOU VIEW MIDDLE SCHOOL,Mississippi
1341,112,27,85,63258A,The Army,DESERT WIND MIDDLE SCHOOL,Arizona
1342,112,27,85,29611J,Drillbit,Powdersville Middle School,South Carolina
1343,112,24,88,64822A,Bot Knights,Private Group,North Carolina
1344,112,21,91,10851F,Fuzzy Logic,RIVERVIEW LUTHERAN SCHOOL,Wisconsin
1345,112,18,94,85665C,LWMS3,LISA ACADEMY WEST MIDDLE SCHOOL,Arkansas
1346,112,17,95,40053A,The Simpsons ,COOLEY MIDDLE SCHOOL,Arizona
1347,112,0,112,64883B,University School Sharks Robotics,Nova Southeastern University,Florida - South
1348,112,0,112,62026B,Ramenators,Fairfield Jr High,Utah
1349,112,14,98,42655D,Knox Doss D,KNOX DOSS MIDDLE SCHOOL AT DRAKES CREEK,Tennessee
1350,112,14,98,6233N,Invicta,Hometeam,North Carolina
1351,112,14,98,62026E,Baggeti Spaghetti,Fairfield Jr High,Utah
1352,112,14,98,80292C,Mars Rovers,AOTE Foundation,Michigan
1353,112,14,98,48300B,SAA-SDS 2,ST AGNES ACADEMY-ST DOMINIC SCHOOL,Tennessee
1354,112,2,110,27183X,The Corvids,Exponential Robotics,Utah
1355,112,7,105,4025A,Red Knights,Doty Middle School,California - South
1356,112,7,105,1418X,Iceman,The Robot Room,Nebraska
1357,112,0,112,90049K,EnKrypted,Syracuse Junior High,Utah
1358,112,2,110,63190G,Krubots - It Takes 3,Krubots.com,New Jersey
1359,112,4,108,11028W,NCSA Robotics (MS),Newton County STEAM Academy,Georgia
1360,112,0,112,81192Z,Slack Kings,The High School Attached to Tianjin University,North China
1361,112,2,110,46587C,Thundering Herd,Paramount Englewood,Indiana - Region 2 - Central
1362,112,2,110,34087A,SFK_MEKANIK KLAVYE,SULTAN FATİH KOLEJİ,Türkiye
1363,112,2,110,9360U,HKIS Uranium,Hong Kong International School,Hong Kong
1364,112,2,110,741X,KIES Legends,Kuwait International English School (KIES),Kuwait
1365,112,2,110,92331B,Thunders,Antalya Lara Bahçeşehir College,Türkiye
1366,112,2,110,18386A,Princeton Middle A,PRINCETON MIDDLE SCHOOL,West Virginia
1367,112,0,112,31500A,Silver Owl,Silver Owl Robotics Inc.,Ontario
1368,112,0,112,970A,兰州市第三十五中学A队,兰州市第三十五中学,West China
1369,112,0,112,9231A,BASIS International School Park Lane Harbour,BASIS International School Park Lane Harbour,South China
1370,112,0,112,47Z,The Assemblers,Evergreen Middle School PTSA,Washington
1371,112,0,112,23232X,VIPER,DOVE SCIENCE ACADEMY MIDDLE SCHOOL,Oklahoma
1372,112,0,112,6671C,Barbatos,WT Robotics Workshop,Middle China
1373,112,0,112,33943X,Fukien Secondary School (Siu Sai Wan),Fukien Secondary School (Siu Sai Wan),Hong Kong
1374,112,0,112,62808A,地表最强,码高机器人（上地安宁庄校区）,North China
1375,112,0,112,54037D,Cyber Soldiers,The Canadian International School Guangzhou,South China
1376,112,0,112,184B,TBD,Timberline Middle School,Washington
1377,112,0,112,1531A,VEX STORM,Kadriye Kemal Gürel İlkokulu,Türkiye
1378,112,0,112,36238D,Phoenix King,AI & Robotics Academy LLC,Texas - Region 2
1379,112,0,112,12357Z,No Idea,Infinite Robotics,New York-South
1380,111,38,73,1021J,Ten Ton Robotics,West Vancouver Schools,British Columbia (BC)
1381,111,18,93,63190E,Krubots - Flamin' Hot Cheetos,Krubots.com,New Jersey
1382,111,25,86,14323C,The Crazy Cackle,FAIRBANKS MIDDLE SCHOOL,Ohio
1383,111,17,94,1463B,A Team,Unfinished Maker Space,California - North
1384,111,17,94,90049V,The Rubber Ducks,Syracuse Junior High,Utah
1385,111,14,97,4025B,4025 Team B,Doty Middle School,California - South
1386,111,9,102,9864B,Macaubaptist Secondary Team B,Macau Baptist College,Macau
1387,111,0,111,94166A,Team Mango Drones,Magikid Robotics Lab,Texas - Region 3
1388,110,54,56,36010A,CSDE Middle School A,Cairns School of  Distance Education,Australia
1389,110,36,74,37915G,Uranium Donkey,Youth Outreach in STEM,Tennessee
1390,110,2,108,66573B,Nightingale GEICO,FLORENCE NIGHTINGALE MIDDLE,California - South
1391,110,32,78,84063B,Pulhof Robotics B,O.L.V.-Insituut / Pulhof,Belgium
1392,110,28,82,8253A,CyberStorm,South Mercer Robotics,Washington
1393,110,27,83,725B,Apex Banana Gnomes,Apex Robotics,Arizona
1394,110,0,110,770W,Re-imagine Robotics Winstackers,Re-imagine Robotics,Georgia
1395,110,18,92,5020A,LOUD HOUSE,LAKELAND MIDDLE PREPARATORY SCHOOL,Tennessee
1396,110,17,93,33334Z,Taft Cyberdogs,ROBERT TAFT MIDDLE SCHOOL,Indiana - Region 1 - North
1397,110,0,110,1336A,Potato,KROMREY MIDDLE,Wisconsin
1398,110,14,96,6687A,Keystone Oaks A,KEYSTONE OAKS MIDDLE SCHOOL,Pennsylvania - West
1399,110,2,108,647X,Bot Camp X,Bot Camp,Ontario
1400,110,0,110,66366C,The Nexus,MARTINEZ MIDDLE SCHOOL,Florida - North/Central
1401,110,7,103,73375A,FrostBots A,Robert Frost Middle School,California - South
1402,110,0,110,7775A,The Gear Ticklers,CADWALLADER MIDDLE SCHOOL,Nevada
1403,110,0,110,4430N,Classified,WEST HARDIN MIDDLE SCHOOL,Kentucky
1404,110,0,110,46750C,80% Human,CRESTVIEW MIDDLE SCHOOL,Indiana - Region 1 - North
1405,110,0,110,79420T,79420T,Carey Baptist College,Australia
1406,110,0,110,8871C,The Questionable Potato Drinkers,WALTER JOHNSON JUNIOR HIGH SCHOOL ACADEMY OF INTERNATIONAL S,Nevada
1407,110,0,110,79797F,UAS Engineering,Universal American School,Kuwait
1408,110,0,110,13371A,USC-MAE,USC-MAE,California - South
1409,110,0,110,1771A,Bilim Start 3,Bilim Start,Kazakhstan
1410,110,0,110,33898C,FSC BG 03,"Trường tiểu học, THCS & THPT FPT Bắc Giang",Vietnam
1411,110,0,110,779H,FA-The Codemancers,Futurum Academy Singapore,Singapore
1412,110,0,110,64165G,XOM NHA LA 2.0,DONG DU MIDDLE SCHOOL AND HIGH SCHOOL,Vietnam
1413,110,0,110,6627B,Deletious,MakerSpark Education & Technology,Hong Kong
1414,110,0,110,33111B,Superstar,Robotmastery,Texas - Region 3
1415,109,41,68,73922C,Nugget+,STANLEY BRITISH PRIMARY SCHOOL,Colorado
1416,109,36,73,32092J,Blue Baboons,Stargate Charter School,Colorado
1417,109,36,73,71843G,Hendricks Robotics G,HENDRICKS MIDDLE SCHOOL,Georgia
1418,109,36,73,81011B,Techno Dragons,RAAS Robotics,New Jersey
1419,109,34,75,22121B,Causey Techno Tigers,Causey Middle School,Alabama
1420,109,31,78,5815B,IPCS Innovators,INNOVATIONS - PCS,Hawaii
1421,109,31,78,5815A,IPCS Innovators,INNOVATIONS - PCS,Hawaii
1422,109,18,91,1024E,"GearCats ""Engineers""",FALL CREEK VALLEY MIDDLE SCHOOL,Indiana - Region 2 - Central
1423,109,25,84,1850E,NLCS_Robotrix,North London Collegiate School,United Kingdom
1424,109,24,85,11566K,Holmes Eaglebotz,Holmes International Middle School,California - South
1425,109,23,86,7704E,Electric Exercising Elephants,ZIONSVILLE MIDDLE SCHOOL,Indiana - Region 2 - Central
1426,109,18,91,2214A,Pet Power,Kaleo Academy,Texas - Region 4
1427,109,19,90,79741C,Timmy Toddlers,Jim Ned Middle School,Texas - Region 5
1428,109,18,91,85665E,LWMS5,LISA ACADEMY WEST MIDDLE SCHOOL,Arkansas
1429,109,17,92,5813W,Wail Sharks,SHORELINE JUNIOR HIGH,Utah
1430,109,17,92,44844B,Energy Surge,Neenah Middle School,Wisconsin
1431,109,16,93,84063A,Pulhof Robotics A,O.L.V.-Insituut / Pulhof,Belgium
1432,109,16,93,28H,HELP US!,Robot Revolution,New Jersey
1433,109,14,95,45908C,Hyper Lynx,LINDALE MIDDLE,Maryland
1434,109,0,109,1463E,The Trilobites,Unfinished Maker Space,California - North
1435,109,14,95,8398B,Clankers,Bayside Academy,Alabama
1436,109,6,103,24016A,HYKYLDSS Team A,N.T. Heung Yee Kuk Yuen Long District Secondary School,Hong Kong
1437,109,6,103,55508B,The Laurafans,CT STEM Academy,Connecticut
1438,109,6,103,44222C,SRS CO-BROS,Sunset Ridge School,Illinois
1439,109,2,107,23900A,Argon,BEECHWOOD MIDDLE,South Carolina
1440,109,0,109,75954A,Twisted Axles- CMS,WALTER & LOIS CURTIS MIDDLE,Texas - Region 5
1441,109,0,109,55847A,Tesla 1,Centro de Capacitacion Nikola Tesla,Paraguay
1442,109,0,109,92A,VEXMEN: Archangel,Brandywine Robotics Inc,Pennsylvania - East
1443,109,0,109,4535V,Smart Vanguard,深圳市宝安中学(集团)海滨中学,South China
1444,109,0,109,57394A,The Groupers,GARY E. COBB MIDDLE SCHOOL,Arkansas
1445,108,40,68,80258B,Shark Attack!,SOMERSET ACADEMY STEPHANIE,Nevada
1446,108,17,91,24351A,Rocky Flats Reactors,Engage Robotics,Colorado
1447,108,35,73,47770C,The Robotic Unicorns,Black River Falls Middle School,Wisconsin
1448,108,35,73,1267Z,Knights IQ,Delaware County Christian School,Pennsylvania - East
1449,108,28,80,85665B,LWMS2,LISA ACADEMY WEST MIDDLE SCHOOL,Arkansas
1450,108,24,84,9364Y,Iron Eagles-Yappers,Brentwood Academy,Tennessee
1451,108,26,82,45908A,Hyper Lynx,LINDALE MIDDLE,Maryland
1452,108,26,82,55883B,Bionic Bulldogs,GOLD HILL MIDDLE,South Carolina
1453,108,25,83,11064E,The E Team,BRINK JHS,Oklahoma
1454,108,20,88,74177U,Mission Un-Impossible,PINECREST ACADEMY OF NEVADA SLOAN CANYON,Nevada
1455,108,20,88,98000C,Stacked Goldfish,FOOTHILLS MIDDLE SCHOOL,Washington
1456,108,0,108,5559A,OK-Quantum Mechatronics,OpenKids,Singapore
1457,108,9,99,15153Z,Aquabots,TRINITY HEIGHTS GIFTED AND TALENTED SCHOOL,Texas - Region 2
1458,108,6,102,6610T,Scrooge,Woodland Junior High School,Arkansas
1459,108,0,108,7144A,Armageddon,MILLBURN MIDDLE SCHOOL,New Jersey
1460,108,2,106,67671C,Robo Royals,REDLAND MIDDLE SCHOOL,Florida - South
1461,108,0,108,76268A,DINNER Club MCR A,Mind Crafters Robotics,California - South
1462,108,2,106,9964B,Greenwood Robodogs,GREENWOOD JUNIOR HIGH SCHOOL,Arkansas
1463,108,0,108,17802A,The Gear Masters,Canyon Breeze Elementary School,Arizona
1464,108,0,108,366T,辅轮T队,XIAN FULUN MS,West China
1465,108,0,108,16565A,RPG65NoVa,Rajaprajanugroh 65 Phatthalung School,Thailand
1466,108,0,108,45557A,Cyber Dolphins,International School Of Panama,Panama
1467,108,0,108,3686B,Warrior Robotics--Krusty Krew,WOODLAND MIDDLE SCHOOL,Tennessee
1468,107,52,55,74177W,Lavender Calypso,PINECREST ACADEMY OF NEVADA SLOAN CANYON,Nevada
1469,107,36,71,67846B,Pivot Robotics,Great Plains MakerSpace - Pivot Robotics,Kansas
1470,107,29,78,34444A,Elite 404,Royal Commission in Jubail,Saudi Arabia
1471,107,2,105,51980A,avo-birds,Independent,California - North
1472,107,23,84,11336C,Nerdy Beluga Pigs,CENTRAL MIDDLE SCHOOL,New Jersey
1473,107,18,89,14094F,TekDek,DESALES CATHOLIC SCHOOL,New York-North
1474,107,16,91,10161A,Akamai Ma'alahi,Haili Christian School,Hawaii
1475,107,14,93,49131F,The Mustash-E Bros,NORTH CLARION CO JSHS SCHOOL ,Pennsylvania - West
1476,107,14,93,49012A,49012A,深圳实验学校坂田部,South China
1477,107,14,93,2090P,Sushi Bar,Next Robotics,Alberta/Saskatchewan
1478,107,14,93,55609A,Chrome Robotics,James Gillespie’s High School,United Kingdom
1479,107,7,100,72065Y,RoboRangers.gif,East End Middle School,Arkansas
1480,107,7,100,559B,RQ - Sharjah 2,RQ Science & Technology - Kalba,United Arab Emirates
1481,107,7,100,34000B,Liv·e : dark_owls,Liv Koleji,Türkiye
1482,107,0,107,18684A,深圳实验学校初中部,深圳实验学校初中部,South China
1483,107,0,107,55678D,初中二队,YOCO STEAM LAB,North China
1484,107,0,107,3686D,SHAADow Nova,WOODLAND MIDDLE SCHOOL,Tennessee
1485,107,0,107,11111C,St. Bridget School 11111C,ST BRIDGET SCHOOL,Connecticut
1486,107,0,107,81314P,SCORPIO,American International School of Guangzhou,South China
1487,106,80,26,23851B,Phenomenal 5,Falkon Academy,California - North
1488,106,46,60,2529K,Smiley (Girls' Version),CLAY MIDDLE SCHOOL,Indiana - Region 2 - Central
1489,106,44,62,1356A,Golden Dragons,Wildwood Middle School,West Virginia
1490,106,34,72,22281H,Robotic Warriors,Smith Foundation,New Jersey
1491,106,24,82,44001A,Sant Jordi Robòtics,Col·legi Sant Jordi de Palafrugell,Spain
1492,106,19,87,75640C,The Pinheads,NEW DIANA MIDDLE,Texas - Region 2
1493,106,20,86,57069C,Cyber Chickens,Robotics of Vermillion,South Dakota
1494,106,18,88,74778A,Riverside Stackers,RIVERSIDE MIDDLE,Texas - Region 1
1495,106,0,106,28586E,Baconators,CHARLES ARTHUR HUGHES MIDDLE SCHOOL,Nevada
1496,106,0,106,952H,Ridgely Robotics,Ridgely Middle School,Maryland
1497,106,2,104,8181Z,End of the Line,MANDARIN IMMERSION MAGNET SCHOOL,Texas - Region 3
1498,106,0,106,19374B,THCS Cao Lộc,Trường THCS Cao Lộc,Vietnam
1499,105,14,91,1012R,Ten Ton Robotics,West Vancouver Schools,British Columbia (BC)
1500,105,35,70,36832E,Nebula,Auburn Junior High School ,Alabama
1501,105,31,74,44035V,The Gummi Bears,Elyria Robotics,Ohio
1502,105,29,76,92K,VEXMEN: Karma,Brandywine Robotics Inc.,Pennsylvania - East
1503,105,27,78,94600C,Knights,St Mary's School,Connecticut
1504,105,28,77,5813D,Fire Breathing Swimmy Lizards,Shoreline Junior High School,Utah
1505,105,19,86,91311C,Leviathan,Ernest Lawrence Middle School,California - South
1506,105,17,88,74778G,Rebel Builders,RIVERSIDE MIDDLE,Texas - Region 1
1507,105,14,91,1916C,Hazard Bots,Hutto Middle School,Texas - Region 4
1508,105,7,98,277R,TechX MonkeBoba,TechX Robotics,California - South
1509,105,14,91,46296B,Prince Phillip III,iCode,Virginia
1510,105,14,91,6233D,Division17,Hometeam,North Carolina
1511,105,12,93,72065C,Bumblebee.avi,East End Middle School,Arkansas
1512,105,7,98,5068W,Royal Neptune,MILLARD NORTH MIDDLE SCHOOL,Nebraska
1513,105,7,98,6210D,HCS: Donut Dudes,HERITAGE CHRISTIAN SCHOOL,Indiana - Region 2 - Central
1514,105,4,101,2529F,Clay Trojan Robotics,CLAY MIDDLE SCHOOL,Indiana - Region 2 - Central
1515,105,4,101,32398A,Da Vinci Team,Colegio Ntra Sra del Carmen Móstoles - Madrid,Spain
1516,105,0,105,75054C,Mechanical Thunder,EXCELSIOR ACADEMY,Utah
1517,105,2,103,31853B,Selma MS - Vecnators,SELMA MIDDLE SCHOOL,Indiana - Region 1 - North
1518,105,0,105,8651B,DCT Five Little Pigs,夢想機器人教室,Chinese Taipei
1519,105,0,105,57394C,Mod Squad,GARY E. COBB MIDDLE SCHOOL,Arkansas
1520,105,0,105,99966D,Kola robot,Heyuan Science and Technology Museum,South China
1521,105,0,105,87979A,斯坦星球一飞冲天队,余姚瑞鲤编程培训有限公司,East China
1522,105,0,105,67899B,LAZY,PU TAI JUNIOR HIGH SCHOOL,Chinese Taipei
1523,105,0,105,21337A,Chiang Rai Dynamics,Chiang Rai International School,Thailand
1524,105,0,105,6885A,IDK,RoboPlanet Burnaby,British Columbia (BC)
1525,105,0,105,24120E,The Beans,Inglewood Middle School,Washington
1526,105,0,105,95014E,Team E,STEM Cupertino,California - North
1527,104,61,43,10977C,WaldoBots C,BELEN JESUIT PREP SCHOOL,Florida - South
1528,104,53,51,91530A,JAMS Robo Patriots,JOHN ADAMS MIDDLE,California - South
1529,104,46,58,1925B,St. Bernard's Robotics,ST BERNARD'S SCHOOL,Minnesota
1530,104,44,60,4224A,Hattak Tali',Chickasaw Nation STEM Academy,Oklahoma
1531,104,38,66,1876Z,The Quacker Crackers,FRIENDS ACADEMY,New York-South
1532,104,30,74,7399A,Golden,GULFPORT CENTRAL MIDDLE SCHOOL,Mississippi
1533,104,34,70,63438D,Valpo Vipers: Horned Vipers,Benjamin Franklin Middle School,Indiana - Region 1 - North
1534,104,30,74,6656C,CodeXS,Xavier School,Philippines
1535,104,28,76,19953C,CEKFORCE,Özel 3 Mart Azizoğlu Ortaokulu,Türkiye
1536,104,18,86,1873B,Thunderbolts,CULLMAN MIDDLE SCHOOL,Alabama
1537,104,27,77,56394N,Nāwahī Kime Lopako,KE KULA O NAWAHIOKALANIOPUU IKI - LABORATORY PCS,Hawaii
1538,104,27,77,71410D,Flux22,Falkon Academy - Marina Village Middle School,California - North
1539,104,20,84,1418Y,Rooster,The Robot Room,Nebraska
1540,104,18,86,14180B,The Burnt Crayons ,PETER F ALBA MIDDLE SCHOOL,Alabama
1541,104,0,104,23093Z,The Pyromaniacal Penguins,LASER,Virginia
1542,104,18,86,4700X,Mozart,TWAIN MIDDLE,Virginia
1543,104,18,86,55821D,Digital Dreamers,EAST RIDGE MIDDLE SCHOOL,Florida - North/Central
1544,104,18,86,57069A,The Clankers,Robotics of Vermillion,South Dakota
1545,104,14,90,44555A,Radioactive Indigo Koalas,BRC,Washington
1546,104,6,98,2529G,The G-G-GOATS,CLAY MIDDLE SCHOOL,Indiana - Region 2 - Central
1547,104,2,102,77773X,Mixed Machines,MADISON MIDDLE SCHOOL,Mississippi
1548,104,0,104,70888A,TBS,郑州童博士科技有限公司,Middle China
1549,104,0,104,72374A,Ducky,Huong Nguyen and Hoa Nguyen,Florida - North/Central
1550,104,0,104,10137A,Belzer Middle School,BELZER MIDDLE SCHOOL,Indiana - Region 2 - Central
1551,104,0,104,2445F,BATM,O'HARA PARK MIDDLE,California - North
1552,104,0,104,2226D,Triple J,Yantai Huasheng International School (LifePlus),Middle China
1553,104,0,104,1108S,Big Bad Bluebots,DEL VALLE MIDDLE,Texas - Region 1
1554,103,41,62,48495D,Rovers End Game,Rovers Robotics,New Zealand
1555,103,28,75,2131R,The Croissants,Kaysville Robotics Association,Utah
1556,103,28,75,16346E,Elite V.E.X.,Cranberry Area Jshs,Pennsylvania - West
1557,103,27,76,2045A,REbotics A,RANSOM EVERGLADES MIDDLE SCHOOL,Florida - South
1558,103,19,84,5253A,Eagle Engineers 5253A,American International School Hong Kong,Hong Kong
1559,103,17,86,98466A,APX Eagles Robotics,Shanghai american school,East China
1560,103,17,86,82716E,TS Gingers,TWIN SPRUCE JUNIOR HIGH SCHOOL,Wyoming
1561,103,17,86,16346H,Hog Riders,Cranberry Area Jshs,Pennsylvania - West
1562,103,2,101,28952G,Unbeatables,Greer Prep Academy,South Carolina
1563,103,2,101,10946F,Los Penguino Bots,MAYWOOD CENTER FOR ENRICHED STUDIES,California - South
1564,103,0,103,32123A,PB&J,PB&J Robotics,Washington
1565,103,0,103,23900D,The B Bot Coders,Beechwood Middle School,South Carolina
1566,102,64,38,74847B,NSLJ,St. Mary's International School,Japan
1567,102,46,56,15270R,Gears of Greatness ,Erie Homeschool Vex Robotics Club,Colorado
1568,102,28,74,69219A,Wesleyan Wolves A,WESLEYAN SCHOOL,Georgia
1569,102,28,74,46860X,X-Men Robotics,COPPINVILLE JR HIGH SCHOOL,Alabama
1570,102,18,84,32092C,Piglet Pursuit,Stargate Charter School,Colorado
1571,102,28,74,7226A,CKJH,Taichung Municipal Cheng-Kong Junior High School,Chinese Taipei
1572,102,18,84,12954F,4-H DawgBytes,Walker County 4-H,Georgia
1573,102,8,94,625E,Bully Busters,MAPLEWOOD MIDDLE,Wisconsin
1574,102,17,85,44035X,The Jawbreakers,Elyria Robotics,Ohio
1575,102,18,84,8686N,Nacho Chips,Sevier Middle School,South Carolina
1576,102,9,93,3722S,MANTIS,The Frazer School,Florida - North/Central
1577,102,17,85,7130C,Lightings,Lied Middle School,Nevada
1578,102,16,86,5709B,Techno Talons,Pin Oak Middle School,Texas - Region 3
1579,102,0,102,6671K,Focalors,Focalors,Middle China
1580,102,2,100,36832A,Owala Koalas,AUBURN JUNIOR HIGH SCHOOL,Alabama
1581,102,4,98,7775D,BBB,CADWALLADER MIDDLE SCHOOL,Nevada
1582,102,6,96,20122A,TECHNOTED,TED HATAY KOLEJİ,Türkiye
1583,102,2,100,9852C,The Apple Drop,Newton Sixth Form,Thailand
1584,102,4,98,25575B,Crazy Drivers,Tech Team,Washington
1585,102,4,98,5068G,Cntrl Alt Defeat,MILLARD NORTH MIDDLE SCHOOL,Nebraska
1586,102,2,100,214G,Glitter Gang,HAMILTON HEIGHTS MIDDLE SCHOOL,Indiana - Region 2 - Central
1587,102,0,102,65819D,Kammerer Middle School D,KAMMERER MIDDLE,Kentucky
1588,102,0,102,50674B,CSMS Powered Stallions,CORAL SPRINGS MIDDLE SCHOOL,Florida - South
1589,101,38,63,67420P,Prinťáci,"Základní škola a Mateřská škola, Stráž nad Nisou, příspěvková organizace",Czech Republic
1590,101,29,72,58303A,Pure Skill,VALLEY MIDDLE SCHOOL,North Dakota
1591,101,28,73,85321A,Team Chaos,Chaos Coordinators,Tennessee
1592,101,28,73,10452F,The Wizards,Haslett Robotics Club,Michigan
1593,101,18,83,65198E,The Wall-E-Pops,Jim Ned Intermediate School,Texas - Region 5
1594,101,24,77,11064B,The B Team,BRINK JHS,Oklahoma
1595,101,21,80,1836C,Crash Out Cuties,BARTON ACADEMY FOR ADVANCED WORLD STUDIES,Alabama
1596,101,20,81,76288B,The Clash,SPACES,Tennessee
1597,101,17,84,33033B,BatSteve,ST PAULS LUTHERAN SCHOOL,Wisconsin
1598,101,17,84,2529D,Clay Trojan Robotics,CLAY MIDDLE SCHOOL,Indiana - Region 2 - Central
1599,101,17,84,84496C,WBGS_Clipped_By_C,Watford Grammar School for Boys,United Kingdom
1600,101,11,90,33062C,Red Rover,HARTSELLE INTERMEDIATE SCHOOL,Alabama
1601,101,2,99,35016S,(AERO) The Moldy Cheese,ARAB JUNIOR HIGH SCHOOL,Alabama
1602,101,7,94,15765A,ÇeriBots,ÖZEL SANCAKTEPE YENİDOĞU ORTAOKULU,Türkiye
1603,101,7,94,15267A,Pirate Bots,Cochrane-Fountain City Jr. High School,Wisconsin
1604,101,0,101,33943A,Fukien Secondary School (Siu Sai Wan),Fukien Secondary School (Siu Sai Wan),Hong Kong
1605,101,0,101,13251A,FK1SS Team A,Fung Kai No.1 Secondary School,Hong Kong
1606,101,0,101,46750E,Blue Sandwiches,CRESTVIEW MIDDLE SCHOOL,Indiana - Region 1 - North
1607,101,0,101,18482C,Warm Springs Team #3,WARM SPRINGS MIDDLE,California - South
1608,101,0,101,45939A,Baron Bots A,DEKALB MIDDLE SCHOOL,Indiana - Region 1 - North
1609,100,2,98,73447A,EAGangster,Ernst-Abbe-Gymnasium,Germany
1610,100,37,63,6039W,67ers,BrandywineBOTS Robotics,Delmarva
1611,100,24,76,56721D,The Dirt Diggers,RIVERSIDE CHRISTIAN SCHOOL,Minnesota
1612,100,0,100,62153B,CMS2,Concordia Middle & High School,Chinese Taipei
1613,100,18,82,44844J,Vortex,Neenah Middle School,Wisconsin
1614,100,7,93,42862A,TorqueTitans,Private Home,United Kingdom
1615,100,18,82,90049E,THE PLASTIC CHAIRS,Syracuse Junior High,Utah
1616,100,2,98,12819A,Pop the corns,Adelaide Botanic High School,Australia
1617,100,18,82,20698Z,Maui Lani,Maui Lani,Hawaii
1618,100,14,86,4999W,404 Not Found,Mount Barker High school,Australia
1619,100,14,86,98999W,The Mr. CleanBots,River Ridge Academy,South Carolina
1620,100,0,100,2226F,GaJa,Yantai Huasheng International School (LifePlus),Middle China
1621,100,7,93,34701B,CLS I'm going to be king of the pirates,City of London School,United Kingdom
1622,100,7,93,50097A,EPIC INVENTORS FADAA AL MAOUHIBA EL JADIDA,FADAA AL MAOUHIBA EL JADIDA,Morocco
1623,100,7,93,84063C,Pulhof Robotics C,O.L.V.-Insituut / Pulhof,Belgium
1624,100,7,93,2569W,Rice Spice,Dreamstream Chino Hills,California - South
1625,100,7,93,3644B,Robo Avengers Team B,Robo Avengers Team B,Virginia
1626,100,7,93,5011A,Alpha-Z,Science Academy of Chicago,Illinois
1627,100,2,98,80292A,Sunny,AOTE Foundation,Michigan
1628,100,0,100,91441A,IAA Hawks,ISLAMIC ACADEMY OF ALABAMA,Alabama
1629,100,2,98,1565A,HGS_cogit,Highgate School,United Kingdom
1630,100,2,98,647C,Bot Camp C,Bot Camp,Ontario
1631,100,0,100,26277A,The Four Roboteers,HOOD RIVER MIDDLE SCHOOL,Oregon
1632,100,0,100,64165S,EDS_No name,InnoChain – Edu Investment Joint Stock Company,Vietnam
1633,100,0,100,5612A,RoboHub NZ,RoboHub NZ,New Zealand
1634,100,0,100,67840A,Robot Masters,BENJAMIN STODDERT MIDDLE SCHOOL,Maryland
1635,100,0,100,47P,CyberBots,EVERGREEN MIDDLE SCHOOL PTSA,Washington
1636,99,36,63,40458C,LJH- The Graveyard,LEGACY JR HIGH,Utah
1637,99,26,73,31408E,M&Ms,TAHLEQUAH MIDDLE SCHOOL,Oklahoma
1638,99,25,74,41400H,Hydro-Logic Hippos,HAROLD E. WINKLER MIDDLE,North Carolina
1639,99,21,78,2845R,Robo Rats,Ratatouille Robotics,France
1640,99,18,81,20352B,Mix and Matchers,SHERIDAN MIDDLE SCHOOL,Arkansas
1641,99,18,81,60510C,Shadow Bots,Annoor Robotics,Tennessee
1642,99,18,81,77773B,Robo Bananas,MADISON MIDDLE SCHOOL,Mississippi
1643,99,17,82,83203B,Hyper Bots,OSCEOLA SCIENCE CHARTER SCHOOL,Florida - North/Central
1644,99,13,86,66282A,Gears of Victory,NORTHWEST CABARRUS MIDDLE,North Carolina
1645,99,2,97,17705H,House of Havoc,ZIONSVILLE WEST MIDDLE SCHOOL,Indiana - Region 2 - Central
1646,99,2,97,20212N,Matrix_007,Matrix_007,United Kingdom
1647,99,2,97,88700E,Reina Roja 1,Academia STEM Tapachula,Mexico
1648,99,2,97,44713A,MEKATRON,Yenidoğu Okulları Çekmeköy,Türkiye
1649,98,38,60,68481B,Riverside Middle School Robotics 1,RIVERSIDE MIDDLE,South Carolina
1650,98,36,62,10673C,MMS #3,Marshall Middle School,Pennsylvania - West
1651,98,35,63,39971B,Deepminds Robotics,Deepminds Robotics,Texas - Region 4
1652,98,35,63,341T,Liv·e: Super Vex,LIV Koleji,Türkiye
1653,98,28,70,85365V,Vikings,Yuma Homeschool Robotics,Arizona
1654,98,28,70,72062A,JAM,St Finians Colleege,Ireland
1655,98,0,98,3896A,常营二队,乐思创新科技,North China
1656,98,18,80,2820W,We Don't Know,Oyster River Middle School,New Hampshire/Vermont
1657,98,18,80,75194C,Accept All Cookies,PORTER RANCH COMMUNITY,California - South
1658,98,17,81,14012A,Vexcellerate,PINECREST LAKES ACADEMY,Florida - North/Central
1659,98,14,84,25599K,Pass.Port Senior,Circuit Breakers,Türkiye
1660,98,7,91,72065Z,EndGame.exe,East End Middle School,Arkansas
1661,98,7,91,20352A,The Gear Grinders,SHERIDAN MIDDLE SCHOOL,Arkansas
1662,98,7,91,13765A,MTS_VEXPERTS,Merchant Taylors' School,United Kingdom
1663,98,7,91,18721K,Klankerz,STILLWATER MIDDLE SCHOOL,Oklahoma
1664,98,7,91,80707A,WangZhe,Sidun Edu,South China
1665,98,7,91,34802T,Techtolia Junior Robotics,Tenzile Erdoğan Kız Anadolu İmamhatip Lİsesi,Türkiye
1666,98,7,91,25678A,Ctr-Alt-Delete,Roland Park Magnet IB K-8,Florida - North/Central
1667,98,2,96,51190B,CVMS- Eaglebots,CHATTANOOGA VALLEY MIDDLE SCHOOL,Georgia
1668,98,4,94,21555B,MechaMen,Wildcats Robotics,Louisiana
1669,98,2,96,214B,Baby Beluga,HAMILTON HEIGHTS MIDDLE SCHOOL,Indiana - Region 2 - Central
1670,98,2,96,17291A,The Rebooters,The Rebooters,Texas - Region 3
1671,98,0,98,93939B,Tech Tonics,"Shrewsbury International School, Riverside",Thailand
1672,98,0,98,59272A,Raptor Robotics,DOVE SCIENCE ACADEMY TULSA,Oklahoma
1673,98,0,98,66888B,66888B,佛山市南海区石实实验学校,South China
1674,98,0,98,794D,RobotiX Institute,RobotiX Insititute,Tennessee
1675,98,0,98,82312B,UEPRIM MakerMinds,"Unidad Educativa Particular Bilingüe ""Principito & Marcel Laniado de Wind""",Ecuador
1676,98,0,98,38206A,Mirabots,UNIDAD EDUCATIVA MIRAFLORES,Ecuador
1677,98,0,98,54345C,SIS Please Burger Cheese,Seoul International School,South Korea
1678,98,0,98,68702J,Robotic Banana,QSI Quality Schools International,South China
1679,98,0,98,82894A,SAESPride ,ST ANDREW'S EPISCOPAL SCHOOL,California - North
1680,97,48,49,11450A,RMS Lions,RAVENSWOOD MIDDLE,California - North
1681,97,6,91,1567C,Litton,MILLER GROVE SCHOOL,Texas - Region 2
1682,97,23,74,13729P,Buffalo Bots,BUFFALO MIDDLE SCHOOL,West Virginia
1683,97,20,77,402A,No Pain No Chain,ST ROBERT BELLARMINE SCHOOL,Nebraska
1684,97,18,79,75263B,WarriorbotsJH2,WOODLAN JR/SR HIGH SCHOOL,Indiana - Region 1 - North
1685,97,17,80,9826K,Nova X,BERWICK ACADEMY,Maine
1686,97,17,80,10173W,HBS  Roboblasters,Henrietta Barnett School,United Kingdom
1687,97,4,93,24250F,VEX Vikings Falcon,BRENTWOOD MIDDLE SCHOOL,Tennessee
1688,97,4,93,1417R,RachmaniBOTS,ROM12 Inc.,Indiana - Region 2 - Central
1689,97,6,91,243C,Queens,FRONTIER SCHL OF INNOVATION-M,Missouri
1690,97,2,95,3568D,PAKSE_HN,"International School of Laos, Pakse campus",Laos
1691,97,0,97,49448A,TOTONEX,Colregio,Colombia
1692,97,0,97,2099A,2099A,STEMSTAR-ShenZhen,South China
1693,97,0,97,34967B,Cyborg Hawks,"Základní škola a Mateřská škola, Česká Lípa, Jižní 1903, příspěvková organizace",Czech Republic
1694,97,0,97,81314R,Kim Cook,American International School of Guangzhou,South China
1695,97,0,97,33111A,Rumble Bots,Robot Mastery,Texas - Region 3
1696,97,0,97,30041D,Lakeside 30041 D,LAKESIDE MIDDLE SCHOOL,Georgia
1697,96,36,60,58312B,Boppin Bir'bs,DESERT RIDGE MIDDLE,New Mexico
1698,96,30,66,21415A,Special Forces,SOUTH OGDEN JR HIGH,Utah
1699,96,28,68,40586A,Hickory Hackers,HICKORY RIDGE MIDDLE,North Carolina
1700,96,28,68,98585C,Vex Di Gras,Northshore Robotics,Louisiana
1701,96,24,72,29684A,TOT Bots,STARR-IVA MIDDLE,South Carolina
1702,96,14,82,11029A,The Blue Chickens,ABRAHAM LINCOLN MIDDLE SCHOOL,Florida - North/Central
1703,96,9,87,94600A,Knights,St Mary's School,Connecticut
1704,96,2,94,77643A,Harmony Tigers,HARMONY SCIENCE ACADEMY - BRYAN,Texas - Region 3
1705,96,6,90,587B,BOB SAYS HI,HILO INTERMEDIATE SCHOOL,Hawaii
1706,96,0,96,3531B,DESAmators,Dallas Environmental Science Academy,Texas - Region 2
1707,96,0,96,85789A,Pums Pirattiur ,Srf Foundation ,India
1708,96,0,96,75117D,SUBZ3R0,EDGEWOOD MIDDLE,Texas - Region 2
1709,95,44,51,56721E,Kupono pickles,RIVERSIDE CHRISTIAN SCHOOL,Minnesota
1710,95,40,55,44236E,FilizRobotics,Edirne Özel Filiz Okulları,Türkiye
1711,95,37,58,88454D,The Dynamic Raiders,EASTWOOD MIDDLE SCHOOL,Texas - Region 1
1712,95,21,74,66573D,Nightingale Daveenie,FLORENCE NIGHTINGALE MIDDLE,California - South
1713,95,34,61,71221A,STEM Squad,STEM For Kids,United Kingdom
1714,95,24,71,32889A,Geared UP,Dr. Phinnize J. Fisher Middle School,South Carolina
1715,95,2,93,61434T,Rising Sunset,Rising Sunset,Texas - Region 5
1716,95,19,76,56209A,Los Aguacateros,Walnut Park Mid A School Of Soc Just And Service Learning,California - South
1717,95,2,93,11030B,Robotech Immortals,Robotech Educational Services Inc.,New Jersey
1718,95,7,88,69897C,forrunners,BARRINGTON MIDDLE SCHOOL,Florida - North/Central
1719,95,13,82,19370D,Five Guys Sweepers,Our Lady of Perpetual Help Catholic School,Tennessee
1720,95,11,84,31337X,X Team,MOUNTAIN BROOK JUNIOR HIGH SCHOOL,Alabama
1721,95,7,88,63601A,Cookie Monsters,CENTRAL MIDDLE,Missouri
1722,95,9,86,18386C,Princeton Middle C,PRINCETON MIDDLE SCHOOL,West Virginia
1723,95,7,88,6233V,Vertex,Hometeam,North Carolina
1724,95,7,88,90007B,Revere Robotics Team B,PAUL REVERE CHARTER MIDDLE,California - South
1725,95,2,93,5559B,OK-Sigma King,OpenKids,Singapore
1726,95,0,95,48495K,Special K,Rovers Robotics,New Zealand
1727,95,0,95,557B,TED SAMSUN ROBOTICS TEAMS,TED SAMSUN KOLEJI,Türkiye
1728,95,0,95,54667E,Norse Force,Westby Middle School,Wisconsin
1729,95,0,95,70922A,APHS Techno Tigers,Academir Preparatory High School,Florida - South
1730,95,0,95,25352Z,System Error,DYR,California - North
1731,94,46,48,34926C,Mechmasters,Mosa-RT,Belgium
1732,94,45,49,12059C,Snack Bots,St. Luke Catholic School,Indiana - Region 2 - Central
1733,94,38,56,72799A,The RAYA Vipers,The School of Raya TSB Trust,India
1734,94,36,58,77732G,MSLR Club,MSLR Robotics,Indiana - Region 1 - North
1735,94,36,58,81011E,Robo Raptors,RAAS Robotics,New Jersey
1736,94,34,60,34344C,The Pinheads,CHICO JUNIOR HIGH,California - North
1737,94,28,66,85571D,BIA OWL's,Baltimore International Academy,Maryland
1738,94,18,76,9532E,Bacon-Botics,MCCANTS MIDDLE,South Carolina
1739,94,24,70,6656D,DragonXS,Xavier School,Philippines
1740,94,21,73,25455S,Bounty,CRANBERRY AREA JSHS,Pennsylvania - West
1741,94,20,74,3352M,Botty McBotface,VEXDiscovery,North Carolina
1742,94,20,74,98588A,Chevrette,NorthShore Robotics,Louisiana
1743,94,19,75,15155Z,Junior Pathfinders,AMERICAN LEADERSHIP ACADEMY Applied Technologies,Arizona
1744,94,18,76,23113A,RoboKai Aluminium,RoboKai,Virginia
1745,94,0,94,5813E,Lemon Sharks 2.0,SHORELINE JUNIOR HIGH,Utah
1746,94,9,85,6699P,The next team,Taiwan Robotics Lab,Chinese Taipei
1747,94,9,85,9821H,Tiny But Mighty,CENTRAL MIDDLE,Minnesota
1748,94,0,94,85974H,Wa-Nee:  The Heat,NorthWood Middle School,Indiana - Region 1 - North
1749,94,3,91,7627Y,7627Y,Teacher He's Robot Studio,South China
1750,94,0,94,99629Z,Team Z,Bob Miller Middle School,Nevada
1751,94,0,94,68702B,Käsehandler,QSI Quality Schools International,South China
1752,94,0,94,520D,Immanuel Warriors 520D,Immanuel Lutheran School,Indiana - Region 3 - South
1753,94,0,94,17925A,The Gremlins,Boswin Robotics,Ontario
1754,93,45,48,2281A,GMS Iron Man,ULYSSES S. GRANT MIDDLE SCHOOL,Ohio
1755,93,0,93,10863B,JSTEA TEAM B,JSTEA,Hong Kong
1756,93,35,58,30934B,Genç Mühendisler 2,Young Engineers,Türkiye
1757,93,30,63,19601B,VEX F.C.,The Benjamin School,Florida - South
1758,93,30,63,985A,All-Stars,Mary Our Queen School,Nebraska
1759,93,28,65,10515G,Pink Sparkly Bows,J WILLIAM FULBRIGHT JUNIOR HIGH SCHOOL,Arkansas
1760,93,9,84,33334A,Taft Cyberdogs,ROBERT TAFT MIDDLE SCHOOL,Indiana - Region 1 - North
1761,93,28,65,21169G,5 Guyss,Stamford American School Hong Kong,Hong Kong
1762,93,2,91,2281S,GMS War Machine,ULYSSES S. GRANT MIDDLE SCHOOL,Ohio
1763,93,7,86,88173C,GORLOCK,All Hallows Catholic High School,United Kingdom
1764,93,19,74,46415M,M!ZMO,Makati High School,Philippines
1765,93,17,76,8692B,Findle Sweeney,THE LAB SCHOOL OF WASHINGTON,District of Columbia
1766,93,9,84,603E,Exabytes,RIZE Robotics,New Hampshire/Vermont
1767,93,9,84,21549B,Omega,Queen Elizabeth's School,United Kingdom
1768,93,9,84,13289A,6 Musketeers,GRAYLING MIDDLE SCHOOL,Michigan
1769,93,7,86,435A,Fantastic Four,Noe Middle School,Kentucky
1770,93,7,86,25808Z,Time Pulse,Oberoi International School,India
1771,93,7,86,69314B,Riverside Gearbenders,RIVERSIDE JUNIOR HIGH,Indiana - Region 2 - Central
1772,93,7,86,1932A,Ursanauts: 6 Musketeers,JOSEPH S BRUNO MONTESSORI ACADEMY,Alabama
1773,93,4,89,1948B,Dover Air Base Middle School,DOVER AIR FORCE BASE MIDDLE SCHOOL,Delmarva
1774,93,0,93,2205G,Strawhats,Robospark,Washington
1775,93,2,91,6546S,One Degree North: Drift,Singapore American School,Singapore
1776,93,0,93,15703D,Cyborgs,MILL CREEK MIDDLE SCHOOL,Tennessee
1777,93,2,91,77278A,Wheeler Spartans A,MAJOR SHELDON WHEELER MIDDLE SCHOOL,Hawaii
1778,93,0,93,17760K,Imagineers,Capitol City Robotics,District of Columbia
1779,93,0,93,85202R,૮₍ ˃ ⤙ ˂ ₎ა Sheep is so Clean,China Holiness College,Hong Kong
1780,93,0,93,12580A,12580A,福州市麦浦小学，福州市台江区第三中心小学，福州市杨桥中学,South China
1781,93,0,93,19841Y,PLK1984 Team Y,Po Leung Kuk Ho Yuk Ching (1984) College,Hong Kong
1782,93,0,93,99303D,Error: 6677 Not Found,Chadwick International,South Korea
1783,93,0,93,8089A,Huemonelab A,Huemonelab Coding,South Korea
1784,93,0,93,77612D,Furry Burritos,BUNA J H,Texas - Region 3
1785,93,0,93,9825E,EWS RoboJags E,THE EMERY/WEINER SCHOOL,Texas - Region 3
1786,93,0,93,52013Y,RoboANY,RoboANY,United Kingdom
1787,93,0,93,85665D,LWMS4,LISA ACADEMY WEST MIDDLE SCHOOL,Arkansas
1788,92,36,56,263C,Just Toast,RIVERSIDE MIDDLE,South Carolina
1789,92,36,56,81834A,JedAI,Lower Hutt Robotics,New Zealand
1790,92,34,58,78231B,Jaguar Robotics Team B/ Nerd Gummy Clusters,JACKSON CREEK MIDDLE SCHOOL,Indiana - Region 3 - South
1791,92,34,58,78338B,The Peanut Butter Cups,"PINE CREST SCHOOL, Boca Raton Campus",Florida - South
1792,92,28,64,74628E,Apex Machines,THREE RIVERS SCHOOL,Illinois
1793,92,18,74,8135B,Grizzly Gears,PINEY GROVE MIDDLE SCHOOL,Georgia
1794,92,20,72,14094C,Robotix67,DESALES CATHOLIC SCHOOL,New York-North
1795,92,19,73,83203A,Mechanical Masters,OSCEOLA SCIENCE CHARTER SCHOOL,Florida - North/Central
1796,92,18,74,19953M,CEKTECH,Özel 3 Mart Azizoğlu Ortaokulu,Türkiye
1797,92,18,74,1336E,Atlantis Autoparts,KROMREY MIDDLE,Wisconsin
1798,92,18,74,3620A,Nitro chickens,RANDALL MIDDLE SCHOOL,Florida - North/Central
1799,92,18,74,435G,NoeBot G,Noe Middle School,Kentucky
1800,92,17,75,80697C,Robowizards,KANKAKEE VALLEY MIDDLE SCHOOL,Indiana - Region 1 - North
1801,92,17,75,7775F,Screws Loose,CADWALLADER MIDDLE SCHOOL,Nevada
1802,92,7,85,14094B,Team Catastrophe,DESALES CATHOLIC SCHOOL,New York-North
1803,92,8,84,92929C,92 Chorley Challengers,92 (Chorley) Squadron RAF Air Cadets,United Kingdom
1804,92,6,86,725A,Apex Hackers,Apex Robotics,Arizona
1805,92,4,88,184F,ShortCircuit,Timberline Middle School,Washington
1806,92,4,88,70414B,NFT,Servicios Educacionales Martim Cererê,Ecuador
1807,92,2,90,99639A,RoboMakers,SRF Foundation,India
1808,92,2,90,77643B,Harmony Hawks,HARMONY SCIENCE ACADEMY - BRYAN,Texas - Region 3
1809,91,38,53,88701B,OPS Robot 2,Oscar-Paret-Schule Freiberg am Neckar,Germany
1810,91,25,66,2281W,GMS Spider Man,ULYSSES S. GRANT MIDDLE SCHOOL,Ohio
1811,91,35,56,86674A,Robosapients,South Coast Baptist College,Australia
1812,91,7,84,1766P,The Gourmet Gearheads,North Fond Du Lac School District,Wisconsin
1813,91,27,64,72777A,F0rtnite Elite,EAST FORK LUTHERAN GRADE SCHOOL AND HIGH SCHOOL,Arizona
1814,91,28,63,752D,Maximus Error,Kenosha Robo Crew (YMCA),Wisconsin
1815,91,25,66,19370A,The Cheeto Puffs,Our Lady of Perpetual Help Catholic School,Tennessee
1816,91,21,70,50013B,SKHHTCSS B,S.K.H. Holy Trinity Church Secondary School,Hong Kong
1817,91,21,70,9825W,EWS RoboJags W,THE EMERY/WEINER SCHOOL,Texas - Region 3
1818,91,21,70,31408A,Cheez-Its,TAHLEQUAH MIDDLE SCHOOL,Oklahoma
1819,91,21,70,49378C,Oh-Clankers!,PETAL MIDDLE SCHOOL,Mississippi
1820,91,18,73,13251C,FK1SS Team C,Fung Kai No.1 Secondary School,Hong Kong
1821,91,18,73,243E,TechnoMinds,FRONTIER SCHL OF INNOVATION-M,Missouri
1822,91,7,84,7833C,Fearless Falcons,CORAL ACADEMY OF SCIENCE LAS VEGAS - WINDMILL,Nevada
1823,91,18,73,90003C,Mustangs,Mary Mcleod Bethune Middle School,California - South
1824,91,18,73,18841C,Aura,Marist College,Ireland
1825,91,18,73,81785Z,Kinsale VEX Cubs 3,Kinsale Community School,Ireland
1826,91,17,74,68132C,Shifting Gears,ST MARGARET MARY SCHOOL,Nebraska
1827,91,0,91,45318C,Southwood StarBots,SOUTHWOOD MIDDLE SCHOOL,Florida - South
1828,91,9,82,55508E,Flapjax,CT STEM Academy,Connecticut
1829,91,9,82,13888A,QRCA - Flash,AAA Training and Tuition (RTO 46396),Australia
1830,91,7,84,1565C,VEX_Minions,Highgate School,United Kingdom
1831,91,7,84,4299A,CouGEARS - Ramen Eating Pandas,Ellis Middle School,Tennessee
1832,91,0,91,75035M,Five Stars,"Magikid Robotics Lab - Frisco, TX",Texas - Region 5
1833,91,2,89,43277D,Gear Bots,Gear Bots,Arizona
1834,91,0,91,6046B,Syntax Error - LOPEZ MIDDLE SCHOOL,LOPEZ MIDDLE SCHOOL,Texas - Region 4
1835,91,0,91,24699X,ber ber ber,乐创机器人编程竞赛中心,West China
1836,91,7,84,63326D,Daystar Academy,Daystar Academy,North China
1837,91,0,91,45096B,Aventura Waterways K-8 Torque Titans,Aventura Waterways K-8,Florida - South
1838,91,4,87,26121B,VEXTEDTEAM,TED ESKİŞEHİR KOLEJİ,Türkiye
1839,91,0,91,37G,Thirty-seven Guys,Cranbrook Schools,Michigan
1840,91,0,91,7650Z,Tiger TECH Ewa Makai,EWA MAKAI MIDDLE SCHOOL,Hawaii
1841,91,2,89,26121C,VEXCELLENT,TED ESKİŞEHİR KOLEJİ,Türkiye
1842,91,0,91,1909A,CHESSTRONICS CHECKMATES,Chesstronics Academy (CODE-CREATE-CHECKMATE),Georgia
1843,91,0,91,55451C,CC Elite,PERRY MIDDLE,Texas - Region 5
1844,91,0,91,18482B,Warm Springs Team #2,WARM SPRINGS MIDDLE,California - South
1845,91,0,91,8366D,小小怪D,郑东新区外国语中学,Middle China
1846,91,0,91,17525A,17525A,1752A,South China
1847,91,0,91,3668Z,Sentient Robotics Club,Macau Artificial Intelligence Education Center,Macau
1848,91,0,91,9158A,双井1队,北京市东城区乐东博教育科技有限公司,North China
1849,91,0,91,4250K,Rubber Duckies,MuYv Robotics Consulting,New Zealand
1850,91,0,91,10698A,Red Lightning A,MAUI WAENA INTERMEDIATE SCHOOL,Hawaii
1851,91,0,91,52808A,宇宙之星,VEX STU,North China
1852,91,0,91,71319B,Republic of Engineers,International School of Qingdao,Middle China
1853,91,0,91,63366R,THE TEAM,IGNITE ROBOTICS ,North Carolina
1854,91,0,91,84D,A2WE,TIMBERLINE MIDDLE SCHOOL,Washington
1855,91,0,91,68414V,CK VIQRC TEAM V,Sheng Kung Hui Choi Kou School (Macau),Macau
1856,91,0,91,55868B,revolution maker,PUICHING MIDDLE SCHOOL,Macau
1857,91,0,91,82312A,UEPRIM Innovators,"Unidad Educativa Particular Bilingüe ""Principito & Marcel Laniado de Wind""",Ecuador
1858,91,0,91,77278N,KING OF BURGERS (77278N),MAJOR SHELDON WHEELER MIDDLE SCHOOL,Hawaii
1859,91,0,91,3234X,Better than GPT,Highland Elementary,Washington
1860,91,0,91,47B,Velocity Vortex,Evergreen Middle School PTSA,Washington
1861,91,0,91,240C,TrailBlazers,Trailblazer Robotics Central Forsyth Branch,Georgia
1862,91,0,91,72X,Super Psychotic Cheese Penguins,Dover Youth Robotics,New Hampshire/Vermont
1863,91,0,91,33111E,Three Friends,Robot Mastery,Texas - Region 3
1864,91,0,91,71843C,Hendricks Robotics C,HENDRICKS MIDDLE SCHOOL,Georgia
1865,91,0,91,33428A,Octoπ,STEM 3 ACADEMY,California - South
1866,91,0,91,12338C,CPCS -WHEN,CROWN POINT CHRISTIAN SCHOOL,Indiana - Region 1 - North
1867,91,0,91,9532D,Temu Turtles,MCCANTS MIDDLE,South Carolina
1868,90,34,56,18991B,Geneva Middle School Robotics Team B,GENEVA MIDDLE SCHOOL,Alabama
1869,90,27,63,47G,Spectrum,Evergreen Middle School PTSA,Washington
1870,90,25,65,9532C,Wrench Dawgs,MCCANTS MIDDLE,South Carolina
1871,90,24,66,2035A,I Cast Fireball,JACKSON PREPARATORY SCHOOL,Mississippi
1872,90,22,68,11393J,The Krusty Krabs,Oak View,Florida - North/Central
1873,90,17,73,25678B,System Update,Roland Park Magnet IB K-8,Florida - North/Central
1874,90,0,90,59707B,SchillingB,Schilling School for Gifted Children,Ohio
1875,90,4,86,33062D,Cyber Storm,HARTSELLE INTERMEDIATE SCHOOL,Alabama
1876,90,7,83,40458E,LJH- RUSH E,LEGACY JR HIGH,Utah
1877,90,7,83,69897B,mighty ducks,BARRINGTON MIDDLE SCHOOL,Florida - North/Central
1878,90,6,84,4392J,The Turtle Bots,EAST LIVERPOOL JUNIOR HIGH,Ohio
1879,90,6,84,2820P,The Tech Jaegers,Oyster River Middle School,New Hampshire/Vermont
1880,90,4,86,19968M,Vikings Robotics,H. O. Brittingham Elementary School,Delmarva
1881,90,4,86,98577A,PEL-I-CAN,Northshore Robotics,Louisiana
1882,90,4,86,63366G,GEAR GIRLS,IGNITE ROBOTICS,North Carolina
1883,90,2,88,77023B,Nimettömät,"City of Riihimaki, Pohjolanrinteen koulu",Finland
1884,90,0,90,15153X,Metal Munchers,TRINITY HEIGHTS GIFTED AND TALENTED SCHOOL,Texas - Region 2
1885,90,0,90,72366P,Quality International School of Shenzhen,Quality International School of Shenzhen,South China
1886,90,0,90,6698K,西安市航天富力城黄河小学/西安市曲江第八小学/西安市曲江第一小学/勉县第三中学,西安市航天富力城黄河小学/西安市曲江第八小学/西安市曲江第一小学/勉县第三中学,West China
1887,90,0,90,24270B,CUCCH2,CUHKFAA Chan Chun Ha Secondary School,Hong Kong
1888,90,0,90,74778M,NBA Youngbots,RIVERSIDE MIDDLE,Texas - Region 1
1889,90,0,90,10999A,Ashford Wolfbots,ASHFORD SCHOOL,Connecticut
1890,90,0,90,29611Y,The Terminators 2.0,Powdersville Middle School,South Carolina
1891,89,27,62,28134F,Sanvi California,Otwell Middle School,Georgia
1892,89,25,64,9453T,Hillcrest - T,Hillcrest Middle School,South Carolina
1893,89,25,64,44222F,SRS The Mechanics,Sunset Ridge School,Illinois
1894,89,17,72,929G,Hereford Zone Robotics,HEREFORD MIDDLE,Maryland
1895,89,17,72,53625D,Gerey and the Scammers,Sioux Falls Lutheran School,South Dakota
1896,89,16,73,46390A,Tri-Township Robotics,Tri-Township School,Indiana - Region 1 - North
1897,89,14,75,43283C,Phoenixes,OLD TOWN MIDDLE,Mississippi
1898,89,11,78,1125G,Paradigms,Harrison Middle School,Arkansas
1899,89,7,82,70484G,APEX Alphas,Independent Team,Virginia
1900,89,7,82,12338B,CPCS Hosiah Bot,CROWN POINT CHRISTIAN SCHOOL,Indiana - Region 1 - North
1901,89,4,85,31222C,Robotic Knights,J N FRIES MAGNET SCHOOL,North Carolina
1902,89,2,87,95979H,Tiny's Titans,Liberty Middle School,Georgia
1903,89,0,89,13653C,Wisdom Builders C,Wisdom Builders,Indiana - Region 2 - Central
1904,89,0,89,9882D,EAS || Blue Fire,EAS Robotics Team,Thailand
1905,89,0,89,72435A,Teddy Bears,TedyBears,Washington
1906,89,0,89,51190H,CVMS-Peanut Butter Jelly Time!,CHATTANOOGA VALLEY MIDDLE SCHOOL,Georgia
1907,89,0,89,69202B,Bumblebees,Gideon Hausner Jewish Day School,California - North
1908,89,0,89,97546A,Quantum Dots,Magikid_Cedarpark,Texas - Region 4
1909,88,44,44,752A,The Lizzard Lovers,Kenosha Robo Crew (YMCA),Wisconsin
1910,88,34,54,56720A,The Building Bobbers,SHEPHERD OF THE VALLEY LUTHERAN SCHOOL,Wisconsin
1911,88,32,56,97147X,Grupa 321,Szkoła Podstawowa nr 321,Poland
1912,88,30,58,98960M,Mini Maker Kids,Mini Maker Kids,Türkiye
1913,88,28,60,96000W,Pixel Coders,The Mind Spark,Pennsylvania - East
1914,88,28,60,90032A,El Sereno MS,El Sereno MS,California - South
1915,88,25,63,34926E,Pink Pony's,Mosa-RT,Belgium
1916,88,4,84,43179G,Bethel H.E.A.T,BETHEL MIDDLE SCHOOL,Arkansas
1917,88,2,86,19230B,MİNDMAKERS,Arnavutköy Bilim ve Sanat Merkezi,Türkiye
1918,88,21,67,11028N,NCSA Robotics (MS),Newton County STEAM Academy,Georgia
1919,88,20,68,36832B,Space Unicorns,AUBURN JUNIOR HIGH SCHOOL,Alabama
1920,88,20,68,22121C,Causey Blue Pheonix's,Causey Middle School,Alabama
1921,88,19,69,74778F,LegoMyEggo,RIVERSIDE MIDDLE,Texas - Region 1
1922,88,2,86,412H,Chill Guy Robotics,ENVIRONMENTAL CHARTER SCHOOL AT FRICK PA,Pennsylvania - West
1923,88,14,74,12839D,CyberTigers,HUDSON FALLS MIDDLE SCHOOL,New York-North
1924,88,0,88,2626Y,Silly Dinos,ST FRANCIS XAVIER Middle SCHOOL,Wisconsin
1925,88,13,75,43283H,The Megamind Creators,OLD TOWN MIDDLE,Mississippi
1926,88,4,84,64330B,Nutella-Tubbies,HOLY SPIRIT SCHOOL,Kentucky
1927,88,6,82,83203E,The Seismic Pineapples,OSCEOLA SCIENCE CHARTER SCHOOL,Florida - North/Central
1928,88,2,86,1267V,Knights IQ,Delaware County Christian School,Pennsylvania - East
1929,88,2,86,10515E,RoboCoders,J William Fulbright Junior High School,Arkansas
1930,88,0,88,93939A,Citrus Circuits,"Shrewsbury International School, Riverside",Thailand
1931,88,2,86,75502A,Niche-Nexus X,PLEASANT GROVE MIDDLE,Texas - Region 2
1932,88,2,86,46366A,NJSP Robotics,North Judson San Pierre Schools,Indiana - Region 1 - North
1933,88,2,86,5034A,BilTech Robotics Society,ATAŞEHİR BİL OKULLARI,Türkiye
1934,88,2,86,92276C,Maxima Prime,Muğla Turgutreis Uğur Okulları,Türkiye
1935,88,2,86,50674A,CSMS Girl Power,CORAL SPRINGS MIDDLE SCHOOL,Florida - South
1936,88,0,88,60667A,VEX Academy Tianjin Dream Team,VEX Academy Tianjin,North China
1937,88,0,88,9882C,EAS || Citrus Circuits,EAS Robotics Team,Thailand
1938,88,0,88,39855B,Kiddee Lab 1,Kiddee Lab,Thailand
1939,88,0,88,9864A,Macaubaptist Secondary Team A,Macau Baptist College,Macau
1940,88,0,88,9078C,Maple Syrup,GRIFFITHS (GORDON) MIDDLE,California - South
1941,88,0,88,1120B,The Surfin Pikachus,West Vancouver Schools,British Columbia (BC)
1942,88,0,88,11263W,Robo Rancheros,Sunset Middle School,Colorado
1943,88,0,88,44744A,Maroon,ASU PREPARATORY ACADEMY-POLYTECHNIC MIDDLE SCHOOL,Arizona
1944,87,36,51,17102B,Croc-Crocodiles,ST MARIA GORETTI SCHOOL,Indiana - Region 2 - Central
1945,87,36,51,49301A,Gear G.O.A.T.S,ADA CHRISTIAN SCHOOL,Michigan
1946,87,7,80,21133A,The bot busters,DYR,California - North
1947,87,32,55,5813T,Titanium Titans,SHORELINE JUNIOR HIGH,Utah
1948,87,0,87,43277F,Gear Bots,Gear Bots,Arizona
1949,87,17,70,4541D,67 Cornballs,York Innovation Academy,Florida - North/Central
1950,87,24,63,1828A,TASIS Tigers,The American School in Switzerland (TASIS),Switzerland
1951,87,17,70,38298C,Bionic Robot,BOB GRAHAM EDUCATION CENTER,Florida - South
1952,87,0,87,28C,Barely Functioning,Robot Revolution,New Jersey
1953,87,7,80,12905B,CTRL+ALT+ELITE,Salisbury East High School,Australia
1954,87,9,78,79539B,Chaos Hunters,NEPTUNE MIDDLE SCHOOL,Florida - North/Central
1955,87,8,79,1021V,Ten Ton Robotics,West Vancouver Schools,British Columbia (BC)
1956,87,2,85,40586B,MavX,HICKORY RIDGE MIDDLE,North Carolina
1957,87,7,80,31097A,Kill Switch,Drake Junior High School,Colorado
1958,87,7,80,92855A,DELMAR Robotics,DELMAR INTERNATIONAL SCHOOL,Mexico
1959,87,7,80,14140F,SMW Robotics 6,Stephen M. White Middle School and S.T.E.A.M Magnet,California - South
1960,87,4,83,95036A,Dr Pepper Programmers,Vinton Robotics,Louisiana
1961,87,4,83,36798A,EdwardWang67,Stratford School Altadena Allen,California - South
1962,87,2,85,81409B,TCS Thunderbolts,The Cotswold School Academy,United Kingdom
1963,87,0,87,8555A,花城冲锋队,北京市丰台区乐万博教育科技有限公司,North China
1964,87,0,87,85781A,South Robo Rockers,SRF Foundation,India
1965,87,0,87,40693P,Tech Titans,Gillette College,Wyoming
1966,87,0,87,1463A,Hi Team,Unfinished Maker Space,California - North
1967,87,0,87,4566G,We Bot,Magikid Pleasanton Lab,California - North
1968,87,0,87,41406A,Steam Punks,TechWise Academy,Indiana - Region 1 - North
1969,87,0,87,85974C,Wa-Nee:  The Donuts,NorthWood Middle School,Indiana - Region 1 - North
1970,87,0,87,5263C,AMPD,Alexandria Middle School,Alabama
1971,86,32,54,2711D,RoboDragons - The Red Paper Bags,DON ESTRIDGE HIGH TECH MIDDLE SCHOOL,Florida - South
1972,86,30,56,84995F,dEIn-Labor-Roboter,roboMINT e.V.,Germany
1973,86,30,56,41466A,The Rockys 1,IGS Rockenhausen,Germany
1974,86,28,58,1545W,Wabash Apache Robotics,WABASH MIDDLE/HIGH SCHOOL,Indiana - Region 1 - North
1975,86,28,58,7686S,No-Rubber Bandits,Harrisburg Public School District,South Dakota
1976,86,22,64,11393D,Squidward on a Chair,Oak View,Florida - North/Central
1977,86,18,68,53551B,Watt Could Go Wrong.,St. Paul Lutheran School,Wisconsin
1978,86,11,75,47789D,The Rando's,Pine Tree Junior High School,Texas - Region 2
1979,86,0,86,43179C,Bethel H.E.A.T,BETHEL MIDDLE SCHOOL,Arkansas
1980,86,11,75,6512B,Blue Lightning,Harmony School of Innovation - El Paso - Middle/High,Texas - Region 1
1981,86,2,84,639F,Ithaca F,Ithaca City School District,New York-North
1982,86,2,84,13952A,Propulsion 2.0,LAKESIDE MIDDLE SCHOOL,Arkansas
1983,86,4,82,5280H,Nuggie Dragons,SOARING HEIGHTS PK-8,Colorado
1984,86,0,86,1024X,"GearCats ""Xplorers""",FALL CREEK VALLEY MIDDLE SCHOOL,Indiana - Region 2 - Central
1985,86,0,86,84959A,Shooting Stars,n/a,New York-South
1986,86,0,86,24800A,× EXCEED × SOMETHING ×,Exceed Robotics,Ontario
1987,86,2,84,88569B,PAH Bots,CHIPMAN JUNIOR HIGH,California - South
1988,86,2,84,28J,Deep Fried Jam,Robot Revolution,New Jersey
1989,86,0,86,8974A,TechnoTrolls,Findon High School,Australia
1990,86,0,86,3722W,Built-In Computers,The Frazer School,Florida - North/Central
1991,86,2,84,63714B,Ingenium Lions,Wellington College International Shanghai,East China
1992,86,2,84,38028S,CYBER SAINTS-GOLD,Briarcrest Christian School,Tennessee
1993,86,0,86,21549F,CircuitBreakers,Queen Elizabeth's School,United Kingdom
1994,86,2,84,8651C,DCT Three Little Kittens,夢想機器人教室,Chinese Taipei
1995,86,2,84,10515X,CactiBots,J WILLIAM FULBRIGHT JUNIOR HIGH SCHOOL,Arkansas
1996,86,2,84,58831A,Biloxi Avengers,BILOXI JUNIOR HIGH,Mississippi
1997,86,2,84,8138B,MechaMinds,Altıeylül Bilim ve Sanat Merkezi,Türkiye
1998,86,0,86,5081C,5081C - Steel Titans,CITY/PEMBROKE PINES CHARTER MIDDLE SCHOOL,Florida - South
1999,86,0,86,48495F,Instant Ramen,Rovers Robotics,New Zealand
2000,86,0,86,48495P,The Burnouts,Rovers Robotics,New Zealand
2001,86,0,86,14023C,ROBORANGERS,GAZİPAŞA ROBOTİK,Türkiye
2002,86,0,86,5180B,Riverwatch B,RIVERWATCH MIDDLE SCHOOL,Georgia
2003,86,0,86,80292B,Ventiux,AOTE Foundation,Michigan
2004,86,0,86,63366T,Trust The Process,IGNITE ROBOTICS,North Carolina
2005,86,0,86,1021T,Ten Ton Robotics,West Vancouver Secondary School,British Columbia (BC)
2006,86,0,86,38489B,GOOFY GOOBERS,THOMAS EDISON ENERGYSMART CHARTER SCHOOL,New Jersey
2007,85,38,47,1294K,Xiao Long Bao,Shanghai American School - Pudong Campus (SAS Pudong),East China
2008,85,25,60,50060A,Vexecutors,Vexecutors,Texas - Region 4
2009,85,25,60,40224A,Cyber Ravens,ROSS SCHOOL,New York-South
2010,85,11,74,29627M,Sir-beeps-a-lot,Bixby Middle School,Oklahoma
2011,85,19,66,5255C,DragonBots,Somerset Oaks Leadership and Innovation,Florida - South
2012,85,19,66,66133A,Mecha minds,Mecha Minds ,Kuwait
2013,85,0,85,64119C,Fantastic 5,LaPorte Middle School,Indiana - Region 1 - North
2014,85,12,73,72777B,Mt. Baldy Warriors,EAST FORK LUTHERAN GRADE SCHOOL AND HIGH SCHOOL,Arizona
2015,85,11,74,47789F,The 3 Musketeers,Pine Tree Junior High School,Texas - Region 2
2016,85,9,76,77551Z,Rook ,Rook for Ai,Iraq
2017,85,2,83,53901A,Eagle Bots,CANOE CREEK K-8,Florida - North/Central
2018,85,2,83,12510T,Turbo Titans,Riot Robotics,North Carolina
2019,85,2,83,85192A,CLUB SLB SEED ESC. SEC. TECNICA 11 02,Dowell Schlumberger de Mexico,Mexico
2020,85,2,83,10055A,K.M. Samsun,KM SAMSUN,Türkiye
2021,85,2,83,35460B,E DOWN,Hillmorton High School,New Zealand
2022,85,0,85,48495M,R2V3,Rovers Robotics,New Zealand
2023,85,0,85,78151K,Byting Bulldogs,Colonel Wheeler Middle School,Indiana - Region 1 - North
2024,85,0,85,12937C,Pigeon,KCIS,South Korea
2025,84,30,54,79420F,Fusion Force,Carey Baptist College,Australia
2026,84,28,56,4469B,The S.T.E.A.M Boats Black,MySTEM Academy,Pennsylvania - West
2027,84,28,56,36S,Berries n' Cream,Cranbrook Schools,Michigan
2028,84,28,56,32092F,404: Name Not Found,Stargate Charter School,Colorado
2029,84,28,56,1294T,LePeiSing,Shanghai American School - Pudong Campus (SAS Pudong),East China
2030,84,28,56,9635H,RoboKnights,CHARLOTTE CHRISTIAN SCHOOL,North Carolina
2031,84,18,66,8820C,High Voltage,KABHOOM Robotics,New Jersey
2032,84,22,62,3314A,PACE Invaders - Absolute Zero //,PACE,Ontario
2033,84,18,66,58072D,Byte,VALLEY CITY JUNIOR HIGH SCHOOL,North Dakota
2034,84,18,66,32092M,Mechanical Ducks,Stargate Charter School,Colorado
2035,84,18,66,75194F,Tech Tornadoes,PORTER RANCH COMMUNITY,California - South
2036,84,0,84,95265A,The Tigersharks,Henkle Middle School	,Oregon
2037,84,14,70,22222D,TECH ELITE,LogandSteam,South Korea
2038,84,14,70,97073B,Static Stars,CEREDO-KENOVA MIDDLE SCHOOL,West Virginia
2039,84,10,74,28325R,Robogators,American School of Asunción,Paraguay
2040,84,0,84,33300B,Glitch in the System,Minneola Charter School,Florida - North/Central
2041,84,0,84,7175D,The Quackers,Future Innovators,Ohio
2042,84,7,77,7107A,Super Cool,Kenilworth Elementary School,Arizona
2043,84,0,84,7508B,"It's Jim Adler, Not Dale Sadler",WESTMORELAND MIDDLE SCHOOL,Tennessee
2044,84,0,84,94915G,Mighty might,Wuhan Yangtze International School,Middle China
2045,84,0,84,835A,SSMS Boticas,SULPHUR SPRINGS MIDDLE,Texas - Region 2
2046,84,0,84,72651A,Thy,IMMANUEL LUTHERAN SCHOOL,Wisconsin
2047,84,0,84,10622A,Robot-ik World Center,ROBOTIK WORLD CENTER,Mexico
2048,84,2,82,5813N,Octonauts,SHORELINE JUNIOR HIGH,Utah
2049,84,2,82,95415A,Mustangs,HARMONY SCHOOL OF EXCELLENCE - SUGAR LAND,Texas - Region 3
2050,84,0,84,43179F,Bethel H.E.A.T,BETHEL MIDDLE SCHOOL,Arkansas
2051,84,0,84,4821B,Robotlution JCR - STEM Barichara,Instituto Técnico Aquileo Parra,Colombia
2052,84,0,84,59340A,ACSW RoboTigers,ACADEMIR CHARTER SCHOOL WEST,Florida - South
2053,84,0,84,87660D,Donut,FS Education Brooklyn,New York-South
2054,84,0,84,9964A,Greenwood Robodogs,GREENWOOD JUNIOR HIGH SCHOOL,Arkansas
2055,84,0,84,37A,Phoenix,CRANBROOK SCHOOLS,Michigan
2056,84,0,84,3423X,Parkland Novibots,PARKLAND MIDDLE,Texas - Region 1
2057,84,0,84,435C,TopGear,Noe Middle School,Kentucky
2058,84,0,84,47C,TechnoQueen,Evergreen Middle School PTSA,Washington
2059,84,0,84,1063W,Watt can go wrong?,GREENWOOD CHRISTIAN ACADEMY,Indiana - Region 2 - Central
2060,84,0,84,43148A,Nightmares,Bestoat,North Carolina
2061,84,0,84,46366C,NJSP Robotics,North Judson San Pierre Schools,Indiana - Region 1 - North
2062,84,0,84,1715H,Hiller Hackers,Hopkinton Middle School,Massachusetts
2063,84,0,84,70976A,Eaglebots,PS/IS 113 ANTHONY J PRANZO,New York-South
2064,83,20,63,8871A,Epic Eagles,WALTER JOHNSON JUNIOR HIGH SCHOOL ACADEMY OF INTERNATIONAL S,Nevada
2065,83,28,55,77773N,Pink Puffy Unicorns,MADISON MIDDLE SCHOOL,Mississippi
2066,83,28,55,78808E,Nolan Ryan Junior High Team B,iCode Pearland,Texas - Region 3
2067,83,28,55,81911A,ProwlTech,Our Lady of Lourdes School,Indiana - Region 2 - Central
2068,83,27,56,77773V,Speed Machines,MADISON MIDDLE SCHOOL,Mississippi
2069,83,26,57,2281K,GMS Superman,ULYSSES S. GRANT MIDDLE SCHOOL,Ohio
2070,83,0,83,12819C,Cyber Soldiers,Adelaide Botanic High School,Australia
2071,83,0,83,21555D,MasterBuilders,Wildcats Robotics,Louisiana
2072,83,7,76,17705G,Gravity Glitch,ZIONSVILLE WEST MIDDLE SCHOOL,Indiana - Region 2 - Central
2073,83,0,83,65544T,DynoBots,Gen Inspired,North Carolina
2074,83,2,81,82246Y,[YWGS Team 1] Yes We Go and Shine,Ying Wa Girls' School,Hong Kong
2075,83,2,81,75054A,Mechanical Thunder,EXCELSIOR ACADEMY,Utah
2076,83,0,83,49406E,UTG Kitsilano,Under the GUI Academy,British Columbia (BC)
2077,82,47,35,17511C,Fruitloops,BAD AXE MIDDLE SCHOOL,Michigan
2078,82,37,45,18991A,Geneva Middle School Robotics Team A,GENEVA MIDDLE SCHOOL,Alabama
2079,82,34,48,51212F,Silly Sigma Bots,FARLEY MIDDLE,Texas - Region 4
2080,82,35,47,3547B,Stormtroopers,Technolgy First,Michigan
2081,82,35,47,40807A,MESM,Island School,Hong Kong
2082,82,20,62,20698Y,Maui Lani,Maui Lani,Hawaii
2083,82,20,62,56123B,Boom Boom Boom,Franklin Road Academy,Tennessee
2084,82,9,73,1836A,Tech Titans,BARTON ACADEMY FOR ADVANCED WORLD STUDIES,Alabama
2085,82,19,63,47789A,The Rockets,Pine Tree Junior High School,Texas - Region 2
2086,82,18,64,13653A,Wisdom Builder Team A,Wisdom Builders,Indiana - Region 2 - Central
2087,82,2,80,5280D,The Colorado Bandits,SOARING HEIGHTS PK-8,Colorado
2088,82,17,65,39458C,Clanker Makers,Barron Area School District,Wisconsin
2089,82,9,73,17704A,Velociraptors A,Thomas Jefferson Middle School,Indiana - Region 1 - North
2090,82,9,73,30412A,Robocats,GILMANTON MIDDLE,Wisconsin
2091,82,7,75,4541E,Botzilla,York Innovation Academy,Florida - North/Central
2092,82,7,75,18386B,Robo Queens,PRINCETON MIDDLE SCHOOL,West Virginia
2093,82,2,80,38298A,Robot Royals,BOB GRAHAM EDUCATION CENTER,Florida - South
2094,82,2,80,14581A,DNQ,Charlotte Public Schools,Michigan
2095,82,0,82,22880A,VEXperts Hajdina,Elementary School Hajdina,Slovenia
2096,82,0,82,85784B,Techtitans,SRF Foundation,India
2097,82,0,82,92023A,The 4 Goofing Gears,The 4 Goofing Gears,California - North
2098,82,0,82,2502H,Haile Storm HungryHungryHippos,CARLOS E. HAILE MIDDLE SCHOOL,Florida - North/Central
2099,82,0,82,84X,Goofy Goobers,TIMBERLINE MIDDLE SCHOOL,Washington
2100,82,0,82,9078E,Kaijus,GRIFFITHS (GORDON) MIDDLE,California - South
2101,82,0,82,61499C,PESS 3,新生命教育協會平安福音中學,Hong Kong
2102,81,35,46,94915F,Mission I'mpossible,Wuhan Yangtze International School,Middle China
2103,81,18,63,32889F,SuperNova,Dr. Phinnize J. Fisher Middle School,South Carolina
2104,81,28,53,1069V,Robo Chickens,Berthoud Robotics,Colorado
2105,81,25,56,75194H,Avengears,PORTER RANCH COMMUNITY,California - South
2106,81,25,56,77022C,Keksimättömät,"City of Riihimäki, Karan koulu",Finland
2107,81,25,56,97864B,Team BEHR,ST ANNES EPISCOPAL SCHOOL,Colorado
2108,81,19,62,7704X,Xenoblastic Xylophones,ZIONSVILLE MIDDLE SCHOOL,Indiana - Region 2 - Central
2109,81,20,61,40053D,The Skedaddles ,COOLEY MIDDLE SCHOOL,Arizona
2110,81,19,62,7775C,Power Rangers and Shrek,CADWALLADER MIDDLE SCHOOL,Nevada
2111,81,18,63,2822Y,The M&M's,STAUFFER (MARY R.) MIDDLE,California - South
2112,81,0,81,23394A,Edison Eagles A,THOMAS A. EDISON MIDDLE,California - South
2113,81,18,63,17151C,"Chamblee and Sons, LLC",KENNETH T BEAGLE  MIDDLE SCHOOL,Michigan
2114,81,17,64,929C,Hereford Zone Robotics,HEREFORD MIDDLE,Maryland
2115,81,7,74,81424E,LeBot Jr.,Gus Almquist Middle School,Texas - Region 4
2116,81,14,67,9619A,CherryBlossoms,Showa Women's University Junior-Senior High school,Japan
2117,81,6,75,28F,Team Vortex,Robot Revolution,New Jersey
2118,81,7,74,50802G,Mack,Kaysville Junior High School,Utah
2119,81,7,74,31061E,The Shadow,Concordia International School Shanghai,East China
2120,81,7,74,73807S,The Braniacs,GERMANTOWN MIDDLE SCHOOL,Mississippi
2121,81,0,81,727B,Brainy Blockbusters,Magnus Robotics,Pennsylvania - East
2122,81,7,74,78337C,Error 404,"PINE CREST SCHOOL, BOCA RATON CAMPUS",Florida - South
2123,81,0,81,95023A,UELA-TEAM,UNIDAD EDUCATIVA LAS AMERICAS,Ecuador
2124,81,0,81,37991E,Error 404,BOTS Robótica,Colombia
2125,80,38,42,836E,RoboBees E,growingSTEMS,Maryland
2126,80,18,62,99136G,G Code,Portland East Middle School,Tennessee
2127,80,26,54,2711W,RoboDragons - Rainbow Warriors,DON ESTRIDGE HIGH TECH MIDDLE SCHOOL,Florida - South
2128,80,26,54,1922C,The Names,ST JAMES SCHOOL,Connecticut
2129,80,9,71,4751G,The G.O.A.T.s,Robotics Edge LLC.,Arizona
2130,80,7,73,41400S,Claw & Order,HAROLD E. WINKLER MIDDLE,North Carolina
2131,80,18,62,52166A,Northside Middle School A,NORTHSIDE MIDDLE SCHOOL,Alabama
2132,80,17,63,30410D,Hilltopper Bots D,St. Johnsbury Academy Jeju,South Korea
2133,80,17,63,11575D,The Yeti Boys,COLEMAN MIDDLE SCHOOL,Florida - North/Central
2134,80,17,63,80821A,The Tacos,ETOWAH MIDDLE SCHOOL,Alabama
2135,80,17,63,16823A,Gigabots A,Boys & Girls Club of Meriden,Connecticut
2136,80,16,64,40458B,LJH- The Cookie Monsters,LEGACY JR HIGH,Utah
2137,80,7,73,77612A,APEX: Gear Grinders,BUNA J H,Texas - Region 3
2138,80,7,73,44047B,JEDI Mandelemons,JEFFERSON AREA JUNIOR HIGH SCHOOL,Ohio
2139,80,0,80,77612B,Baller Botz,BUNA J H,Texas - Region 3
2140,80,7,73,9340B,BlitzBots,Harvey K-8,Florida - North/Central
2141,80,7,73,78393A,Colaiste Mhuire,Coláiste Mhuire Mullingar,Ireland
2142,80,7,73,37729B,Goethe Fulger Team,GOETHE INTERNATIONAL CHARTER,California - South
2143,80,7,73,21200A,Bananas Aren't Wireless,Discovery Charter School,North Carolina
2144,80,6,74,21300A,Cosmo Foxes,Trinity Grammar Junior School,Australia
2145,80,0,80,5813F,Surfer Sharks,SHORELINE JUNIOR HIGH,Utah
2146,80,4,76,50298F,Flame,Mapleton Middle School,Ohio
2147,80,4,76,4419A,MY Makers,Özel Murat Yıldırım Ortaokulu,Türkiye
2148,80,0,80,10478X,3ntity,Greig City Academy,United Kingdom
2149,80,0,80,15703C,Panthera,MILL CREEK MIDDLE SCHOOL,Tennessee
2150,80,0,80,7833A,Falcon Force,CORAL ACADEMY OF SCIENCE LAS VEGAS - WINDMILL,Nevada
2151,80,0,80,61499B,PESS 2,新生命教育協會平安福音中學,Hong Kong
2152,80,0,80,1773A,Magikid Arcadia,Magikid Arcadia Lab,California - South
2153,80,0,80,25316B,'Īao Gear it Up,IAO INTERMEDIATE SCHOOL,Hawaii
2154,80,0,80,37179A,Bullet Trains,THOMPSON'S STATION MIDDLE SCHOOL,Tennessee
2155,80,0,80,45557B,Robo Dolphins,International School Of Panama,Panama
2156,80,0,80,25139A,Austin Junior High School,Austin Junior High School,Alabama
2157,80,0,80,30040D,VCMS Robotics D,Vickery Creek Middle School,Georgia
2158,80,0,80,6039N,Cyber Storm,BrandywineBOTS Robotics,Delmarva
2159,79,28,51,70728S,The Lebotbot’s,Dyr,California - North
2160,79,28,51,25500A,Tech Titans,PINECREST ACADEMY TAVARES,Florida - North/Central
2161,79,25,54,67042A,BilBots,Bilfen Kurtköy,Türkiye
2162,79,21,58,25260B,Wilsonians,Wilson's Hospital School,Ireland
2163,79,19,60,75502F,Team Wall-E,PLEASANT GROVE MIDDLE,Texas - Region 2
2164,79,18,61,6045D,Furious 5,JACKSON MIDDLE,Texas - Region 4
2165,79,2,77,47201W,Thermadors,CENTRAL MIDDLE SCHOOL,Indiana - Region 3 - South
2166,79,7,72,44844F,Wireless Charging,Neenah Middle School,Wisconsin
2167,79,7,72,30222D,The Gaels Volume 2,HORACE J. GOOD MIDDLE SCHOOL,Kansas
2168,79,2,77,29651D,Devious Dragons,BLUE RIDGE MIDDLE,South Carolina
2169,79,0,79,70444R,RoboFins,DOWNTOWN DORAL CHARTER UPPER SCHOOL,Florida - South
2170,79,0,79,25803C,TMS Robotics Team C,THOMPSON MIDDLE,California - South
2171,79,0,79,22420F,6 7,CLINT J H SCHOOL,Texas - Region 1
2172,78,36,42,49562B,The Dancing Robot,CENTRAL SCHOOL,Illinois
2173,78,0,78,4999D,Dragon Pulse,Mount Barker High school,Australia
2174,78,18,60,13729B,Buffalo Bots,BUFFALO MIDDLE SCHOOL,West Virginia
2175,78,21,57,49982B,Mustang Robotics,BLUFFTON MIDDLE,South Carolina
2176,78,20,58,39124A,LCMS Eagles,LAWTON CHILES MIDDLE SCHOOL,Florida - South
2177,78,20,58,14094D,Skittles,DESALES CATHOLIC SCHOOL,New York-North
2178,78,9,69,985B,Ballistic Bananas,MARY OUR QUEEN SCHOOL,Nebraska
2179,78,2,76,65198D,BCRN - Robot Nerds,Jim Ned Intermediate School,Texas - Region 5
2180,78,18,60,1838C,Raiders Robotics,ST JOHNS LUTHERAN SCHOOL,Indiana - Region 3 - South
2181,78,8,70,53732B,Flying Birds,All Nations Community School,Texas - Region 3
2182,78,0,78,7130A,The Unauthorized Robots,Lied Middle School,Nevada
2183,78,4,74,14094A,Mr. Pickle,DESALES CATHOLIC SCHOOL,New York-North
2184,78,0,78,3708W,Queensley,Victoria Shanghai Academy,Hong Kong
2185,78,2,76,56209C,Husky Titans,Walnut Park Mid A School Of Soc Just And Service Learning,California - South
2186,78,0,78,33334E,Taft Cyberdogs,ROBERT TAFT MIDDLE SCHOOL,Indiana - Region 1 - North
2187,77,36,41,836C,RoboBees C,growingSTEMS,Maryland
2188,77,32,45,48909C,Donquavios,EULA J H,Texas - Region 5
2189,77,30,47,1466A,Next Level Kidz »» VEX Victorz,Next Level Kidz Inc.,South Carolina
2190,77,17,60,38639A,iCode Robo masters,iCode Pleasanton,California - North
2191,77,24,53,5813X,Raiders of the Lost Shark,SHORELINE JUNIOR HIGH,Utah
2192,77,22,55,25455N,Winning Wings,CRANBERRY AREA JSHS,Pennsylvania - West
2193,77,21,56,8686B,Baked Beans,Sevier Middle School,South Carolina
2194,77,19,58,44100A,CR Robo Core,CRESTVIEW MIDDLE SCHOOL,Ohio
2195,77,7,70,1021A,Rainbow Nuggets,West Vancouver Secondary School,British Columbia (BC)
2196,77,7,70,14001A,Caffeine Gobblers,Weis,Texas - Region 3
2197,77,17,60,2626V,Radioactive Pizza Crusts,ST FRANCIS XAVIER Middle SCHOOL,Wisconsin
2198,77,17,60,72773A,PCMS XSTREAM - A,PASS CHRISTIAN MIDDLE,Mississippi
2199,77,9,68,63438A,Valpo Vipers: Saw Scaled Vipers,Benjamin Franklin Middle School,Indiana - Region 1 - North
2200,77,9,68,67846A,Pivot Robotics,Great Plains MakerSpace - Pivot Robotics,Kansas
2201,77,7,70,23093A,Gears and Gadgets,LASER,Virginia
2202,77,0,77,214H,Hawaiian Punch,HAMILTON HEIGHTS MIDDLE SCHOOL,Indiana - Region 2 - Central
2203,77,4,73,72747A,BMS Robotics,BEDFORD MIDDLE SCHOOL,Indiana - Region 3 - South
2204,77,2,75,78D,TrailBlazers,Trailblazer Robotics,Georgia
2205,77,2,75,31061C,ADM,Concordia International School Shanghai,East China
2206,77,2,75,56209D,Los Chiles,Walnut Park Mid A School Of Soc Just And Service Learning,California - South
2207,77,0,77,61493X,3 Donkeys,Astronaut Tech,Thailand
2208,77,0,77,45292A,TYT Team Alpha,PO LEUNG KUK TANG YUK TIEN COLLEGE,Hong Kong
2209,76,28,48,45881A,Creekland Tech Titans,Creekland Middle School,Georgia
2210,76,18,58,2501X,Sleepy Bees,Jr Jacket Robotics,Iowa
2211,76,18,58,44117A,Wildcats A Team: Tech-No-Logics,SAN ANTONIO ACADEMY OF TEXAS,Texas - Region 4
2212,76,18,58,31097C,Quantum Overdrive,Drake Junior High School,Colorado
2213,76,18,58,71319C,YAY!,International School of Qingdao,Middle China
2214,76,18,58,41400W,Grapple,HAROLD E. WINKLER MIDDLE,North Carolina
2215,76,18,58,49389A,Thunderbots,LONE STAR MIDDLE,Texas - Region 5
2216,76,17,59,50251M,The Gear Grinders,St Mels College,Ireland
2217,76,9,67,56394A,Nāwahī Kime Lopako,KE KULA O NAWAHIOKALANIOPUU IKI - LABORATORY PCS,Hawaii
2218,76,0,76,70569E,PersistentPurplePlecos,LYONS MIDDLE/SENIOR HIGH SCHOOL,Colorado
2219,76,0,76,80821B,Mildly Annoyed Robots,ETOWAH MIDDLE SCHOOL,Alabama
2220,76,7,69,75755B,AGMS2,AGMS,Pennsylvania - East
2221,76,0,76,8871B,Circuit Breakers,WALTER JOHNSON JUNIOR HIGH SCHOOL ACADEMY OF INTERNATIONAL S,Nevada
2222,76,0,76,11284A,Bobder,FORT CLARKE MIDDLE SCHOOL,Florida - North/Central
2223,76,2,74,62132A,LunaTeck,"Unidad Educativa Particular Bilingüe ""Cardenal Spellman"" ",Ecuador
2224,76,0,76,30410B,Team Hatsune Miku,St. Johnsbury Academy Jeju,South Korea
2225,76,0,76,6520A,东方不败,东方娃娃,North China
2226,76,0,76,6885D,RoboPlanet Burnaby,RoboPlanet Burnaby,British Columbia (BC)
2227,76,0,76,50865B,VMS Tigers B,VIRGIL MIDDLE,California - South
2228,76,0,76,61868V,FLAMES,STEAM Azerbaijan,Azerbaijan
2229,76,0,76,91108D,Rusty Robots,SAN MARINO ROBOTICS LAB,California - South
2230,75,25,50,93151P,RoboPanthers2,Ralph Chandler Middle School,South Carolina
2231,75,24,51,89797B,COR B,CHRIST OUR REDEEMER LUTHERAN SCHOOL,Colorado
2232,75,17,58,89501A,Lancer LabRats,LaVille High School,Indiana - Region 1 - North
2233,75,19,56,770T,Re-imagine Robotics Towering Tridents,Re-imagine Robotics,Georgia
2234,75,2,73,67671B,Robo Royals,REDLAND MIDDLE SCHOOL,Florida - South
2235,75,18,57,243D,Cuddle Crew,FRONTIER SCHL OF INNOVATION-M,Missouri
2236,75,17,58,64330D,VEX Villains,HOLY SPIRIT SCHOOL,Kentucky
2237,75,17,58,21066A,ACS Viper Team 1,American Community School of Abu Dhabi,United Arab Emirates
2238,75,17,58,4557B,4557B,Mountain Creek State High School,Australia
2239,75,17,58,44035M,The Charleston Chew Chews,Elyria Robotics,Ohio
2240,75,17,58,5020C,C00LKIDD,LAKELAND MIDDLE PREPARATORY SCHOOL,Tennessee
2241,75,2,73,88700S,Reina Roja 2,Academia STEM Tapachula,Mexico
2242,75,7,68,97073H,Fire Rocket Robots,CEREDO-KENOVA MIDDLE SCHOOL,West Virginia
2243,75,17,58,47789B,The Gummy Bears,Pine Tree Junior High School,Texas - Region 2
2244,75,17,58,31932C,HABS-Shazam,Haberdashers' Girls' school,United Kingdom
2245,75,17,58,290V,Vortex,Orley Farm School,United Kingdom
2246,75,17,58,79466D,SquireBorgs,ST JOSEPH HESSEN CASSEL,Indiana - Region 1 - North
2247,75,7,68,1836B,Gear Grinders,BARTON ACADEMY FOR ADVANCED WORLD STUDIES,Alabama
2248,75,12,63,954B,The Icy Bandits,PINE CREST SCHOOL,Florida - South
2249,75,9,66,1021C,Goblin Gang,West Vancouver Schools,British Columbia (BC)
2250,75,10,65,68046C,Wire We Here?,St. Columbkille Catholic School,Nebraska
2251,75,9,66,72972A,Pizza Hunters,EAST MONTANA MIDDLE,Texas - Region 1
2252,75,2,73,71843E,Hendricks Robotics E,HENDRICKS MIDDLE SCHOOL,Georgia
2253,75,7,68,89189A,Roboyotes Blue,ELKO INSTITUTE FOR ACADEMIC ACHIEVEMENT,Nevada
2254,75,2,73,6117A,LFG_PinHeads,Loreto Fermoy Secondary School,Ireland
2255,75,2,73,99663B,Dominion Dynamos,Steam Labs Technology and Robotics Studio,Thailand
2256,75,2,73,58387D,Hugo WIPs,HUGO A OWENS MIDDLE,Virginia
2257,75,2,73,45885F,W.I.R.E.D - Knights in Shining Armor,Waterford School District,Michigan
2258,75,0,75,88454C,The Mechanical Marvels,EASTWOOD MIDDLE SCHOOL,Texas - Region 1
2259,75,0,75,13729M,Buffalo Bots,BUFFALO MIDDLE SCHOOL,West Virginia
2260,75,0,75,13066A,13066A,石家庄棒贝智学,North China
2261,75,0,75,138A,QRCA,AAA Training and Tuition (RTO 46396),Australia
2262,75,0,75,77278S,Wheeler Spartans S,MAJOR SHELDON WHEELER MIDDLE SCHOOL,Hawaii
2263,75,0,75,25816A,RoboVultures,SRF Foundation,India
2264,75,0,75,610A,Crescent Robotics,Crescent School,Ontario
2265,75,0,75,50865A,VMS Tigers A,VIRGIL MIDDLE,California - South
2266,75,0,75,64119B,Code Crushers,LaPorte Middle School,Indiana - Region 1 - North
2267,75,0,75,10720C,The Bumble A's,INDIAN MOUND MIDDLE,Wisconsin
2268,74,28,46,72888A,Fierce Phoenix,International School of Nanshan Shenzhen,South China
2269,74,28,46,6610U,Louie,Woodland Junior High School,Arkansas
2270,74,28,46,13653D,Wisdom Builders D,Wisdom Builders,Indiana - Region 2 - Central
2271,74,11,63,53403G,Discombobulating Ninja Turtles,WISCONSIN LUTHERAN SCHOOL,Wisconsin
2272,74,20,54,435H,KTB,Noe Middle School,Kentucky
2273,74,18,56,81424C,The Rovers,Gus Almquist Middle School,Texas - Region 4
2274,74,18,56,41400N,Nighthawks,HAROLD E. WINKLER MIDDLE,North Carolina
2275,74,18,56,22134A,Tactical Scorpion Red,SAGE RIDGE SCHOOL,Nevada
2276,74,18,56,49562C,The Lions,CENTRAL SCHOOL,Illinois
2277,74,18,56,68132B,Cult of the Devious Beings,ST MARGARET MARY SCHOOL,Nebraska
2278,74,18,56,24250M,VEX Vikings Team Mike,BRENTWOOD MIDDLE SCHOOL,Tennessee
2279,74,18,56,11393M,The Wild Robot,Oak View,Florida - North/Central
2280,74,18,56,77773S,The Claw,MADISON MIDDLE SCHOOL,Mississippi
2281,74,18,56,43767C,ROARbots,SEDALIA MIDDLE SCHOOL,Missouri
2282,74,18,56,58312G,Xyledontophis Uluguruensis,DESERT RIDGE MIDDLE,New Mexico
2283,74,18,56,4485A,TribeTech A,Danville Community Schools,Indiana - Region 2 - Central
2284,74,11,63,14094E,Fixit,DESALES CATHOLIC SCHOOL,New York-North
2285,74,11,63,7628D,The Smash,GIBBS Middle,Tennessee
2286,74,4,70,51212B,the BRObots,FARLEY MIDDLE,Texas - Region 4
2287,74,8,66,28D,Death Duckz,Robot Revolution,New Jersey
2288,74,2,72,7833B,Falcon Fury,CORAL ACADEMY OF SCIENCE LAS VEGAS - WINDMILL,Nevada
2289,74,0,74,9964D,Greenwood Robodogs,GREENWOOD JUNIOR HIGH SCHOOL,Arkansas
2290,74,7,67,43283A,Wonder Girls,OLD TOWN MIDDLE,Mississippi
2291,74,6,68,79852A,Vajiravudh College ,Vajiravudh College ,Thailand
2292,74,6,68,67846G,Pivot Robotics,Great Plains MakerSpace - Pivot Robotics,Kansas
2293,74,4,70,71843F,Hendricks Robotics F,HENDRICKS MIDDLE SCHOOL,Georgia
2294,74,4,70,26260Y,DRAGONS FURY,özel yeni yol okulları,Türkiye
2295,74,2,72,38352B,Master Mind,SOUTHERN MIDDLE SCHOOL,Kentucky
2296,74,0,74,28134M,Moshitha’s Minions,Otwell Middle School,Georgia
2297,74,0,74,54037X,Natus Vincere,The Canadian International School Guangzhou,South China
2298,74,0,74,61290A,RoboDuckies,ST Marys Portlaoise,Ireland
2299,74,0,74,7508E,The Flying Cockroaches,WESTMORELAND MIDDLE SCHOOL,Tennessee
2300,74,0,74,67572B,VEXplorers,Kennedy Middle School,California - North
2301,74,0,74,24X,Super Sonic Sparks,Sparks 4-H Robotics,Maryland
2302,74,0,74,1091A,ACSM Robotics,ACADEMIR CHARTER SCHOOL MIDDLE,Florida - South
2303,74,0,74,74778K,Brick Bots,RIVERSIDE MIDDLE,Texas - Region 1
2304,74,0,74,375A,375A,ROBERT F BUMPUS MIDDLE SCHOOL,Alabama
2305,74,0,74,19375A,IMSC Team A,Munsang College (Hong Kong Island),Hong Kong
2306,74,0,74,44163B,GBS Nomads,GREAT BROOK SCHOOL,New Hampshire/Vermont
2307,74,0,74,46750B,Cookie Monsters,CRESTVIEW MIDDLE SCHOOL,Indiana - Region 1 - North
2308,74,0,74,71601C,Mavericks 3,Community Montessori School,Tennessee
2309,74,0,74,22420C,lo-nix,CLINT J H SCHOOL,Texas - Region 1
2310,74,0,74,11289B,RoboWolves B,E.D. Walker Middle School,Texas - Region 2
2311,74,0,74,11575C,The Fantastic Five,COLEMAN MIDDLE SCHOOL,Florida - North/Central
2312,73,36,37,46947B,LJHS Red,LOGANSPORT JUNIOR HIGH SCHOOL,Indiana - Region 1 - North
2313,73,36,37,10977A,WaldoBots A,BELEN JESUIT PREP SCHOOL,Florida - South
2314,73,7,66,36830A,36830A,EAST SAMFORD SCHOOL,Alabama
2315,73,0,73,52191P,Purple Platinum Platypus,EDGEWOOD JUNIOR HIGH SCHOOL,Indiana - Region 3 - South
2316,73,17,56,985C,Cane's Caniacs,Mary Our Queen School,Nebraska
2317,73,18,55,2076F,Everybody do the flop,Knox Grammar School,Australia
2318,73,18,55,2501V,Vee Hive,Jr Jacket Robotics,Iowa
2319,73,18,55,34701C,CLS Bob Jr,City of London School,United Kingdom
2320,73,18,55,5450K,Avalanche 2.0,MARSHALL COUNTY CENTRAL HIGH,Minnesota
2321,73,17,56,93446A,Bot-Zilla,"Georgia Brown Dual Immersion School, Paso Robles Joint Unified School District",California - South
2322,73,17,56,82716B,TS Golden Eagles,TWIN SPRUCE JUNIOR HIGH SCHOOL,Wyoming
2323,73,13,60,97869A,SVMS MicroChip,SOUTH VERMILLION MIDDLE SCHOOL,Indiana - Region 3 - South
2324,73,11,62,34107B,Expired Cheese,ST JOSEPH GRADE SCHOOL,West Virginia
2325,73,9,64,2820X,SpaghettiOs,Oyster River Middle School,New Hampshire/Vermont
2326,73,0,73,14301A,Ghost Busters,Gaskill Preparatory School,New York-North
2327,73,7,66,15104F,No Name,Woodland Hills School District,Pennsylvania - West
2328,73,0,73,14301D,Battery Acid,Gaskill Preparatory School,New York-North
2329,73,0,73,42784A,Trinity Suplex,TRINITY LUTHERAN SCHOOL,Wisconsin
2330,73,4,69,91604C,Ratat0!lle,HEADLAND MIDDLE SCHOOL,Alabama
2331,73,0,73,38352A,Mega Mind Coders,SOUTHERN MIDDLE SCHOOL,Kentucky
2332,73,4,69,3722V,AceOfSpades,The Frazer School,Florida - North/Central
2333,73,2,71,48495G,Chill Guys,Rovers Robotics,New Zealand
2334,73,0,73,42485S,Robohawks Black,JEFFERSON CENTRAL SCHOOL,New York-North
2335,73,2,71,9934A,HALKOD,Bilfen Halkalı Ortaokulu,Türkiye
2336,73,0,73,99240K,Neon,创造思维,South China
2337,73,0,73,27330A,RoboTechnics,"Základní škola, Česká Lípa, 28. října 2733, příspěvková organizace",Czech Republic
2338,73,0,73,16620A,Tây Mỗ 3 A,THCS Tây Mỗ 3,Vietnam
2339,73,0,73,21200B,Broken Piano Squad,Discovery Charter School,North Carolina
2340,73,0,73,6048B,BRADLEY MS,BRADLEY MS,Texas - Region 4
2341,73,0,73,16620B,Tây Mỗ 3 B,THCS Tây Mỗ 3,Vietnam
2342,73,0,73,98000B,Team CHAOS,FOOTHILLS MIDDLE SCHOOL,Washington
2343,73,0,73,99629A,Team A,BOB MILLER MIDDLE SCHOOL,Nevada
2344,73,0,73,2822Z,ZOOMIZ,STAUFFER (MARY R.) MIDDLE,California - South
2345,73,0,73,85403J,The Fantastic Four,HORIZON SCIENCE ACADEMY COLUMBUS MIDDLE SCHOOL,Ohio
2346,73,0,73,9825J,EWS RoboJags J,THE EMERY/WEINER SCHOOL,Texas - Region 3
2347,73,0,73,44408B,CMS: Code-A-Cola,SOUTH SIDE MIDDLE SCHOOL,Ohio
2348,73,0,73,36788B,Fantastic Flamingos,SAYRE MIDDLE SCHOOL,Oklahoma
2349,73,0,73,31222A,Scrap Robotics,J N FRIES MAGNET SCHOOL,North Carolina
2350,73,0,73,17057B,Colyton Grammar School,Colyton Grammar School,United Kingdom
2351,72,34,38,99144A,The Minions,Strasburg Public School,North Dakota
2352,72,7,65,2909N,Robo Phantoms,NextGen RoboMinds,Georgia
2353,72,25,47,36831C,36831C,DRAKE MIDDLE SCHOOL,Alabama
2354,72,24,48,87424B,Mannion Mecha Mustangs,MANNION  JACK & TERRY MIDDLE SCHOOL,Nevada
2355,72,19,53,11559A,H-Market Workers,Canyon Day Junior High,Arizona
2356,72,18,54,91604D,Gucci Bucket Hats,HEADLAND MIDDLE SCHOOL,Alabama
2357,72,9,63,47J,Ctrl Alt Defeat,Evergreen Middle School PTSA,Washington
2358,72,6,66,28E,ETA,Robot Revolution,New Jersey
2359,72,8,64,94357A,High Tech Hawks,SKYCREST CHRISTIAN SCHOOL,Florida - North/Central
2360,72,7,65,25628H,The Flying Turkeys,RUDOLPH G. GORDON SCHOOL AT JONES MILL,South Carolina
2361,72,0,72,44632V,Let Him Code,LAKE MIDDLE / HIGH SCHOOL,Ohio
2362,72,7,65,33062B,Tazerz,HARTSELLE INTERMEDIATE SCHOOL,Alabama
2363,72,7,65,65819B,Kammerer Middle School B,KAMMERER MIDDLE,Kentucky
2364,72,6,66,3078A,Tri-North Robotics,Tri-North Middle School,Indiana - Region 3 - South
2365,72,2,70,5439F,Viking Tech - F,JASPER JUNIOR HIGH SCHOOL,Alabama
2366,72,2,70,53733T,Blitz,SOAR STEM Studio,Texas - Region 3
2367,72,0,72,44632U,Electric Tater Tots,LAKE MIDDLE / HIGH SCHOOL,Ohio
2368,72,0,72,33800A,Sawyer Robotics Team,Grant Sawyer Middle School,Nevada
2369,72,0,72,7184C,SDJH Team C,SOUTH DAVIS JR HIGH,Utah
2370,72,0,72,64119A,64119Amazing Robo Gears,LaPorte Middle School,Indiana - Region 1 - North
2371,72,0,72,8192A,Flying Angels,Flying Angels,California - North
2372,72,0,72,93509A,SOTX GC Eagles,GRAPE CREEK MIDDLE,Texas - Region 5
2373,71,36,35,17151U,Infinity CABS,KENNETH T BEAGLE  MIDDLE SCHOOL,Michigan
2374,71,36,35,55263A,Assadarah,Alsadarah Schools ,Saudi Arabia
2375,71,35,36,7365A,Mission Genesis,Boys and Girls Club of the Fox Valley,Wisconsin
2376,71,32,39,6610Y,Darkwing,Woodland Junior High School,Arkansas
2377,71,27,44,56721B,Brain Storm,RIVERSIDE CHRISTIAN SCHOOL,Minnesota
2378,71,25,46,43179D,Bethel H.E.A.T,BETHEL MIDDLE SCHOOL,Arkansas
2379,71,25,46,17760D,Debonair Dart Frogs,Capitol City Robotics,District of Columbia
2380,71,7,64,11686C,CyberStorm,NEW PALESTINE JR HIGH SCHOOL,Indiana - Region 2 - Central
2381,71,18,53,53733M,Astrobot,SOAR STEM Studio,Texas - Region 3
2382,71,18,53,5450J,Avalanche 1.0,MARSHALL COUNTY CENTRAL HIGH,Minnesota
2383,71,0,71,3044A,Levitators,Francis Tuttle - Deer Creek GGT ,Oklahoma
2384,71,14,57,7650X,Tiger TECH Ewa Makai,EWA MAKAI MIDDLE SCHOOL,Hawaii
2385,71,9,62,2820B,Goblin Gang,OYSTER RIVER MIDDLE SCHOOL,New Hampshire/Vermont
2386,71,0,71,184H,Lavabots,Timberline Middle School,Washington
2387,71,7,64,68699B,Trùng Khánh Phủ,Trường THCS Trùng Khánh,Vietnam
2388,71,7,64,44001B,Sant Jordi Robòtics 2,Col·legi Sant Jordi de Palafrugell,Spain
2389,71,6,65,68046F,Ultramicroscopics,St. Columbkille Catholic School,Nebraska
2390,71,6,65,17705D,Duct Tape Destroyers,ZIONSVILLE WEST MIDDLE SCHOOL,Indiana - Region 2 - Central
2391,71,2,69,78273E,TechTitans Eclipse,PS/MS 124Q OSMOND A CHURCH,New York-South
2392,71,0,71,12819R,Robocop,Adelaide Botanic High School,Australia
2393,71,0,71,84H,Robo Sapiens,TIMBERLINE MIDDLE SCHOOL,Washington
2394,71,0,71,95979A,Samosa Squad,Liberty Middle School,Georgia
2395,71,2,69,21321D,Glenwood School,Glenwood School,West Virginia
2396,71,0,71,557A,TED SAMSUN ROBOTICS TEAMS,TED SAMSUN KOLEJI,Türkiye
2397,71,0,71,11293C,Henry MS,PATRICK HENRY MIDDLE,California - South
2398,70,36,34,85254B,Tuscaloosa Magnet Middle Robotics 2,TUSCALOOSA MAGNET SCHOOL  MIDDLE,Alabama
2399,70,19,51,11393Z,Olives,Oak View,Florida - North/Central
2400,70,18,52,53551D,Five Amigos,St. Paul Lutheran School,Wisconsin
2401,70,2,68,39264A,Czech Champions 1,Základní škola náměstí Míru Nový Bor,Czech Republic
2402,70,17,53,35824A,Vic's Robotics team A Hans ft. Victoire,Scheppersinstituut Mechelen,Belgium
2403,70,17,53,95233A,Zombie Zeroes Beyond the Grave,LEXINGTON JUNIOR HIGH SCHOOL,Ohio
2404,70,6,64,18386G,Princeton Middle G,PRINCETON MIDDLE SCHOOL,West Virginia
2405,70,12,58,34344A,user_Error,CHICO JUNIOR HIGH,California - North
2406,70,2,68,97073C,The Royal Robots,CEREDO-KENOVA MIDDLE SCHOOL,West Virginia
2407,70,7,63,36116A,McKee Terminators,MCKEE MIDDLE SCHOOL,Alabama
2408,70,7,63,41466B,The Rockys 2,IGS Rockenhausen,Germany
2409,70,7,63,7175E,Dominating Emperors,Future Innovators,Ohio
2410,70,7,63,81149A,F2Z,ACT,Kuwait
2411,70,2,68,56123A,Robowpanthers,Franklin Road Academy,Tennessee
2412,70,7,63,66366A,The Borg,MARTINEZ MIDDLE SCHOOL,Florida - North/Central
2413,70,7,63,98466S,Eagles.EXE,Shanghai american school,East China
2414,70,7,63,10303A,OmiOmi,Ohyu Gakuen ,Japan
2415,70,7,63,20371B,Rokeby Robotics ,Rokeby School,United Kingdom
2416,70,4,66,97869C,SVMS Techno Dweebz,SOUTH VERMILLION MIDDLE SCHOOL,Indiana - Region 3 - South
2417,70,2,68,96701A,Aiea Chicken Nuggets,AIEA INTERMEDIATE SCHOOL,Hawaii
2418,70,0,70,72062B,St Finians,St Finians Colleege,Ireland
2419,70,0,70,84496B,WBGS_Watford_Warriors,Watford Grammar School for Boys,United Kingdom
2420,70,2,68,24275A,Carmel Team A,Carmel School Association,Hong Kong
2421,70,2,68,99553A,Bowser Bots!,AURELIA COLE ACADEMY,Florida - North/Central
2422,70,2,68,63840H,HES Mechatronics Juniors,Hisar Okulları,Türkiye
2423,70,2,68,49131A,Steel Bandits,NORTH CLARION CO JSHS SCHOOL ,Pennsylvania - West
2424,70,0,70,53405A,Colonel Crushers,CASS MIDDLE SCHOOL,Georgia
2425,70,0,70,8871F,Nacho Daddys,WALTER JOHNSON JUNIOR HIGH SCHOOL ACADEMY OF INTERNATIONAL S,Nevada
2426,70,0,70,76268D,5 more minutes_MCR D,Mind Crafters Robotics,California - South
2427,70,0,70,11462K,Supreme Genius,GIBSON  ROBERT O MIDDLE SCHOOL LEADERSHIP ACADEMY,Nevada
2428,70,0,70,1766C,BananaBotz,North Fond Du Lac School District,Wisconsin
2429,70,0,70,31853C,Selma MS - The Jiggling Gears,SELMA MIDDLE SCHOOL,Indiana - Region 1 - North
2430,70,0,70,70976B,Eaglebots,PS/IS 113 ANTHONY J PRANZO,New York-South
2431,69,37,32,11450C,RMS Lions,RAVENSWOOD MIDDLE,California - North
2432,69,34,35,36300C,Chargers,Breck School ,Minnesota
2433,69,26,43,67823A,The Thunderfangs,iCode Glen Ellyn,Illinois
2434,69,22,47,36608A,Astro Bots,FAITH ACADEMY,Alabama
2435,69,17,52,4202B,Cyber Circuts,CHISHOLM MIDDLE SCHOOL,Oklahoma
2436,69,9,60,10720Y,Street Sweepers,Indian Mound Middle School,Wisconsin
2437,69,4,65,4392K,The Mighty Shrek Pickles,EAST LIVERPOOL JUNIOR HIGH,Ohio
2438,69,0,69,31614D,Chicken Tenders ,MAURINE CAIN MIDDLE,Texas - Region 2
2439,69,7,62,7701B,Brain Storms,Yalova Mehmet Akif Ersoy Ortaokulu,Türkiye
2440,69,7,62,28G,GENERIC TEAM NAME,Robot Revolution,New Jersey
2441,69,2,67,567A,Night Howlers,4h,Missouri
2442,69,0,69,23851A,Tech Masters,Falkon Academy,California - North
2443,69,4,65,4541F,Tyrannosaurus VEX 2.0,York Innovation Academy,Florida - North/Central
2444,69,4,65,954C,Silicon Rubber Band #32,PINE CREST SCHOOL,Florida - South
2445,69,0,69,1043C,Haileybury Lumina,Haileybury School,United Kingdom
2446,69,0,69,36655B,The Baymaxes,Oxford Prep Academy SOC,California - South
2447,69,0,69,26059A,CPMS Robotic Warriors,CLARK PLEASANT MIDDLE SCHOOL,Indiana - Region 2 - Central
2448,69,0,69,23761E,AMS_CT Robotics,Avon Middle School,Connecticut
2449,69,0,69,67431A,Irish You Luck,USD 473 Chapman Middle School,Kansas
2450,68,28,40,75921C,Warriors,Hampton Park Christian School,South Carolina
2451,68,25,43,32630A,Clone Force 99,ELKHORN VALLEY VIEW MIDDLE SCHOOL,Nebraska
2452,68,21,47,6687C,Keystone Oaks C,KEYSTONE OAKS MIDDLE SCHOOL,Pennsylvania - West
2453,68,21,47,76666A,Wombat Makers,Aula Maker,Spain
2454,68,18,50,61002C,Screaming Goats,Ellensburg Robotics Club,Washington
2455,68,2,66,38692A,SFLHRC,South Florida Homeschool Resource Center,Florida - South
2456,68,17,51,3107F,Templestowe College,Templestowe College,Australia
2457,68,17,51,73134A,Marauder Machines 1,MT VERNON MIDDLE,Indiana - Region 2 - Central
2458,68,17,51,99553C,Battle Bots,AURELIA COLE ACADEMY,Florida - North/Central
2459,68,17,51,70484B,Briyani Bandits,Independent Team,Virginia
2460,68,14,54,73493S,South Routt Middle School,South Routt School District,Colorado
2461,68,4,64,47789E,Biggie Burgers,Pine Tree Junior High School,Texas - Region 2
2462,68,7,61,4420A,AstroBots,Hawaii Science and Technology Museum,Hawaii
2463,68,7,61,4541C,Please Insert Name Here,York Innovation Academy,Florida - North/Central
2464,68,0,68,72773B,PCMS XSTREAM - B,PASS CHRISTIAN MIDDLE,Mississippi
2465,68,7,61,69924D,The 6 Muskegears,MARTINSBURG SOUTH MIDDLE SCHOOL,West Virginia
2466,68,6,62,80693A,Computer Geeks,St Martin Middle School,Mississippi
2467,68,4,64,36022B,Gigglebyte,MARBURY MIDDLE SCHOOL,Alabama
2468,68,2,66,52639C,The Smart Powerhouse,GLENS FALLS MIDDLE SCHOOL,New York-North
2469,68,0,68,3722P,Mew-on Neutrinos,The Frazer School,Florida - North/Central
2470,68,0,68,47201Z,1x4 Gear Ratios,CENTRAL MIDDLE SCHOOL,Indiana - Region 3 - South
2471,68,2,66,2905A,ANKA Phoenix,Özel Anakent Koleji,Türkiye
2472,68,2,66,85784A,RoboMonarc,SRF Foundation,India
2473,68,2,66,23113C,RoboKai Cobalt,RoboKai,Virginia
2474,68,2,66,70922G,APHS Techno Tigers,Academir Preparatory High School,Florida - South
2475,68,0,68,12937D,Botz,KCIS,South Korea
2476,68,0,68,17601A,LCCS8,Lancaster County Christian School,Pennsylvania - East
2477,68,0,68,61868T,Ideya,STEAM Azerbaijan,Azerbaijan
2478,68,0,68,7966C,Cyber Wolf,Hangzhou Wentao Primary School,East China
2479,68,0,68,63258D,The Dragons,DESERT WIND MIDDLE SCHOOL,Arizona
2480,68,0,68,4951B,CDS Cyclones,The Country Day School,Ontario
2481,68,0,68,36117A,Los Conquistadors,CARR MIDDLE SCHOOL,Alabama
2482,68,0,68,70484H,VEXOnauts,Independent Team,Virginia
2483,68,0,68,73922E,TECA,STANLEY BRITISH PRIMARY SCHOOL,Colorado
2484,68,0,68,21595E,Energon Primes,Eleva-strum High School,Wisconsin
2485,68,0,68,63077U,MAHMUTLAR ROBOTİK KODLAMA,MAHMUTLAR ROBOTİK KODLAMA,Türkiye
2486,68,0,68,61489B,NeuroNova,Dominico Americano School,Dominican Republic
2487,68,0,68,11466V,DaVinci RoboDragons,DaVinci Academy,Utah
2488,68,0,68,51961B,RoboTigers B,MOUNT PLEASANT MIDDLE,North Carolina
2489,68,0,68,67431E,Irish WALL-E,USD 473 Chapman Middle School,Kansas
2490,68,0,68,13289D,Lemonaders,GRAYLING MIDDLE SCHOOL,Michigan
2491,68,0,68,412G,Titans,ENVIRONMENTAL CHARTER SCHOOL AT FRICK PA,Pennsylvania - West
2492,67,14,53,30610A,Vila-Stem 8,VILA-STEM,Spain
2493,67,10,57,12223R,Team To Be Decided,Pembroke School,Australia
2494,67,2,65,770Y,Re-imagine Robotics Yellow Jackets,Re-imagine Robotics,Georgia
2495,67,9,58,11289A,RoboWolves,EWELL D WALKER MIDDLE,Texas - Region 2
2496,67,9,58,2820C,Stackbot,OYSTER RIVER MIDDLE SCHOOL,New Hampshire/Vermont
2497,67,6,61,54965M,Red Hot Kansas Comets,Kansas Middle School Robotics Team,Oklahoma
2498,67,7,60,58312F,Taylor's Version,DESERT RIDGE MIDDLE,New Mexico
2499,67,7,60,97073A,Ultra Hibachi,CEREDO-KENOVA MIDDLE SCHOOL,West Virginia
2500,67,7,60,9511S,ARK BRICK - LIFTERS,THE ARK Christian Ministries,Indiana - Region 1 - North
2501,67,7,60,13205B,TCCS B Team,Tung Chung Catholic School(Secondary Section),Hong Kong
2502,67,2,65,92855J,DELMAR V.A.M.,DELMAR INTERNATIONAL SCHOOL,Mexico
2503,67,7,60,18778E,The Resilient Rebels,Tullamore College ,Ireland
2504,67,6,61,587D,S.T.C.Z.,HILO INTERMEDIATE SCHOOL,Hawaii
2505,67,6,61,11086A,Cybercat Top Dogs,SUMMIT SCHOOL,Arizona
2506,67,4,63,2311A,RoboLions,Sardis Middle School,Alabama
2507,67,4,63,82716C,TS The Claw,TWIN SPRUCE JUNIOR HIGH SCHOOL,Wyoming
2508,67,2,65,34533A,SGS Antimatter,Sutton Grammar School,United Kingdom
2509,67,1,66,23273A,Rogich Rough Riders,SIG ROGICH MIDDLE SCHOOL,Nevada
2510,67,0,67,3204E,SPC Bots Eugene,St Peter's College,New Zealand
2511,67,0,67,48495N,Job Applicants,Rovers Robotics,New Zealand
2512,67,0,67,12195Z,ThunderBots,Home Team,North Carolina
2513,66,28,38,1024W,"GearCats ""Warlocks""",FALL CREEK VALLEY MIDDLE SCHOOL,Indiana - Region 2 - Central
2514,66,20,46,1957B,Salesian Mavericks,Salesian College Chadstone,Australia
2515,66,20,46,16346N,The Yotta Yetis,Cranberry Jr Sr High School,Pennsylvania - West
2516,66,18,48,17925D,CyberCrickets,Boswin Robotics,Ontario
2517,66,18,48,3477G,A STACC of Cheese,St Andrews Christian College,Australia
2518,66,17,49,37069S,Grassland Robotics AMO,Grassland Middle School,Tennessee
2519,66,17,49,17529D,Pixies,Tell City Jr. Sr. High School,Indiana - Region 3 - South
2520,66,13,53,3107A,Templestowe College,Templestowe College,Australia
2521,66,2,64,29627B,The Cookie Monsters,Bixby Middle School,Oklahoma
2522,66,11,55,4518S,Mechanical Mammoths,SUDIE L WILLIAMS TALENTED AND GIFTED ACADEMY,Texas - Region 2
2523,66,2,64,44100C,CR Tech Titans,CRESTVIEW MIDDLE SCHOOL,Ohio
2524,66,2,64,6634D,The DOUGS - CCS4,Chattanooga Christian School,Tennessee
2525,66,6,60,83999B,FCA II B,FCA,New Brunswick/Nova Scotia/Prince Edward Island
2526,66,0,66,25628E,The Clankers,RULDOLPH G. GORDON SCHOOL AT JONES MILL,South Carolina
2527,66,2,64,587A,Circuit Breakers,HILO INTERMEDIATE SCHOOL,Hawaii
2528,66,2,64,14335A,Randomise,International School Manila,Philippines
2529,66,2,64,56209E,Los Jalapenos,Walnut Park Mid A School Of Soc Just And Service Learning,California - South
2530,66,0,66,3877B,Boomeři,"Základní škola T. G. Masaryka, Hodkovice nad Mohelkou",Czech Republic
2531,66,0,66,75502D,Forklift Certified,PLEASANT GROVE MIDDLE,Texas - Region 2
2532,66,0,66,7508G,The Potato Phrogs,WESTMORELAND MIDDLE SCHOOL,Tennessee
2533,66,0,66,46886B,The Platinum Comets,MIKE OCALLAGHAN MIDDLE SCHOOL,Nevada
2534,66,0,66,87115Z,Future Motions,International School of Choueifat ,Iraq
2535,66,0,66,53498A,Hex Volt (MSDCC),Maryland School for the Deaf Columbia,Maryland
2536,66,0,66,25260A,Keep'er Lit,Wilson's Hospital School,Ireland
2537,66,0,66,48336A,CAW Knights,catholic academy waterbury,Connecticut
2538,66,0,66,68702D,Bob,QSI Quality Schools International,South China
2539,66,0,66,66475C,Techno Tactix,Techno Tactix,Washington
2540,66,0,66,21396T,TED Designers,TED BANDIRMA KOLEJİ,Türkiye
2541,66,0,66,39672B,WJHS Byte Bots,WASHINGTON JUNIOR HIGH SCHOOL,Indiana - Region 3 - South
2542,66,0,66,57013B,THE MICROBOTS,Canton Robotics,South Dakota
2543,65,19,46,1336D,Surfing Scorpions,KROMREY MIDDLE,Wisconsin
2544,65,17,48,34864G,The AIs (Artifical Idiots) - Otumoetai IS,Otumoetai_Intermediate,New Zealand
2545,65,14,51,90418W,Duck Norris,Horizon Jr High,Utah
2546,65,7,58,2309B,#TeamSOLAR,Whickham School,United Kingdom
2547,65,7,58,5081D,5081D - Astrocheeses,CITY/PEMBROKE PINES CHARTER MIDDLE SCHOOL,Florida - South
2548,65,7,58,82246G,[YWGS Team 3] Comets,Ying Wa Girls' School,Hong Kong
2549,65,7,58,58072C,3 Geniuses and the New Guy,VALLEY CITY JUNIOR HIGH SCHOOL,North Dakota
2550,65,7,58,40101A,Disco Ninjas,Mountain View Junior High School,Utah
2551,65,0,65,2822G,Smarti Sparties,STAUFFER (MARY R.) MIDDLE,California - South
2552,65,2,63,2281F,GMS Black Widow,ULYSSES S. GRANT MIDDLE SCHOOL,Ohio
2553,65,7,58,52111B,IC Circuit Breakers,Investigator College,Australia
2554,65,7,58,85070A,PJ Infinite,Hangzhou International School,East China
2555,65,2,63,29627A,Skittles,Bixby Middle School,Oklahoma
2556,65,7,58,34802G,Şişli Bilsem RoboticS,Şişli Bilim Ve Sanat Merkezi,Türkiye
2557,65,7,58,48009E,The Bread Republic,Roeper School,Michigan
2558,65,7,58,28134H,Otwell Robotics,Otwell Middle School,Georgia
2559,65,7,58,72777C,Rez Princesses,EAST FORK LUTHERAN GRADE SCHOOL AND HIGH SCHOOL,Arizona
2560,65,7,58,7686X,Cyber Dogz,Harrisburg Public School District,South Dakota
2561,65,2,63,2311B,The Fantastic 8,Sardis Middle School,Alabama
2562,65,2,63,67671A,Robo Royals,REDLAND MIDDLE SCHOOL,Florida - South
2563,65,2,63,73807R,Circuit Sisters,GERMANTOWN MIDDLE SCHOOL,Mississippi
2564,65,2,63,24250E,VEX Vikings Echo,BRENTWOOD MIDDLE SCHOOL,Tennessee
2565,65,2,63,1555C,Master Minds,Auburn Community Robotics,Alabama
2566,65,0,65,1050A,Calculating Cheetos,St Mary Catholic Middle School,Wisconsin
2567,65,0,65,13016A,Brothers,Yilan STEAM Center,Chinese Taipei
2568,65,0,65,53498B,Chill Robotics (MSDCC),Maryland School for the Deaf - Columbia Campus,Maryland
2569,65,0,65,22345Z,THCS TAM THANH 02,TRƯỜNG THCS TAM THANH,Vietnam
2570,65,0,65,73922B,FoReaL,STANLEY BRITISH PRIMARY SCHOOL,Colorado
2571,65,0,65,375D,375D,ROBERT F BUMPUS MIDDLE SCHOOL,Alabama
2572,65,0,65,4541H,Xtreme Knights,York Innovation Academy,Florida - North/Central
2573,65,0,65,4649D,Ninjabotics D,The American School in Japan,Japan
2574,64,18,46,45318J,Southwood StarBots,SOUTHWOOD MIDDLE SCHOOL,Florida - South
2575,64,18,46,55508C,Calico Cats,CT STEM Academy,Connecticut
2576,64,18,46,33033V,Spades,ST PAULS LUTHERAN SCHOOL,Wisconsin
2577,64,18,46,10977D,WaldoBots D,"BELEN JESUIT PREPARATORY SCHOOL, INC.",Florida - South
2578,64,18,46,25628S,Steven Cow,RUDOLPH G. GORDON SCHOOL AT JONES MILL,South Carolina
2579,64,0,64,10863A,JSTEA Team A,JSTEA,Hong Kong
2580,64,18,46,57418G,Huey Huberts,Burke Robots,Virginia
2581,64,18,46,17801X,Unicorn Power Yet Again,GARDEN LAKES ELEMENTARY SCHOOL,Arizona
2582,64,18,46,2820Y,Robotic Pickles,Oyster River Middle School,New Hampshire/Vermont
2583,64,18,46,85365E,Electric Glitch,Yuma Homeschool Robotics,Arizona
2584,64,2,62,6546R,One Degree North: Rethinkers,Singapore American School,Singapore
2585,64,17,47,16444B,YRC Robotics RoboRangers,Özel Yedi Renkli Çınar Okulları Bursa Kampüsü,Türkiye
2586,64,7,57,77773M,MMS Goofballs,MADISON MIDDLE SCHOOL,Mississippi
2587,64,9,55,20101R,Flying Donkey,McClure Junior High,Illinois
2588,64,7,57,82246W,[YWGS Team 2] Tech Warriors,Ying Wa Girls' School,Hong Kong
2589,64,0,64,1955C,Hornets- Muffin United,DEEP CREEK MIDDLE,Virginia
2590,64,7,57,10720X,Quicker Picker Upper,INDIAN MOUND MIDDLE,Wisconsin
2591,64,2,62,67076C,Tecno Zilla,Kadriye Kemal Gürel İlkokulu,Türkiye
2592,64,2,62,4751W,Whimsical Mizards,Robotics Edge LLC.,Arizona
2593,64,2,62,50230A,LANNA BOTS,Lanna International School Thailand,Thailand
2594,64,2,62,55821A,Gigawatts,EAST RIDGE MIDDLE SCHOOL,Florida - North/Central
2595,64,0,64,67544F,Vortex,Hoisington Middle School,Kansas
2596,64,2,62,9964C,Greenwood Robodogs,GREENWOOD JUNIOR HIGH SCHOOL,Arkansas
2597,64,0,64,35758A,TekLions,LIBERTY MIDDLE SCHOOL,Alabama
2598,64,2,62,58739H,MechaMinds,HCCCI,Philippines
2599,64,2,62,67671E,Robo Royals,REDLAND MIDDLE SCHOOL,Florida - South
2600,64,2,62,34998K,KoçVex,The Koç School,Türkiye
2601,64,2,62,412T,Baby Lizards,ENVIRONMENTAL CHARTER SCHOOL AT FRICK PA,Pennsylvania - West
2602,64,0,64,12905A,Electric Eagles,Salisbury East High School,Australia
2603,64,0,64,32615A,The OGs,The Castronovos,Florida - North/Central
2604,64,0,64,11575G,The Magic Monkeys,COLEMAN MIDDLE SCHOOL,Florida - North/Central
2605,64,0,64,2502D,Haile Storm DaCocoaPuffs,CARLOS E. HAILE MIDDLE SCHOOL,Florida - North/Central
2606,63,35,28,92190A,Canadian International School,Canadian International School,United Arab Emirates
2607,63,33,30,50013D,SKHHTCSS D,S.K.H. Holy Trinity Church Secondary School,Hong Kong
2608,63,28,35,63438C,Valpo Vipers: King Snake,Benjamin Franklin Middle School,Indiana - Region 1 - North
2609,63,28,35,43767K,Cyber Stripes ,SEDALIA MIDDLE SCHOOL,Missouri
2610,63,28,35,94915A,JKJK,Wuhan Yangtze International School,Middle China
2611,63,28,35,21066B,ACS Viper Team 2,American Community School of Abu Dhabi,United Arab Emirates
2612,63,19,44,16444A,YRC Robotics VEXplorers,Özel Yedi Renkli Çınar Okulları Bursa Kampüsü,Türkiye
2613,63,18,45,44880B,THE Chernobyl Explosion,BLACK RIVER EDUCATION CENTER MIDDLE SCHOOL,Ohio
2614,63,0,63,78808F,Nolan Ryan Junior High Team C,iCode Pearland,Texas - Region 3
2615,63,18,45,61026D,Twining Dragons,NATHAN TWINING MIDDLE SCHOOL,North Dakota
2616,63,17,46,58425D,Orioles,Griggs County Central,North Dakota
2617,63,7,56,12839C,Ctrl+Claws,HUDSON FALLS MIDDLE SCHOOL,New York-North
2618,63,7,56,70335B,Lymm High School,Lymm High School,United Kingdom
2619,63,6,57,18841M,Nexus Nugets,Marist College,Ireland
2620,63,7,56,48909A,Machine Mavericks,EULA J H,Texas - Region 5
2621,63,7,56,36518A,Circuit Breakers,WASHINGTON COUNTY HIGH SCHOOL,Alabama
2622,63,7,56,3580A,Stingbots Nova,SEMINOLE SCIENCE CHARTER SCHOOL,Florida - North/Central
2623,63,7,56,56209B,Los Tamaleros,Walnut Park Mid A School Of Soc Just And Service Learning,California - South
2624,63,7,56,40940C,NMMS Bears,NEWFOUND MEMORIAL MIDDLE SCHOOL,New Hampshire/Vermont
2625,63,7,56,43399A,James River Day School,James River Day School,Virginia
2626,63,7,56,56467K,Cav-a-gears,HANKS MIDDLE,Texas - Region 1
2627,63,0,63,6610X,Daisy,WOODLAND JUNIOR HIGH SCHOOL,Arkansas
2628,63,2,61,55821G,Gigabytes,EAST RIDGE MIDDLE SCHOOL,Florida - North/Central
2629,63,0,63,52166B,Northside Middle School B,NORTHSIDE MIDDLE SCHOOL,Alabama
2630,63,2,61,70335A,Lymm High School,Lymm High School,United Kingdom
2631,63,0,63,13289B,Team Pancake,GRAYLING MIDDLE SCHOOL,Michigan
2632,63,0,63,3861A,Tidal Wave,SIGNAL MOUNTAIN MIDDLE/HIGH SCHOOL,Tennessee
2633,63,0,63,52191A,Savannah Bananas,Edgewood Junior High School,Indiana - Region 3 - South
2634,63,0,63,1922B,Exterminator,ST JAMES SCHOOL,Connecticut
2635,63,0,63,25803A,TMS Robotics Team A,THOMPSON MIDDLE SCHOOL,California - South
2636,63,0,63,46886C,Shining Comets,MIKE OCALLAGHAN MIDDLE SCHOOL I3 LEARN ACADEMY,Nevada
2637,63,0,63,79762B,Harmony Tigers,Harmony Science Academy Odessa,Texas - Region 5
2638,63,0,63,3861C,Fire Hazard,SIGNAL MOUNTAIN MIDDLE/HIGH SCHOOL,Tennessee
2639,63,0,63,9360W,Smooth Operators,Hong Kong International School,Hong Kong
2640,63,0,63,89221B,Success,South Pointe Middle School,California - South
2641,63,0,63,96701B,A-town Tech,AIEA INTERMEDIATE SCHOOL,Hawaii
2642,63,0,63,99303C,404NFCORE,Chadwick International,South Korea
2643,63,0,63,32464A,AL Sumou Robotics,Assumou Schools,Saudi Arabia
2644,63,0,63,58071K,Team Larry,Maple Valley Elementary School,North Dakota
2645,63,0,63,61868D,TECHNOX,STEAM Azerbaijan,Azerbaijan
2646,63,0,63,47U,Red Scorpions,EVERGREEN MIDDLE SCHOOL,Washington
2647,63,0,63,47R,Roblock,Evergreen Middle School PTSA,Washington
2648,63,0,63,58508H,Wolves,Blair-taylor Middle/high School,Wisconsin
2649,63,0,63,64544A,Strong Warriors,FRANK WARD STRONG SCHOOL,Connecticut
2650,63,0,63,6751H,HGMS JAGUATRONS,HIALEAH GARDENS MIDDLE SCHOOL,Florida - South
2651,63,0,63,24049C,Pandas,C C GRIFFIN MIDDLE,North Carolina
2652,63,0,63,68132A,The Vegan Cupcakes,ST MARGARET MARY SCHOOL,Nebraska
2653,63,0,63,7704B,Bob Bots,ZIONSVILLE MIDDLE SCHOOL,Indiana - Region 2 - Central
2654,63,0,63,71601A,Mavericks 1,Community Montessori School,Tennessee
2655,63,0,63,3531A,DESA Force,Dallas Environmental Science Academy,Texas - Region 2
2656,62,26,36,91416Z,techknightz,Wahoo Robotics (Saunders Catholic Schools & Wahoo Public Schools),Nebraska
2657,62,18,44,51212G,Fred,FARLEY MIDDLE,Texas - Region 4
2658,62,18,44,18159B,Octavio,ELEANOR LEMAIRE JUNIOR HIGH SCHOOL,Nevada
2659,62,17,45,11442B,Hewitt Robotics,THE HEWITT SCHOOL,New York-South
2660,62,14,48,2929K,Rockbots,Rockway Middle School,Florida - South
2661,62,2,60,99663A,Tech Titans,Steam Labs Technology and Robotics Studio,Thailand
2662,62,9,53,58X,Cyber Bots,Cyber Bots,New Zealand
2663,62,7,55,51186X,Xenon,St Monica Catholic School,Indiana - Region 2 - Central
2664,62,7,55,51190C,CVMS-Blazebots,CHATTANOOGA VALLEY MIDDLE SCHOOL,Georgia
2665,62,0,62,74177X,Helix Hunters,PINECREST ACADEMY OF NEVADA SLOAN CANYON,Nevada
2666,62,0,62,15703A,Vex Cobras,MILL CREEK MIDDLE SCHOOL,Tennessee
2667,62,0,62,99553B,Purple Turtles ,AURELIA COLE ACADEMY,Florida - North/Central
2668,62,2,60,36831D,36831D,DRAKE MIDDLE SCHOOL,Alabama
2669,62,7,55,85045A,404 Error: Team Name Not Found,Steamup Academy,Florida - North/Central
2670,62,6,56,5432A,PunaTechs 5432A,KEAAU MIDDLE SCHOOL,Hawaii
2671,62,6,56,17705B,The Banana Blasters,ZIONSVILLE WEST MIDDLE SCHOOL,Indiana - Region 2 - Central
2672,62,4,58,73311A,22761,ReBBZ Altona,Germany
2673,62,4,58,10256A,Nuggets {[ Orange ]},KLONDIKE MIDDLE SCHOOL,Indiana - Region 1 - North
2674,62,6,56,39549A,STACA Robotics Club,St Aidans Catholic Academy,United Kingdom
2675,62,6,56,41623X,The Mustachios,WAHLQUIST JR HIGH,Utah
2676,62,6,56,34126A,Mungret Community College,Mungret Community College,Ireland
2677,62,6,56,8109C,ROBOBOŽCI 2.0,"Gymnázium Josefa Božka, Český Těšín, příspěvková organizace",Czech Republic
2678,62,4,58,50491B,The Magic Mechanics,GATEWAY SCIENCE ACADEMY OF ST. LOUIS - MIDDLE,Missouri
2679,62,4,58,31614E,PieceMakers,MAURINE CAIN MIDDLE,Texas - Region 2
2680,62,4,58,34926A,Speedstackers,Mosa-RT,Belgium
2681,62,2,60,5034B,BilBots Robotics Society,ATAŞEHİR BİL OKULLARI,Türkiye
2682,62,2,60,88569A,GO-Bots,CHIPMAN JUNIOR HIGH,California - South
2683,62,0,62,70569C,Big Brains,LYONS MIDDLE/SENIOR HIGH SCHOOL,Colorado
2684,62,0,62,76926A,MSJ,Chengdu International School,West China
2685,62,0,62,60097V,Anonymous Pirates - Team V,MAGNOLIA SCIENCE ACADEMY SANTA ANA,California - South
2686,62,0,62,1021N,Ten Ton Robotics,West Vancouver Schools,British Columbia (BC)
2687,62,0,62,63258B,NutterButters,DESERT WIND MIDDLE SCHOOL,Arizona
2688,62,0,62,99629M,Team M,BOB MILLER MIDDLE SCHOOL,Nevada
2689,62,0,62,34344B,The Nerd Herd,CHICO JUNIOR HIGH,California - North
2690,62,0,62,11323H,Ctrl Alt Defeat,Howard W. Bishop Middle School,Florida - North/Central
2691,62,0,62,30758A,The Pancake Squad,WALNUT PARK MID B SCI TECH ENGR AND MATH ACAD,California - South
2692,62,0,62,53238A,HxMS VEX Robotics,Hixson Middle School,Tennessee
2693,62,0,62,4005B,PowerHouse Performers,FORT GIBSON MIDDLE SCHOOL,Oklahoma
2694,62,0,62,22212B,CSB IQ 2,Canadian School Bahrain,Bahrain
2695,62,0,62,6104N,SHARING BRAINCELLS,Magikid San Diego,California - South
2696,62,0,62,88454B,The Cyborgs,EASTWOOD MIDDLE SCHOOL,Texas - Region 1
2697,62,0,62,63670G,Solar Flare,STE. GENEVIEVE MIDDLE SCHOOL,Missouri
2698,62,0,62,10851H,Byte Me,RIVERVIEW LUTHERAN SCHOOL,Wisconsin
2699,61,25,36,50802K,The Emu Empire,Kaysville Junior High School,Utah
2700,61,7,54,77773R,JagBotics,MADISON MIDDLE SCHOOL,Mississippi
2701,61,0,61,99340D,Scorpions,SCHOLAR ACADEMY,Utah
2702,61,7,54,20658C,Samurai Chihuahuas,Caseville Public School,Michigan
2703,61,6,55,38501C,Gaming Titans,WAIAKEA INTERMEDIATE SCHOOL,Hawaii
2704,61,4,57,4714C,NCollege Prep,Nelson College Preparatory School,New Zealand
2705,61,0,61,77773C,Team Potato,MADISON MIDDLE SCHOOL,Mississippi
2706,61,0,61,11575A,Hubert's Fam,COLEMAN MIDDLE SCHOOL,Florida - North/Central
2707,61,0,61,33770D,Eagle Bots,COLD SPRINGS ELEMENTARY SCHOOL,Alabama
2708,61,0,61,92645K,St. Cuan's College,St. Cuan's College,Ireland
2709,61,0,61,3204V,SPC Bots Victor,St Peter's College,New Zealand
2710,61,0,61,54667A,Norse Force,Westby Middle School,Wisconsin
2711,61,0,61,67760C,The Clankers,Imagine Schools At South Lake,Florida - North/Central
2712,61,0,61,49982G,Mustang Robotics,BLUFFTON MIDDLE,South Carolina
2713,61,0,61,38006A,SDMS Alpha Team,SOUTH DEARBORN MIDDLE SCHOOL,Indiana - Region 3 - South
2714,61,0,61,61868P,Robo Stars,STEAM Azerbaijan,Azerbaijan
2715,61,0,61,21595D,WALL-E,ELEVA-STRUM MIDDLE,Wisconsin
2716,61,0,61,28017A,Curry Cubs,LAMAR LOUISE CURRY MIDDLE SCHOOL,Florida - South
2717,61,0,61,99106B,Western Plains JH B,WESTERN PLAINS JH,Kansas
2718,61,0,61,40053E,Dancing Berds,COOLEY MIDDLE SCHOOL,Arizona
2719,60,40,20,21353C,Minions,Sussex Central Middle School,Delmarva
2720,60,30,30,4613P,Barker Bluebacks,Barker College,Australia
2721,60,28,32,23394C,Edison Eagles C,THOMAS A. EDISON MIDDLE,California - South
2722,60,11,49,17704B,Velociraptors B,Thomas Jefferson Middle School,Indiana - Region 1 - North
2723,60,19,41,587E,DARING DUCKS,HILO INTERMEDIATE SCHOOL,Hawaii
2724,60,18,42,494B,Techtonic,COMMUNITY SCHOOL OF NAPLES,Florida - South
2725,60,4,56,29611W,Decepticons,Powdersville Middle School,South Carolina
2726,60,17,43,11393K,Jake,Oak View,Florida - North/Central
2727,60,17,43,93151S,RoboPanthers3,Ralph Chandler Middle School,South Carolina
2728,60,14,46,24689A,LBMS Kraken,Long Beach Middle School,New York-South
2729,60,6,54,11471H,Rapid Robots,LaSalle Preparatory School,New York-North
2730,60,0,60,40586D,MechMavericks,HICKORY RIDGE MIDDLE,North Carolina
2731,60,9,51,80190A,Big Timmy's,JCIB Middle School,Alabama
2732,60,4,56,17705F,Flaming Hot Cheetos,ZIONSVILLE WEST MIDDLE SCHOOL,Indiana - Region 2 - Central
2733,60,7,53,23241Z,Zombie Dawgz,St Bernadette,Nebraska
2734,60,7,53,8169B,Quackesters,GEORGE ELLERY HALE CHARTER ACADEMY,California - South
2735,60,7,53,22443B,loBOTomy,BUCKEYE HIGH SCHOOL,Louisiana
2736,60,7,53,17704D,Velociraptors D,Thomas Jefferson Middle School,Indiana - Region 1 - North
2737,60,2,58,2820F,The Dumpster Divers,Oyster River Middle School,New Hampshire/Vermont
2738,60,4,56,5432D,PunaTechs 5432D,KEAAU MIDDLE SCHOOL,Hawaii
2739,60,0,60,5253G,Eagle Engineers 5253G,American International School Hong Kong,Hong Kong
2740,60,7,53,17760B,Defective Robotics,Capitol City Robotics,District of Columbia
2741,60,7,53,67792A,Scoil Mhuire 2,"Scoil Mhuire, Longford",Ireland
2742,60,7,53,52166D,Northside Middle School D,NORTHSIDE MIDDLE SCHOOL,Alabama
2743,60,7,53,954A,Untitled,PINE CREST SCHOOL,Florida - South
2744,60,2,58,36345A,Emmanuel,Emmanuel College,United Kingdom
2745,60,4,56,21350C,Golden Bananas,Trinity Grammar Preparatory School,Australia
2746,60,4,56,11064C,The C Team,BRINK JHS,Oklahoma
2747,60,4,56,78550A,Holly Pond Middle Team 1,HOLLY POND MIDDLE,Alabama
2748,60,4,56,481A,The Cheese Balls,WINDY HILL MIDDLE SCHOOL,Florida - North/Central
2749,60,0,60,28134B,Otwell Robotics,Otwell Middle School,Georgia
2750,60,0,60,93601A,Bazza,Shore,Australia
2751,60,4,56,10719A,VEXIQ YJR M1,Young Jae  academy,South Korea
2752,60,4,56,10546A,STA Tigers 1,ST THOMAS AQUINAS SCHOOL,Indiana - Region 2 - Central
2753,60,2,58,40586C,Vexicon Valley,HICKORY RIDGE MIDDLE,North Carolina
2754,60,0,60,98999A,The Frog Bots,River Ridge Academy,South Carolina
2755,60,0,60,48909D,Duck & Cover 2.0 + 2,EULA J H,Texas - Region 5
2756,60,0,60,63029A,Doral Academy Middle School Robotics,Doral Academy Charter Middle School Robotics,Florida - South
2757,60,2,58,6891R,Red Bull,FAITH LUTHERAN MIDDLE SCHOOL,Nevada
2758,60,2,58,9340E,Three RoboTeers,Harvey Elementary School,Florida - North/Central
2759,60,2,58,95265C,The Arctic Fox,Henkle Middle School	,Oregon
2760,60,2,58,10256E,Nuggets {[ Yellow ]},KLONDIKE MIDDLE SCHOOL,Indiana - Region 1 - North
2761,60,2,58,83999A,FCA II A,FCA,New Brunswick/Nova Scotia/Prince Edward Island
2762,60,0,60,55509A,Royal Ghostbusters,CANNON  HELEN C JHS,Nevada
2763,60,0,60,8018B,Bulldogs,Johnston Stem Academy,Nevada
2764,60,0,60,56426B,Robociaki,Szkoła Podstawowa nr 150,Poland
2765,60,0,60,214D,DIGI-PARTY,HAMILTON HEIGHTS MIDDLE SCHOOL,Indiana - Region 2 - Central
2766,60,0,60,80697B,Blaze,KANKAKEE VALLEY MIDDLE SCHOOL,Indiana - Region 1 - North
2767,60,0,60,66366G,Nero,MARTINEZ MIDDLE SCHOOL,Florida - North/Central
2768,60,0,60,17035B,Circuit Savvy,LIBERTY PARK MIDDLE SCHOOL,Alabama
2769,60,0,60,2529H,Clay Trojan Robotics,CLAY MIDDLE SCHOOL,Indiana - Region 2 - Central
2770,60,0,60,8262D,Delta Warriors,Wahluke Junior High School,Washington
2771,60,0,60,91108E,Tech Martens,SAN MARINO ROBOTICS LAB,California - South
2772,60,0,60,240F,TrailBlazers,Trailblazer Robotics Central Forsyth Branch,Georgia
2773,60,0,60,16630C,Copycats,Steamoji Redmond,Washington
2774,60,0,60,151C,Hot Bots,Algoma District School Board,Ontario
2775,60,0,60,6909D,Hebay Huzzlers,Alhuda Academy,Massachusetts
2776,60,0,60,49982C,Mustang Robotics,BLUFFTON MIDDLE,South Carolina
2777,59,28,31,74628D,The Gear Heads,THREE RIVERS SCHOOL,Illinois
2778,59,22,37,21549A,Gearsquad,Queen Elizabeth's School,United Kingdom
2779,59,2,57,44035Y,The 3 Musketeers,Elyria Robotics,Ohio
2780,59,18,41,78808G,Nolan Ryan Junior High Team D,iCode Pearland,Texas - Region 3
2781,59,14,45,5180E,Riverwatch E,RIVERWATCH MIDDLE SCHOOL,Georgia
2782,59,11,48,2588D,WILD CardZ,STJOHN PAUL II CATHOLIC SCHOOL,Texas - Region 3
2783,59,11,48,1415C,Mechanical Masterminds,SHEPHERDSTOWN MIDDLE SCHOOL,West Virginia
2784,59,6,53,43283J,The Robo Dreamers,OLD TOWN MIDDLE,Mississippi
2785,59,7,52,72020A,WWMS-A Mechanical Mustangs,Wilbur Wright Middle School,Indiana - Region 1 - North
2786,59,0,59,67544A,The Not So Fantastic Four,Hoisington Middle School,Kansas
2787,59,7,52,4541B,Indominus VEX,York Innovation Academy,Florida - North/Central
2788,59,7,52,58831B,Electric Elites,BILOXI JUNIOR HIGH,Mississippi
2789,59,7,52,22443C,47-65 Fish,BUCKEYE HIGH SCHOOL,Louisiana
2790,59,7,52,82716D,TS Wild Billies,TWIN SPRUCE JUNIOR HIGH SCHOOL,Wyoming
2791,59,7,52,10726A,Nitro Kitties,Wood River Middle School,Idaho
2792,59,6,53,8109D,PYTHON,"Gymnázium Josefa Božka, Český Těšín, příspěvková organizace",Czech Republic
2793,59,2,57,29627C,The Pentagon,Bixby Middle School,Oklahoma
2794,59,0,59,10837A,Tobinite,Techblazers,Ontario
2795,59,0,59,23808A,HawkBot,BOBBY JOE HILL PK-8,Texas - Region 1
2796,59,0,59,9340A,Kilowatt Squad,Harvey K-8,Florida - North/Central
2797,59,0,59,76268B,Yellow Fellows- MCR B,Mind Crafters Robotics,California - South
2798,59,0,59,605B,The Bobs,Braden River Middle School,Florida - North/Central
2799,59,0,59,8169A,STEAMinators,GEORGE ELLERY HALE CHARTER ACADEMY,California - South
2800,58,0,58,92652F,The Num Nums,Horizon Science Academy McKinley,Illinois
2801,58,22,36,415A,Bingo Boom ENE,FIRST LUTHERAN SCHOOL,Wisconsin
2802,58,20,38,17089A,Pancakes,St Helena School,United Kingdom
2803,58,18,40,34470A,DoxVex,"ZŠ K. H. Máchy, Doksy",Czech Republic
2804,58,17,41,35016C,(AERO) sKeTch,ARAB JUNIOR HIGH SCHOOL,Alabama
2805,58,17,41,43767B,TechnoTigers,SEDALIA MIDDLE SCHOOL,Missouri
2806,58,17,41,34029W,The Box Tippers,Wood Oaks Junior High,Illinois
2807,58,17,41,31820A,Harris County Cybertrons,Harris County Robotics Association,Georgia
2808,58,17,41,96222A,Bella Vista Bots,Bella Vista Bots,California - North
2809,58,7,51,81800Y,Terrabyte,Pedare Christian College,Australia
2810,58,7,51,78620A,Tech Tigers,Code Ninjas Dripping Springs Tx,Texas - Region 4
2811,58,7,51,90014A,Clark Shaw Team A,CLARK-SHAW MAGNET SCHOOL,Alabama
2812,58,7,51,25678C,Algorithmics,Roland Park Magnet IB K-8,Florida - North/Central
2813,58,0,58,32810A,Owl Bots,MIAMI LAKES K-8 CENTER,Florida - South
2814,58,2,56,14301C,One Bot,Gaskill Preparatory School,New York-North
2815,58,7,51,56927B,Laker Robotics,LAKER MIDDLE SCHOOL,Michigan
2816,58,0,58,1125F,Thunder-Bolts,Harrison Middle School,Arkansas
2817,58,0,58,23761F,AMS_CT Robotics,Avon Middle School,Connecticut
2818,58,2,56,3148A,Rockabots,Travis Intermediate,Texas - Region 2
2819,58,2,56,78338C,The Flying Piglets,"PINE CREST SCHOOL, Boca Raton Campus",Florida - South
2820,58,0,58,73206A,Bionic Bobcats A,Garrett Junior High,Nevada
2821,58,2,56,4613N,4613N,Barker College,Australia
2822,58,2,56,81553C,MC-Robot,Montfort college,Thailand
2823,58,2,56,63601B,The Three Ninja Turtles,CENTRAL MIDDLE,Missouri
2824,58,2,56,23900C,Cobalt,Beechwood Middle School,South Carolina
2825,58,0,58,31337D,Team D,MOUNTAIN BROOK JUNIOR HIGH SCHOOL,Alabama
2826,58,2,56,6876X,CTRLers,CTRLers,United Kingdom
2827,58,0,58,91710D,SMMS Robotics 91710,St. Margeret Mary School,California - South
2828,58,2,56,3620D,Forgot Password,RANDALL MIDDLE SCHOOL,Florida - North/Central
2829,58,2,56,26208A,Crash Outs,Iowa School for the Deaf,Iowa
2830,58,2,56,14012W,Vexceptional,PINECREST LAKES ACADEMY,Florida - North/Central
2831,58,2,56,56536A,MiracleMakers,Erkan Ulu Schools,Türkiye
2832,58,2,56,41041B,VEXmasters 2,Educat,Türkiye
2833,58,0,58,65630C,The Birds,TEXAS SCHOOL FOR THE DEAF,Texas - Region 4
2834,58,0,58,50802A,The Mechanical Steaks Rebooted,Kaysville Junior High School,Utah
2835,58,0,58,1502B,Banana Bob,Cathedral,Minnesota
2836,58,0,58,51404D,Cyber Squad,St Andrew’s International School Bangkok,Thailand
2837,58,0,58,28899A,Automind,Automind Center,Saudi Arabia
2838,58,0,58,26293D,J T Lambert Intermediate School,J T Lambert Intermediate School,Pennsylvania - East
2839,58,0,58,74847H,TBD,St. Mary's International School,Japan
2840,58,0,58,10726E,The Great Cube,Wood River Middle School,Idaho
2841,58,0,58,6612A,Shaoxing Cool Play-1,"Shaoxing Cool Play Education Information Consulting Co., Ltd",East China
2842,58,0,58,12905E,Robo Rampage,Salisbury East High School,Australia
2843,58,0,58,37174A,Mustangs,SPRING STATION MIDDLE SCHOOL,Tennessee
2844,58,0,58,240D,TrailBlazers,Trailblazer Robotics Central Forsyth Branch,Georgia
2845,58,0,58,8396C,// Caution Tape 67//,Caution Tape Newmarket ////,Ontario
2846,58,0,58,50316A,The Marinara Boyz,COMMODORE JOHN ROGERS ELEMENTARY/MIDDLE,Maryland
2847,58,0,58,16639A,Toad,THE FIRST ACADEMY,Florida - North/Central
2848,58,0,58,5255B,DragonBots,Somerset Oaks Leadership and Innovation,Florida - South
2849,58,0,58,31337M,Mechalotles,MOUNTAIN BROOK JUNIOR HIGH SCHOOL,Alabama
2850,58,0,58,78B,TrailBlazers,Trailblazer Robotics,Georgia
2851,58,0,58,88Z,Patriot Robotics,VIEWPOINT SCHOOL,California - South
2852,58,0,58,76464A,Belvedere STEAM Bots,Belvedere Middle School,California - South
2853,58,0,58,59435A,Neurobots,Unidad Educativa El Prado,Ecuador
2854,58,0,58,59435B,StarBots,Unidad Educativa El Prado,Ecuador
2855,58,0,58,42314A,Cyber Nixs 2.0,Unidad Educativa Particular La Dolorosa,Ecuador
2856,58,0,58,44047C,JEDI Egghead Squadron,JEFFERSON AREA JUNIOR HIGH SCHOOL,Ohio
2857,58,0,58,6001A,AMS STEM Eagles Team A,HERBERT A. AMMONS MIDDLE SCHOOL,Florida - South
2858,58,0,58,26348S,SquishBots,SquishBots,California - North
2859,58,0,58,38006B,SDMS Bravo Team,SOUTH DEARBORN MIDDLE SCHOOL,Indiana - Region 3 - South
2860,58,0,58,80821D,Mildly Annoyed Robot,ETOWAH MIDDLE SCHOOL,Alabama
2861,58,0,58,44047E,JEDI Dronkeys,JEFFERSON AREA JUNIOR HIGH SCHOOL,Ohio
2862,58,0,58,72167A,FCS Patriots,Florida Christian School,Florida - South
2863,58,0,58,5263A,USA,Alexandria Middle School,Alabama
2864,58,0,58,51190A,CVMS-VEXecutives,CHATTANOOGA VALLEY MIDDLE SCHOOL,Georgia
2865,58,0,58,4005C,Gear Heads,FORT GIBSON MIDDLE SCHOOL,Oklahoma
2866,58,0,58,702A,Vibots,RODGERS MIDDLE SCHOOL,Florida - North/Central
2867,58,0,58,53919E,Spartan Robotics E,Bethlehem Evangelical Lutheran School,Wisconsin
2868,58,0,58,50316C,The Mario Kart Red Shell Shooters,COMMODORE JOHN ROGERS ELEMENTARY/MIDDLE,Maryland
2869,58,0,58,40101D,Fungis,Mountain View Junior High School,Utah
2870,58,0,58,69202A,Mechanical Maniacs,Gideon Hausner Jewish Day School,California - North
2871,58,0,58,46768B,Angel Architects,Fort Bend Christian Academy,Texas - Region 3
2872,58,0,58,25733C,Driver Middle School-3,Lee L Driver Middle School,Indiana - Region 1 - North
2873,58,0,58,10931E,MSP E,Middle School of Plainville,Connecticut
2874,58,0,58,4224C,Tali’ Wiiki’,Chickasaw Nation STEM Academy,Oklahoma
2875,58,0,58,70484E,VEX Monks,Independent Team,Virginia
2876,58,0,58,64119D,Tecno-Raptors Slicers,LaPorte Middle School,Indiana - Region 1 - North
2877,58,0,58,18778M,St. Joseph's 4,"St Joseph’s, Rochfortbridge",Ireland
2878,58,0,58,11485C,Mark Leon Team E,Gimnasio Campestre San Sebastián,Colombia
2879,58,0,58,56467B,Lé Cwud,HANKS MIDDLE,Texas - Region 1
2880,58,0,58,36300K,Broncos,Breck School ,Minnesota
2881,58,0,58,1460B,The Mighty Panthers,PIKEVIEW MIDDLE SCHOOL,West Virginia
2882,57,21,36,99541A,Wylie West Purple A,Wylie West Junior High School,Texas - Region 5
2883,57,21,36,55712B,Colt Squadron,LAWRENCE & HEIDI CANARELLI MIDDLE SCHOOL,Nevada
2884,57,21,36,2820R,Da Bears,Oyster River Middle School,New Hampshire/Vermont
2885,57,20,37,45881B,Creekland Middle School,Creekland Middle School,Georgia
2886,57,18,39,48212C,RoboPanthers,CANIFF LIBERTY ACADEMY,Michigan
2887,57,2,55,96991A,CTMS BearBots,Centennial Middle School,Colorado
2888,57,10,47,50901C,FSS509,Fukien Secondary School,Hong Kong
2889,57,7,50,8401B,Bragg Bots,BRAGG MIDDLE SCHOOL,Alabama
2890,57,9,48,4094A,The Wild Robots,The Wild Robots,District of Columbia
2891,57,7,50,7399X,Yabba Dabba Doo,GULFPORT CENTRAL MIDDLE SCHOOL,Mississippi
2892,57,6,51,20101J,Fishermen,McClure Junior High,Illinois
2893,57,4,53,11064D,The D Team,BRINK JHS,Oklahoma
2894,57,6,51,22443A,Robo-Panthers,BUCKEYE HIGH SCHOOL,Louisiana
2895,57,6,51,28102T,Tech Turtles,NORTH UNION MIDDLE SCHOOL,Ohio
2896,57,7,50,23850B,Totally Terrifying Turtles,ST MARY OF THE IMMACULATE CONCEPTION SCHOOL,Wisconsin
2897,57,6,51,45390A,CosmoBots,ebs Europäische Bildungsstiftung gGmbH,Germany
2898,57,6,51,1597A,D.I.N.T.,Jackson County Homeschool Robotics,Indiana - Region 3 - South
2899,57,4,53,48327T,Galen VEX IQ 3,Galen Catholic College,Australia
2900,57,0,57,5509Y,VHS Eagles,Valley Home Schoolers,Wisconsin
2901,57,4,53,6687B,Keystone Oaks B,KEYSTONE OAKS MIDDLE SCHOOL,Pennsylvania - West
2902,57,0,57,6801S,Team Anti-Brainrot,Woodcroft College,Australia
2903,57,2,55,71023D,Drone Zone,Henderson Middle School,Georgia
2904,57,2,55,76926D,Quokka Cola,Chengdu International School,West China
2905,57,0,57,69376E,MPJH 1,MOUNT PLEASANT J H,Texas - Region 2
2906,57,0,57,90418X,Mech Mavericks,Horizon Jr High,Utah
2907,57,0,57,30597D,Frog,Korea International School Jeju,South Korea
2908,57,0,57,55334B,(Insert Name Here),KNOX CITY SCHOOL,Texas - Region 5
2909,57,0,57,7922B,ISC-Suli Panthers 2,The International School of Choueifat-Sulaimani (ISC-Sulaimani),Iraq
2910,57,0,57,3136A,Black Bear Robotics,AUSTIN MIDDLE SCHOOL,Alabama
2911,57,0,57,26111A,Fantastic Four,ASU PREPARATORY ACADEMY - SOUTH PHOENIX HIGH SCHOOL,Arizona
2912,57,0,57,44725B,Decatur Middle Raider Robotics,DECATUR MIDDLE SCHOOL,Alabama
2913,57,0,57,61868M,SPR LİONS,STEAM Azerbaijan,Azerbaijan
2914,57,0,57,95979E,DAAA Potay-Toes,Liberty Middle School,Georgia
2915,57,0,57,48433A,Robotics Queens,ATTAWHEED FOUNDATION INCORPORATED,Pennsylvania - West
2916,56,7,49,5266A,SPL Minions,ST PETERS LUTHERAN SCHOOL,Indiana - Region 3 - South
2917,56,28,28,45713A,Holtville A-Team Gears,HOLTVILLE MIDDLE SCHOOL,Alabama
2918,56,18,38,3722Z,Carrot Code,The Frazer School,Florida - North/Central
2919,56,20,36,93601D,Code Blooded,Shore,Australia
2920,56,18,38,5959A,Robo Rangers,James R. Brooks Middle School - Greenwood ISD,Texas - Region 5
2921,56,18,38,49156A,Dippin Bots,ROBERTA ROAD MIDDLE,North Carolina
2922,56,4,52,263A,The Nerds,RIVERSIDE MIDDLE,South Carolina
2923,56,9,47,88180A,RPM-A,RPM Academy,Quebec
2924,56,9,47,954D,The Legally Blondes,PINE CREST SCHOOL,Florida - South
2925,56,0,56,61026J,Twining Wyverns,NATHAN TWINING MIDDLE SCHOOL,North Dakota
2926,56,7,49,90032B,El Sereno MS,El Sereno MS,California - South
2927,56,0,56,91445A,The Fantastic 5,WILLIAM S GUY MIDDLE SCHOOL,Ohio
2928,56,0,56,44047D,JEDI Clanker Squadron,JEFFERSON AREA JUNIOR HIGH SCHOOL,Ohio
2929,56,0,56,77182A,The Fire Wall,Oak Hall School,Florida - North/Central
2930,56,0,56,3722K,The Four Great Spades,The Frazer School,Florida - North/Central
2931,56,2,54,61026K,Twining Kaiju,NATHAN TWINING MIDDLE SCHOOL,North Dakota
2932,56,0,56,18159A,Leroy Jenkins,ELEANOR LEMAIRE JUNIOR HIGH SCHOOL,Nevada
2933,56,0,56,81409A,TCS Sharks,The Cotswold School Academy,United Kingdom
2934,56,0,56,299E,SVEC 299E,SKY VALLEY EDUCATION CENTER,Washington
2935,56,0,56,91710A,SMMS Robotics 91710,St. Margeret Mary School,California - South
2936,56,0,56,1110A,Southwood Academy,SOUTHWOOD ACADEMY FOR THE ARTS,South Carolina
2937,56,0,56,21415C,Meow,SOUTH OGDEN JR HIGH,Utah
2938,56,2,54,85070B,Feu Fox,Hangzhou International School,East China
2939,56,0,56,25628B,Bob The Builder Bot,RULDOLPH G. GORDON SCHOOL AT JONES MILL,South Carolina
2940,56,0,56,28241Y,ROBOTRIX,Nemesio I. Yabut Integrated School,Philippines
2941,56,0,56,78380A,Franklin Bots,Franklin Middle School,Minnesota
2942,56,0,56,42485J,Robohawks Red,JEFFERSON CENTRAL SCHOOL,New York-North
2943,56,0,56,27921B,COFBOTS,Makati Integrated School,Philippines
2944,56,0,56,6109A,Y R We Here,Chairo Christian School,Australia
2945,56,0,56,71317D,Vexing The Odds,Alabama School of Fine Arts,Alabama
2946,56,0,56,12350R,RoboWolves,LAKE RIDGE MIDDLE,Virginia
2947,56,0,56,39194C,Bobs the Builder,YAZOO COUNTY MIDDLE SCHOOL,Mississippi
2948,56,0,56,4541A,Brain Blenders,York Innovation Academy,Florida - North/Central
2949,56,0,56,58387B,Go Big or Go HOMe,HUGO A OWENS MIDDLE,Virginia
2950,56,0,56,72250B,Metal Manipulators,BUSH MIDDLE,Texas - Region 5
2951,56,0,56,17801W,Potato Monkey,GARDEN LAKES ELEMENTARY SCHOOL,Arizona
2952,56,0,56,6671D,Buer,WT Robotics Workshop,Middle China
2953,56,0,56,24016B,HYKYLDSS Team B,N.T. Heung Yee Kuk Yuen Long District Secondary School,Hong Kong
2954,56,0,56,11028D,NCSA Robotics (MS),Newton County STEAM Academy,Georgia
2955,56,0,56,17870A,Robotech Titans',BATESBURG-LEESVILLE MIDDLE SCHOOL,South Carolina
2956,56,0,56,53405C,Colonel Chaos,CASS MIDDLE SCHOOL,Georgia
2957,56,0,56,36655E,Majestic 4,Oxford Prep Academy SOC,California - South
2958,56,0,56,70001Z,ALANYA ROBOTİK TEAM,ALANYA ROBOTIK KODLAMA,Türkiye
2959,56,0,56,6307X,RoboFarmers,Mahmutlar Robotik Kodlama,Türkiye
2960,56,0,56,16036A,Astroingenieros 1, Planetario SAYAB,Mexico
2961,56,0,56,7686B,Eighth Grade Supremacy,Harrisburg Public School District,South Dakota
2962,56,0,56,29866W,The Bot Breakers,ST GABRIEL CONSOLIDATED SCHOOL,Ohio
2963,56,0,56,7508H,The Em & Em's,WESTMORELAND MIDDLE SCHOOL,Tennessee
2964,56,0,56,29611H,Mech Masters,Powdersville Middle School,South Carolina
2965,56,0,56,20861D,Buzz,Hooks Jr High,Texas - Region 2
2966,56,0,56,702B,Vibots,RODGERS MIDDLE SCHOOL,Florida - North/Central
2967,56,0,56,92833A,CMMG,Coláiste Muire Máthair,Ireland
2968,56,0,56,39648A,TechTide Dolphins,DAVID LAWRENCE JR. K-8 CENTER,Florida - South
2969,56,0,56,37183A,37183A,Cascade Middle School,Tennessee
2970,56,0,56,46296G,Gear Box,iCode,Virginia
2971,56,0,56,4299C,CouGEARS - veloCity,Ellis Middle School,Tennessee
2972,56,0,56,26762A,Quantum Wizards,RISING SUN MONTESSORI,California - North
2973,56,0,56,83000E,Robonix,"British international School Phuket,",Thailand
2974,56,0,56,752E,KELA E,Kenosha Robo Crew (YMCA),Wisconsin
2975,56,0,56,85948B,SMS Bulldogs,SEMMES MIDDLE SCHOOL,Alabama
2976,56,0,56,85571A,BIA OWL's,BALTIMORE INTERNATIONAL ACADEMY,Maryland
2977,56,0,56,42314B,Cyber Nixs,Unidad Educativa Particular La Dolorosa,Ecuador
2978,56,0,56,90385C,Austin & Co LLC,UPREP,Washington
2979,56,0,56,32275C,Lumíci In Black,Základní škola Lidická,Czech Republic
2980,56,0,56,36104B,Baldwin Knights,BALDWIN ART AND ACADEMICS MAGNET,Alabama
2981,56,0,56,7184B,SDJH Team B,SOUTH DAVIS JR HIGH,Utah
2982,56,0,56,87625D,The Asian Bears,Shelbyville Middle School,Indiana - Region 2 - Central
2983,56,0,56,7709F,Al-Faris Robo Knights,Alfaris International School,Saudi Arabia
2984,56,0,56,37296F,Nobel Nighthawks-5,Alfred B. Nobel Charter Middle School,California - South
2985,56,0,56,75194K,Shan Bots,PORTER RANCH COMMUNITY,California - South
2986,56,0,56,91445B,Slithering Serpents,WILLIAM S GUY MIDDLE SCHOOL,Ohio
2987,56,0,56,34241A,The Circuit Breakers,GOODWYN MIDDLE SCHOOL,Alabama
2988,56,0,56,61868K,Şahinlər,STEAM Azerbaijan,Azerbaijan
2989,56,0,56,33416W,Mighty DUCCs,Upper Canada College,Ontario
2990,56,0,56,10673K,MMS #7,Marshall Middle School,Pennsylvania - West
2991,56,0,56,1063B,Bobbastic BBQ bananas,GREENWOOD CHRISTIAN ACADEMY,Indiana - Region 2 - Central
2992,56,0,56,1387W,POCOYO,H L HARSHMAN MIDDLE SCHOOL,Indiana - Region 2 - Central
2993,56,0,56,7991B,IQ Generators,Christian Community School,Dominican Republic
2994,56,0,56,78447E,Frankenstein,NEW AUGUSTA PUBLIC ACADEMY - NORTH,Indiana - Region 2 - Central
2995,56,0,56,15685A,Da Bots 2.0,Kenneth Henderson Middle School,Kansas
2996,56,0,56,4606A,Technomancers,Noblesville West Middle School,Indiana - Region 2 - Central
2997,56,0,56,74756A,Mythri-Learners,Mythri Stem Academy,Nevada
2998,56,0,56,2701G,Goblin Barrels,HENRY W. MOORE SCHOOL,New Hampshire/Vermont
2999,56,0,56,28225B,The Overboards of Madison B,Madison Middle School,Connecticut
3000,56,0,56,15801X,The ConrailFans,DUBOIS AREA MIDDLE SCHOOL,Pennsylvania - West
3001,56,0,56,1391B,Panther Night Cats,Lauderhill 6-12 STEM-MED,Florida - South
3002,56,0,56,1391A,Panther Night Cats,Lauderhill 6-12 STEM-MED,Florida - South
3003,56,0,56,51961A,RoboTigers A,MOUNT PLEASANT MIDDLE,North Carolina
3004,56,0,56,31222B,Problem Fixers,J N FRIES MAGNET SCHOOL,North Carolina
3005,56,0,56,15272E,"Coláiste Íosagáin, Portarlington","Coláiste Íosagáin, Portarlington",Ireland
3006,56,0,56,10164D,PROBOTICS,Montessori British School,Colombia
3007,56,0,56,80517B,Teem Naem,ESTES PARK MIDDLE SCHOOL,Colorado
3008,56,0,56,46880M,Micro Minions,Leap Hub Education,New Jersey
3009,56,0,56,82716A,TS Milk Chocolate,TWIN SPRUCE JUNIOR HIGH SCHOOL,Wyoming
3010,56,0,56,67431D,The Green Machine,USD 473 Chapman Middle School,Kansas
3011,56,0,56,17151G,Robo Brainz,KENNETH T BEAGLE  MIDDLE SCHOOL,Michigan
3012,56,0,56,47998A,Harmony Tigers,HARMONY SCIENCE ACADEMY - BROWNSVILLE,Texas - Region 6
3013,56,0,56,10028A,Ramz,RAMAZ MIDDLE SCHOOL,New York-South
3014,55,25,30,159A,Skipper (Barbie's sister),Durham Johnston Comprehensive School,United Kingdom
3015,55,19,36,5280G,The Corgis,SOARING HEIGHTS PK-8,Colorado
3016,55,18,37,47X,The Creative Bots,EVERGREEN MIDDLE SCHOOL PTSA,Washington
3017,55,17,38,56721C,Hyperbooks,RIVERSIDE CHRISTIAN SCHOOL,Minnesota
3018,55,14,41,34343C,Carmel CouGears,CARMEL MIDDLE SCHOOL,Indiana - Region 2 - Central
3019,55,0,55,31314C,Crazy 8's,Whitehall Elementary & Middle School,Wisconsin
3020,55,8,47,53162B,Mentor Trojans,Win-E-Mac,Minnesota
3021,55,7,48,40101E,Trial and Error 404,Mountain View Junior High School,Utah
3022,55,7,48,31458A,The Florida Eagles,EVERGLADES K-8 CENTER,Florida - South
3023,55,7,48,4224B,Tashka Tali',Chickasaw Nation STEM Academy,Oklahoma
3024,55,7,48,10946E,Supernovas,MAYWOOD CENTER FOR ENRICHED STUDIES,California - South
3025,55,7,48,10673M,MMS Team M,Marshall Middle School,Pennsylvania - West
3026,55,4,51,8871E,Eagles IQ 5,WALTER JOHNSON JUNIOR HIGH SCHOOL ACADEMY OF INTERNATIONAL S,Nevada
3027,55,2,53,91604B,Goofy Goobers,HEADLAND MIDDLE SCHOOL,Alabama
3028,55,4,51,7704M,M Team,ZIONSVILLE MIDDLE SCHOOL,Indiana - Region 2 - Central
3029,55,2,53,26208B,Dark Void 19,Iowa School for the Deaf,Iowa
3030,55,0,55,1695C,The Mini Pekkas,Walter Polson Middle School,Connecticut
3031,55,0,55,3525H,VEX Q8,X-Bot Club,Kuwait
3032,55,0,55,1740D,Arctic Warriors,morgan ROAD MIDDLE SCHOOL,New York-North
3033,55,0,55,1282T,THCS HOÀNG VĂN THỤ 2,Trường Trung học Cơ sở Hoàng Văn Thụ,Vietnam
3034,55,0,55,11791E,PAIS-ALPHA,Pan American International School ,Paraguay
3035,55,0,55,50379A,Oakland Embers,Head-Royce Oakland Embers,California - North
3036,55,0,55,32073S,Tech Spartans,Saint John Country Day School,Florida - North/Central
3037,55,0,55,68186W,Robotic Bats,NORTH DAVIS JR HIGH,Utah
3038,55,0,55,71601D,Mavericks 4,Community Montessori School,Tennessee
3039,55,0,55,67294S,Firebirds,Schroeder Middle School,North Dakota
3040,55,0,55,51190F,CVMS Mac & Cheese,CHATTANOOGA VALLEY MIDDLE SCHOOL,Georgia
3041,55,0,55,43304A,ACES Eagles-Duck Mafia,Aventura City Of Excellence School,Florida - South
3042,55,0,55,9828B,Falcon Steam,RICARDO ESTRADA MIDDLE,Texas - Region 1
3043,55,0,55,11660B,Almahdya_ROBOTICS,IBNROSHD _ almahdya boys,Saudi Arabia
3044,55,0,55,37296E,Nobel Nighthawks-4,Alfred B. Nobel Charter Middle School,California - South
3045,55,0,55,71843B,Hendricks Robotics B,HENDRICKS MIDDLE SCHOOL,Georgia
3046,55,0,55,71964C,Warrior Wolves,Lake Hamilton Middle School,Arkansas
3047,55,0,55,21595F,Fireflyz,Eleva-strum High School,Wisconsin
3048,55,0,55,96686D,WoodlandPres4,WOODLAND PRESBYTERIAN SCHOOL,Tennessee
3049,55,0,55,78151P,Byting Bulldogs,Colonel Wheeler Middle School,Indiana - Region 1 - North
3050,55,0,55,40053B,NPC Protocol ,COOLEY MIDDLE SCHOOL,Arizona
3051,55,0,55,63258C,Navy Blues,DESERT WIND MIDDLE SCHOOL,Arizona
3052,55,0,55,94600B,Knights,St Mary's School,Connecticut
3053,55,0,55,92375B,Brickie Builders,HOBART MIDDLE SCHOOL,Indiana - Region 1 - North
3054,55,0,55,501A,So Technically Gears,W E GREINER EXPLORATORY ARTS ACADEMY,Texas - Region 2
3055,54,22,32,93673J,ShamrockBot Tadpoles,LUDINGTON AREA CATHOLIC SCHOOL,Michigan
3056,54,21,33,7666F,LOS INFORMÁTICOS MAKERS,Aula Maker,Spain
3057,54,18,36,2932A,Mid Pacific Owl Robotics,MID-PACIFIC INSTITUTE,Hawaii
3058,54,18,36,60910A,Gymbough and Co.,Riverview Middle School,Indiana - Region 1 - North
3059,54,18,36,99136X,Team V.I.P.E.R.,Portland East Middle School,Tennessee
3060,54,18,36,81146A,PACK Robotics,GREENBRIER MIDDLE SCHOOL,Georgia
3061,54,11,43,36608C,Z-Force,FAITH ACADEMY,Alabama
3062,54,2,52,45318F,Southwood StarBots,SOUTHWOOD MIDDLE SCHOOL,Florida - South
3063,54,9,45,29202C,Wired West Robotics Renegades,Wired West Robotics,West Virginia
3064,54,6,48,71843H,Hendricks Robotics H,HENDRICKS MIDDLE SCHOOL,Georgia
3065,54,0,54,46096H,Elestar 46096H,Loachapoka High School,Alabama
3066,54,6,48,43283G,Tech Titans,OLD TOWN MIDDLE,Mississippi
3067,54,7,47,2028B,Waddle Warriors,Bankhead Middle School,Alabama
3068,54,7,47,90014B,Clark-Shaw Team B,CLARK-SHAW MAGNET SCHOOL,Alabama
3069,54,2,52,2718Z,Mechaneers,Hawaii Science & Technology Museum,Hawaii
3070,54,6,48,51190G,CVMS-Coalition of Cool Kids,CHATTANOOGA VALLEY MIDDLE SCHOOL,Georgia
3071,54,4,50,54567B,The Royal Hogs,ORION JR HIGH,Utah
3072,54,0,54,88173D,DAVE,All Hallows Catholic High School,United Kingdom
3073,54,0,54,31614A,Phantom Bots,MAURINE CAIN MIDDLE,Texas - Region 2
3074,54,0,54,1466B,Next Level Kidz »» The HackLords,Next Level Kidz Inc.,South Carolina
3075,54,0,54,30041G,Lakeside 30041 G,LAKESIDE MIDDLE SCHOOL,Georgia
3076,54,0,54,19841H,PLK1984 Team H,Po Leung Kuk Ho Yuk Ching (1984) College,Hong Kong
3077,54,0,54,31811A,Carver Tigers 1,HARRIS COUNTY CARVER MIDDLE SCHOOL,Georgia
3078,54,0,54,92652E,5 Musketeers,Horizon Science Academy McKinley,Illinois
3079,54,0,54,21788S,The Bombers,REDLAND MIDDLE SCHOOL,Alabama
3080,54,0,54,8056R,Rockin' Robots,Ralston Middle School,California - North
3081,54,0,54,2014R,Karma,Sandpiper School,California - North
3082,54,0,54,83504A,Finham Park School,Finham Park School,United Kingdom
3083,54,0,54,25822A,HeatWave,iCode Westchase,Florida - North/Central
3084,53,53,0,66785G,BASIS International School Wuhan,BASIS International School Wuhan,Middle China
3085,53,25,28,37167B,Circuit Breakers,THURMAN FRANCIS ARTS ACADEMY/MAGNET SCHOOL FOR THE ARTS,Tennessee
3086,53,18,35,44408C,CMS: The Cactus Lovers,SOUTH SIDE MIDDLE SCHOOL,Ohio
3087,53,18,35,88701A,OPS Robot 1,Oscar-Paret-Schule Freiberg am Neckar,Germany
3088,53,18,35,36498A,Purple Sparks,MICROSOCIETY ACADEMY CHARTER SCHOOL OF SOUTHERN NH,New Hampshire/Vermont
3089,53,18,35,92717C,Blue Knights,IMMANUEL LUTHERAN SCHOOL,Wisconsin
3090,53,18,35,10745T,Tator Bots,Tator Bots,Virginia
3091,53,18,35,48755B,Robroskis,CROSS LUTHERAN SCHOOL,Michigan
3092,53,17,36,14180C,Broken Rubberbands,PETER F ALBA MIDDLE SCHOOL,Alabama
3093,53,17,36,83203W,Jurassic Spark,OSCEOLA SCIENCE CHARTER SCHOOL,Florida - North/Central
3094,53,17,36,89189B,Roboyotes Red,ELKO INSTITUTE FOR ACADEMIC ACHIEVEMENT,Nevada
3095,53,17,36,61018S,M-Pulse,Malesus STEM Innovation Center,Tennessee
3096,53,17,36,92583A,Hel's Angels,St Helen's School,United Kingdom
3097,53,17,36,35824C,Vic's Robotics - Team Vincent and the Red ducks,Scheppersinstituut Mechelen,Belgium
3098,53,9,44,7479G,Diggers,Hillcrest Christian College,Australia
3099,53,7,46,14581B,Galactic Cookies,Charlotte Public Schools,Michigan
3100,53,7,46,74205A,SkyStack Defiant,HANCEVILLE MIDDLE SCHOOL,Alabama
3101,53,7,46,5280F,Chocolate Chip Pancats,SOARING HEIGHTS PK-8,Colorado
3102,53,7,46,65198C,Pinheads,Jim Ned Intermediate School,Texas - Region 5
3103,53,2,51,2501Z,Bee Sharp,Jr Jacket Robotics,Iowa
3104,53,0,53,929T,Hereford Zone Robotics,Hereford Middle School,Maryland
3105,53,7,46,16838B,SpiritGears,DISHCHII'BIKOH COMMUNITY SCHOOL,Arizona
3106,53,7,46,5253D,Eagle Engineers 5253D,American International School Hong Kong,Hong Kong
3107,53,7,46,8234A,Error 403,BEDMINSTER TOWNSHIP PUBLIC SCHOOL,New Jersey
3108,53,0,53,2367F,We're Just Here for the Pizza,R M Marrs Magnet Middle School,Nebraska
3109,53,0,53,55451B,DeWitt Perry Team 2,PERRY MIDDLE,Texas - Region 5
3110,53,0,53,5020D,WONG TEAM,LAKELAND PREPARATORY SCHOOL,Tennessee
3111,53,2,51,81409D,TCS Cyberstorm,The Cotswold School Academy,United Kingdom
3112,53,0,53,83203G,Cyber Wall-Es,OSCEOLA SCIENCE CHARTER SCHOOL,Florida - North/Central
3113,53,2,51,9936C,Pinky the Chihuahua,Ramay Junior High School,Arkansas
3114,53,2,51,12920C,Pinhead 2.0 OIS-C,OXFORD INTERMEDIATE SCHOOL,Mississippi
3115,53,0,53,63683D,Tarantulas,ROY JR HIGH,Utah
3116,53,0,53,8724A,ANABİLİM ROBOTİK,Özel Maltepe Anabilim Eğitim Kurumları,Türkiye
3117,53,2,51,48009D,The Poké People,Roeper School,Michigan
3118,53,2,51,18223C,KunstRobotC,KUNST (TOMMIE) JUNIOR HIGH,California - South
3119,53,2,51,422Z,The Numerators,WEST POINT JR HIGH,Utah
3120,53,0,53,93629D,Team Dong Cac,Trường TH&THCS Đông Các,Vietnam
3121,53,0,53,20163B,Green Beans,FELLOWSHIP CHRISTIAN ACADEMY,Massachusetts
3122,53,0,53,79539A,Vortex Vipers,NEPTUNE MIDDLE SCHOOL,Florida - North/Central
3123,53,0,53,19137A,Megabot,Megabot,Virginia
3124,53,0,53,8244C,Cascade Chaos,Cascade Chaos,Indiana - Region 2 - Central
3125,53,0,53,2167A,Code Red,Nikki's Friends,Texas - Region 3
3126,53,0,53,84M,Smart Coders,TIMBERLINE MIDDLE SCHOOL,Washington
3127,53,0,53,42655A,3 Musketeers,KNOX DOSS MIDDLE SCHOOL AT DRAKES CREEK,Tennessee
3128,53,0,53,18965B,Nexus Bravery,Art Nexus Pte Ltd,Singapore
3129,53,0,53,26134B,Circuit Breaker,Chiang Mai International School,Thailand
3130,53,0,53,1701B,Electric Vortex,J W Williams Middle School,Texas - Region 2
3131,53,0,53,3877A,Lopaty,"Základní škola T. G. Masaryka, Hodkovice nad Mohelkou",Czech Republic
3132,53,0,53,4209A,Pajama Botics,Montessori Educational Center,Louisiana
3133,53,0,53,58072B,Robots in Disguise,VALLEY CITY JUNIOR HIGH SCHOOL,North Dakota
3134,53,0,53,4518A,Circuit Breakers,SUDIE L WILLIAMS TALENTED AND GIFTED ACADEMY,Texas - Region 2
3135,53,0,53,58964A,Lott 1,LOTT MIDDLE SCHOOL,Alabama
3136,53,0,53,21788E,Jafer the Great,REDLAND MIDDLE SCHOOL,Alabama
3137,53,0,53,10462B,Northview Falcons B,Northview Middle School,Indiana - Region 2 - Central
3138,53,0,53,26346G,Monjulikas,Pannini Tech Academy,North Carolina
3139,53,0,53,43304E,ACES Eagles E,Aventura City Of Excellence School,Florida - South
3140,53,0,53,96686B,WoodlandPres2,WOODLAND PRESBYTERIAN SCHOOL,Tennessee
3141,53,0,53,7184A,SDJH Team A,SOUTH DAVIS JR HIGH,Utah
3142,53,0,53,58508C,Da Smarties,Blair-taylor Middle/high School,Wisconsin
3143,53,0,53,19799C,WSC-C,Po On Commercial Association Wong Siu Ching Secondary School,Hong Kong
3144,53,0,53,64798A,The Bot Shop,KNOX COMMUNITY MIDDLE SCHOOL,Indiana - Region 1 - North
3145,53,0,53,34343D,Carmel CouGears,CARMEL MIDDLE SCHOOL,Indiana - Region 2 - Central
3146,53,0,53,40101B,Swamp Donkeys,Mountain View Junior High School,Utah
3147,53,0,53,7686T,The Scorpions,Harrisburg Public School District,South Dakota
3148,53,0,53,1415B,Pin Droppers,SHEPHERDSTOWN MIDDLE SCHOOL,West Virginia
3149,53,0,53,78802C,67,Ubly Community Elementary School,Michigan
3150,53,0,53,17151R,Team Pickles,KENNETH T BEAGLE  MIDDLE SCHOOL,Michigan
3151,52,28,24,52191W,The Quantum Physics Club (The QPC),EDGEWOOD JUNIOR HIGH SCHOOL,Indiana - Region 3 - South
3152,52,18,34,99299X,Moonwalkers,The STEM Lab,South Carolina
3153,52,17,35,1012H,Ten Ton Robotics,West Vancouver Schools,British Columbia (BC)
3154,52,11,41,44100B,CR Jurassic Spark,CRESTVIEW MIDDLE SCHOOL,Ohio
3155,52,4,48,36116B,McKee Tigers,MCKEE MIDDLE SCHOOL,Alabama
3156,52,0,52,78380F,GearFish Comeback,FRANKLIN MIDDLE,Minnesota
3157,52,7,45,33008H,Kuwait 1,Kuwait Information Technology Society,Kuwait
3158,52,7,45,60160T,CAIS Cyber Tigers,Changchun American International School,North China
3159,52,6,46,5573A,Blue Devils,NORTHEAST MIDDLE SCHOOL,Georgia
3160,52,4,48,27042A,DMCS Apollo 11,Bethlehem Academy,Minnesota
3161,52,4,48,32350A,Raiders Rumble (32350A),GOOD HOPE MIDDLE SCHOOL,Alabama
3162,52,0,52,14301G,GG,Gaskill Preparatory School,New York-North
3163,52,2,50,2281Y,GMS Silver Surfer,ULYSSES S. GRANT MIDDLE SCHOOL,Ohio
3164,52,0,52,2831A,Electric Eagles,South Forsyth Middle School,Georgia
3165,52,0,52,78151A,Byting Bulldogs,Colonel Wheeler Middle School,Indiana - Region 1 - North
3166,52,0,52,69459A,The Sixty-Seveners,OAKMAN MIDDLE SCHOOL,Alabama
3167,52,0,52,58071X,Maple Farmers,Maple Valley Elementary School,North Dakota
3168,52,0,52,11069M,Rookie Robos,VexRobotics-Morrisville,North Carolina
3169,52,0,52,86510A,Shrimp Tempura,86510,Washington
3170,52,0,52,32630J,The Cyclones,ELKHORN VALLEY VIEW MIDDLE SCHOOL,Nebraska
3171,52,0,52,78721A,Mason Robotics Fredrick is the G.O.A.T.,Mason Center for Robotics,Ohio
3172,52,0,52,11284E,The Death Brigade,FORT CLARKE MIDDLE SCHOOL,Florida - North/Central
3173,52,0,52,44744S,Gold,ASU PREPARATORY ACADEMY-POLYTECHNIC MIDDLE SCHOOL,Arizona
3174,51,0,51,2822T,Genesis,STAUFFER (MARY R.) MIDDLE,California - South
3175,51,17,34,33719U,Apollo,Central Coast Grammar School,Australia
3176,51,17,34,78680B,HPMS Robotics IQ team,Harvest Park Middle School Robotics Team,California - North
3177,51,17,34,6546T,One Degree North: The Innovative Eagles,Singapore American School,Singapore
3178,51,0,51,47789C,Them 2.0,Pine Tree Junior High School,Texas - Region 2
3179,51,17,34,49448B,NOVA,Colregio,Colombia
3180,51,6,45,29312B,75% Guys,HAMPTON HIGH SCHOOL,Nebraska
3181,51,0,51,73807F,The Patriotic Stack Attackers,GERMANTOWN MIDDLE SCHOOL,Mississippi
3182,51,0,51,95233C,Team Name,LEXINGTON JUNIOR HIGH SCHOOL,Ohio
3183,51,0,51,88173B,CROCBOTS,All Hallows Catholic High School,United Kingdom
3184,51,7,44,16346K,Slick Chicks,Cranberry Area Jshs,Pennsylvania - West
3185,51,4,47,2076J,Bacon eggs and sandwiches,Knox Grammar School,Australia
3186,51,0,51,34701E,34701E,City of London School,United Kingdom
3187,51,0,51,64330C,Chicken & Waffles,HOLY SPIRIT SCHOOL,Kentucky
3188,51,0,51,96000X,QuantumX,The Mind Spark,Pennsylvania - East
3189,51,0,51,1740A,Arctic Warriors,Morgan Road Middle School,New York-North
3190,51,0,51,10781B,The Fantastic 5,St Bernard School,Wisconsin
3191,51,0,51,84010A,Eagle Pride A,Bountiful Junior High School,Utah
3192,51,0,51,263D,Ding Dong Ditchers,RIVERSIDE MIDDLE,South Carolina
3193,51,0,51,58560A,Breakfast,Sias International School,Middle China
3194,51,0,51,74801K,B.A.S.T.Y,WESTWOOD MIDDLE SCHOOL,Florida - North/Central
3195,51,0,51,99995A,Trident,Trident Team,California - North
3196,51,0,51,40807B,Fried Chicken,Island School,Hong Kong
3197,51,0,51,81409C,TCS Wally,The Cotswold School Academy,United Kingdom
3198,51,0,51,55821F,Servo Shockwavers,EAST RIDGE MIDDLE SCHOOL,Florida - North/Central
3199,51,0,51,8262E,Excellent Warriors,Wahluke Junior High School,Washington
3200,51,0,51,88892Z,Retro Gators,Delhi Charter School,Louisiana
3201,51,0,51,375J,375J,ROBERT F BUMPUS MIDDLE SCHOOL,Alabama
3202,51,0,51,62026C,Ostrich,Fairfield Jr High,Utah
3203,51,0,51,49110V,Blue,Create Minds,South China
3204,51,0,51,44814T,Chicken Nuggets,EDISON MIDDLE SCHOOL (FORMERLY BERLIN-MILAN MIDDLE SCHOOL),Ohio
3205,51,0,51,1193B,Bubble Guppies,Jay County Robotics,Indiana - Region 1 - North
3206,51,0,51,20861A,Sting,Hooks Jr High,Texas - Region 2
3207,51,0,51,20861B,Swarm,Hooks Jr High,Texas - Region 2
3208,51,0,51,835F,SSMS Overtakers,SULPHUR SPRINGS MIDDLE,Texas - Region 2
3209,51,0,51,64987A,Organized Chaos,PLAINFIELD COMMUNITY MIDDLE SCHOOL,Indiana - Region 2 - Central
3210,51,0,51,66366F,The Klingon,MARTINEZ MIDDLE SCHOOL,Florida - North/Central
3211,51,0,51,47220B,Robo Saints,LUTHERAN CENTRAL SCHOOL,Indiana - Region 3 - South
3212,51,0,51,73733A,SABIS International School - Yas Island,SABIS International School - Yas Island,United Arab Emirates
3213,51,0,51,14319H,TalentWorld Tinkerers,Talent World International Schools,Saudi Arabia
3214,51,0,51,30758C,The Tornadoes,WALNUT PARK MID B SCI TECH ENGR AND MATH ACAD,California - South
3215,51,0,51,10740D,The Prime Robots,OAK MOUNTAIN MIDDLE SCHOOL,Alabama
3216,51,0,51,1270D,Titanium Tanks,Wenatchee Valley Museum,Washington
3217,51,0,51,32688A,Geronimo's Nephew's,THEODORE ROOSEVELT SCHOOL,Arizona
3218,51,0,51,63366S,YAPPATRONS,IGNITE ROBOTICS,North Carolina
3219,51,0,51,89227D,Popcorn Fueled Geniuses,GREENFIELD CENTRAL JUNIOR HIGH SCH,Indiana - Region 2 - Central
3220,51,0,51,90011T,90011T,Los Angeles Academy MS,California - South
3221,51,0,51,33323B,BBS IQ 2,Bahrain Bayan School,Bahrain
3222,51,0,51,47201X,Central Chains,CENTRAL MIDDLE SCHOOL,Indiana - Region 3 - South
3223,51,0,51,10673A,Virtual Vipers,Marshall Middle School,Pennsylvania - West
3224,51,0,51,412E,Demon Chestnuts,ENVIRONMENTAL CHARTER SCHOOL AT FRICK PA,Pennsylvania - West
3225,51,0,51,46032K,TechCATS,Creekside Middle School,Indiana - Region 2 - Central
3226,51,0,51,6039X,The Mind Flayer,BrandywineBOTS Robotics,Delmarva
3227,50,7,43,22121A,Causey Robo Tigers,Causey Middle School,Alabama
3228,50,22,28,11462P,Champion Builders,GIBSON  ROBERT O MIDDLE SCHOOL LEADERSHIP ACADEMY,Nevada
3229,50,2,48,48909B,Texas Roboots,EULA J H,Texas - Region 5
3230,50,18,32,27549B,Astrolotls,DON JUAN AVILA MIDDLE,California - South
3231,50,4,46,6687D,Keystone Oaks D,KEYSTONE OAKS MIDDLE SCHOOL,Pennsylvania - West
3232,50,10,40,96991D,CTMS BearBots,Centennial Middle School,Colorado
3233,50,9,41,8135H,Grizzly Gears,PINEY GROVE MIDDLE SCHOOL,Georgia
3234,50,7,43,6174D,Hightower Trail Advanced Robotics Projects Agency,HIGHTOWER TRAIL MIDDLE SCHOOL,Georgia
3235,50,7,43,25455K,Unicorns,CRANBERRY AREA JSHS,Pennsylvania - West
3236,50,7,43,9936A,Perry the Platypus,Ramay Junior High School,Arkansas
3237,50,7,43,60011C,BullBotz,BRIGGS PUBLIC SCHOOL,Oklahoma
3238,50,4,46,78539A,Triton Robotics,TRITON JR-SR HIGH SCHOOL,Indiana - Region 1 - North
3239,50,4,46,3581A,SSSA Silver Eagles,Silver Shores STEAM Academy K-8,Florida - South
3240,50,4,46,60910B,Scoring Super Bots,RIVERVIEW MIDDLE SCHOOL,Indiana - Region 1 - North
3241,50,4,46,34458B,Rogue One,OCEAN SPRINGS UPPER ELEMENTARY SCHO,Mississippi
3242,50,4,46,10851G,The Three Minion-Engineers,RIVERVIEW LUTHERAN SCHOOL,Wisconsin
3243,50,2,48,79089A,Del Webb Robotics,DEL E WEBB MIDDLE SCHOOL,Nevada
3244,50,2,48,28102U,The Unstoppabots,NORTH UNION MIDDLE SCHOOL,Ohio
3245,50,0,50,1460A,P3,PIKEVIEW MIDDLE SCHOOL,West Virginia
3246,50,2,48,1922A,J.A.W. Breakers,ST JAMES SCHOOL,Connecticut
3247,50,2,48,84633C,PlaceHolder,Gaspar De Portola Middle School,California - South
3248,50,2,48,91311D,The Titans,Ernest Lawrence Middle School,California - South
3249,50,2,48,30394A,Ambystoma Robotics,Strigiform Robotics,Oregon
3250,50,0,50,82717A,RobotRangers,SAGE VALLEY JUNIOR HIGH SCHOOL,Wyoming
3251,50,0,50,25627B,"Tri-West B - ""Bruin Bots""",TRI-WEST MIDDLE SCHOOL,Indiana - Region 2 - Central
3252,50,0,50,53995A,Team A,Canadian International School of Hefei,Middle China
3253,50,0,50,5263B,VIP's,Alexandria Middle School,Alabama
3254,50,0,50,1466D,Next Level Kidz »» No-Names,Next Level Kidz Inc.,South Carolina
3255,50,0,50,17139B,Mavericks,SOUTH WASCO MIDDLE SCHOOL,Oregon
3256,50,0,50,31449A,Stormers,Red Barn Robotics,Indiana - Region 1 - North
3257,50,0,50,25627D,"Tri-West D- ""Goldtective Hippos""",TRI-WEST MIDDLE SCHOOL,Indiana - Region 2 - Central
3258,50,0,50,6039U,Waffle Warriors,BrandywineBOTS Robotics,Delmarva
3259,50,0,50,67431C,Irish Minions,USD 473 Chapman Middle School,Kansas
3260,49,19,30,77414B,RoboFlashes B,Franklin Central Junior High,Indiana - Region 2 - Central
3261,49,17,32,11450B,RMS Lions,RAVENSWOOD MIDDLE,California - North
3262,49,11,38,31408B,Cu?iosity Next Gen,TAHLEQUAH MIDDLE SCHOOL,Oklahoma
3263,49,11,38,6210A,HCS: ALPs,HERITAGE CHRISTIAN SCHOOL,Indiana - Region 2 - Central
3264,49,9,40,87115C,ISC Innovators,International School of Choueifat,Iraq
3265,49,9,40,45713C,Holtville C- Team Bulldog,HOLTVILLE MIDDLE SCHOOL,Alabama
3266,49,0,49,1945E,Crazy Crane,MINTO ELEMENTARY SCHOOL,North Dakota
3267,49,2,47,78619A,Wildcat Return,WINSTON PARK K-8 CENTER,Florida - South
3268,49,7,42,4306A,Robo Tigers,ADAIRSVILLE MIDDLE SCHOOL,Georgia
3269,49,6,43,10999B,Ashford Wolfbots 2,ASHFORD SCHOOL,Connecticut
3270,49,2,47,25627A,"Tri-West A ""Corny Crusaders""",TRI-WEST MIDDLE SCHOOL,Indiana - Region 2 - Central
3271,49,4,45,1873A,Turbo Turtles,CULLMAN MIDDLE SCHOOL,Alabama
3272,49,4,45,36831F,36831F,DRAKE MIDDLE SCHOOL,Alabama
3273,49,2,47,53901B,Engineering Eagles,CANOE CREEK K-8,Florida - North/Central
3274,49,0,49,79089D,Del Webb Robotics,DEL E WEBB MIDDLE SCHOOL,Nevada
3275,49,0,49,1957F,Salesian Mavericks 2.0,Salesian College Chadstone,Australia
3276,49,0,49,22494A,RoboBraves,HEARD COUNTY MIDDLE SCHOOL,Georgia
3277,49,0,49,68526T,DongVanTech,Trường PTDTNT THCS và THPT Đồng Văn,Vietnam
3278,49,0,49,93563A,The Erudite Society,GREENSBORO MIDDLE SCHOOL,Alabama
3279,49,0,49,3722R,Tech Titans,The Frazer School,Florida - North/Central
3280,49,0,49,6039T,Obliviators,BrandywineBOTS Robotics,Delmarva
3281,49,0,49,84010C,Eagle Price C,Bountiful Junior High School,Utah
3282,49,0,49,18821A,CougarTrons,Jackson Central Merry Middle School ,Tennessee
3283,49,0,49,25628Z,The Hot Botz,RUDOLPH G. GORDON SCHOOL AT JONES MILL,South Carolina
3284,49,0,49,3138E,Squirmy Wormy,Seymour Middle School,Indiana - Region 3 - South
3285,49,0,49,77806D,Soussi Scientists,BASIS AHWATUKEE,Arizona
3286,49,0,49,46052A,Tigers Robotics,Lebanon Middle School,Indiana - Region 2 - Central
3287,49,0,49,53162C,Erskine Comets,Win-e-mac Secondary,Minnesota
3288,49,0,49,15801B,Whimsical Watermelons,DUBOIS AREA MIDDLE SCHOOL,Pennsylvania - West
3289,48,17,31,31337S,Sesame Street Sisters,Mountain Brook Junior High,Alabama
3290,48,18,30,75921E,Hot Wheelies,Hampton Park Christian School,South Carolina
3291,48,17,31,16346M,Manic Monkeys,Cranberry Area Jshs,Pennsylvania - West
3292,48,17,31,4854B,FMS-Baked Potatoes,FARNSWORTH MIDDLE SCHOOL,Idaho
3293,48,2,46,84633B,Small Hero 6,Gaspar De Portola Middle School,California - South
3294,48,8,40,2367B,Dino Nuggets,R M Marrs Magnet Middle School,Nebraska
3295,48,7,41,34029U,Techy Boys,Wood Oaks Junior High,Illinois
3296,48,7,41,54345D,SIS - The Leprechaun,Seoul International School,South Korea
3297,48,7,41,71601B,Mavericks 2,Community Montessori School,Tennessee
3298,48,7,41,2340D,Elon Tusk,FMAHS,Australia
3299,48,7,41,66366B,The Q,MARTINEZ MIDDLE SCHOOL,Florida - North/Central
3300,48,7,41,670C,Illusion,DOHSCHOOL,Japan
3301,48,7,41,32596C,Error 404,KELLY A BURLISON MIDDLE SCHOOL,Missouri
3302,48,7,41,55422A,The Middle Schoolers,Sacred Heart Catholic School,Minnesota
3303,48,6,42,9821J,The Claaaaw,CENTRAL MIDDLE,Minnesota
3304,48,0,48,4392M,Loose Screws,EAST LIVERPOOL JUNIOR HIGH,Ohio
3305,48,2,46,15818A,AMS Panthers,ALIAMANU MIDDLE SCHOOL,Hawaii
3306,48,4,44,84855A,Metal Box,St Barnabas School,Indiana - Region 2 - Central
3307,48,2,46,77022A,Los Jefes,City of Riihimaki Karan koulu,Finland
3308,48,2,46,18721T,Team Table Team ,STILLWATER MIDDLE SCHOOL,Oklahoma
3309,48,0,48,77021E,Mustikkamaito,"City of Riihimaki, Harjunrinteen koulu",Finland
3310,48,0,48,9340D,Silly Skittles,Harvey Elementary School,Florida - North/Central
3311,48,2,46,7840H,Emoner ROBOTICS | vortex,Emoner ROBOTICS,Türkiye
3312,48,2,46,46323F,Robot Slayers,ST GEORGE EPISCOPAL SCHOOL,Texas - Region 4
3313,48,2,46,20490C,CAMS3: SKERFC,COLORADO ACADEMY,Colorado
3314,48,2,46,38028C,CYBER SAINTS- CAMO,Briarcrest Christian School,Tennessee
3315,48,2,46,26207A,Wildcats,GLIDDEN-RALSTON ELEMENTARY SCHOOL,Iowa
3316,48,2,46,10166H,I. E Santo Domingo,I. E Santo Domingo,Colombia
3317,48,0,48,610C,Crescent Robotics,Crescent School,Ontario
3318,48,0,48,34790B,Team THS-Megatron,Tibagan High School,Philippines
3319,48,0,48,38673H,Green Vipers,"Canyon Hills Middle School, CCTE/STEAM Pumas",Texas - Region 1
3320,48,0,48,11253A,Marsh Jr A - Segmentation Faults,Marsh Junior High School,California - North
3321,48,0,48,6609A,西安高新逸翠园中学/西安市雁塔区第五小学/西安雁塔融侨小学,西安高新逸翠园中学/西安市雁塔区第五小学/西安雁塔融侨小学,West China
3322,48,0,48,20234R,KAS MLG,SLR小洛特機器人,Chinese Taipei
3323,48,0,48,44039B,CART BLUE,Chiltern Academy,United Kingdom
3324,48,0,48,22494B,Heard County Techno,HEARD COUNTY MIDDLE SCHOOL,Georgia
3325,48,0,48,952R,Ridgely Robotics,Ridgely Middle School,Maryland
3326,48,0,48,19770M,Team Fergy,FERGUSON INTERMEDIATE SCHOOL,New Zealand
3327,48,0,48,1740C,Arctic Warriors,morgan ROAD MIDDLE SCHOOL,New York-North
3328,48,0,48,8262C,Courageous  Warriors,Wahluke Junior High School,Washington
3329,48,0,48,67597A,LCP,Yan Chai Hospital Lan Chi Pat Memorial Secondary School,Hong Kong
3330,48,0,48,6176T,amogus,Robostem Foundation,Massachusetts
3331,48,0,48,6001B,AMS STEM Eagles Team B,HERBERT A. AMMONS MIDDLE SCHOOL,Florida - South
3332,48,0,48,58196C,DJHS C,DAUPHIN JUNIOR HIGH SCHOOL,Alabama
3333,48,0,48,75485F,Nightshades,NORTHSIDE MIDDLE SCHOOL,Indiana - Region 3 - South
3334,48,0,48,10541A,Clements Robotics,Clements Middle School,Georgia
3335,48,0,48,26519B,Technostorm,Trang Ruampattana School,Thailand
3336,48,0,48,72747B,BMS Robotics,BEDFORD MIDDLE SCHOOL,Indiana - Region 3 - South
3337,48,0,48,153B,Vortex Wolves,SPARTA MIDDLE SCHOOL,New Jersey
3338,48,0,48,21788M,Redland Robots,REDLAND MIDDLE SCHOOL,Alabama
3339,48,0,48,6033B,Echo,Belmont Middle School,New Hampshire/Vermont
3340,48,0,48,214C,Cheetobots,HAMILTON HEIGHTS MIDDLE SCHOOL,Indiana - Region 2 - Central
3341,48,0,48,29617S,los pollos fritos,LAKEVIEW MIDDLE,South Carolina
3342,48,0,48,14319B,TWG RoboStars,Talent World International Schools,Saudi Arabia
3343,48,0,48,63670F,Big Robofeet,STE. GENEVIEVE MIDDLE SCHOOL,Missouri
3344,48,0,48,45277D,Dart Goblins,CENTENNIAL JR HIGH,Utah
3345,48,0,48,5081X,5081X - Girl Power,CITY/PEMBROKE PINES CHARTER MIDDLE SCHOOL,Florida - South
3346,48,0,48,26346C,Hoodie Gang,Pannini Tech Academy,North Carolina
3347,48,0,48,72020B,WWMS-B The Circuits,Wilbur Wright Middle School,Indiana - Region 1 - North
3348,48,0,48,87587A,Lakeland Star Bots,LAKELAND INTERMEDIATE SCHOOL,Indiana - Region 1 - North
3349,48,0,48,10720B,404 Not Found,INDIAN MOUND MIDDLE,Wisconsin
3350,47,47,0,67840C,Echo6,BENJAMIN STODDERT MIDDLE SCHOOL,Maryland
3351,47,17,30,2014T,Tuff Timmy's,Sandpiper School,California - North
3352,47,9,38,74023B,Tech Titans,CUSHING MIDDLE SCHOOL,Oklahoma
3353,47,0,47,18386E,Princeton Middle E,PRINCETON MIDDLE SCHOOL,West Virginia
3354,47,0,47,81785X,Kinsale VEX Cubs 1,Kinsale Community School,Ireland
3355,47,2,45,21375A,Impact Academy,Impact Academy,Georgia
3356,47,7,40,7399Z,Robot-Builders,GULFPORT CENTRAL MIDDLE SCHOOL,Mississippi
3357,47,7,40,7501W,Thing-a-majig,WHITE PINE MIDDLE SCHOOL,Nevada
3358,47,7,40,91604A,L3BR0N,HEADLAND MIDDLE SCHOOL,Alabama
3359,47,7,40,54204C,PanthersC,ST VINCENT DE PAUL SCHOOL,Indiana - Region 1 - North
3360,47,7,40,17511D,Maverick Mechanics,BAD AXE MIDDLE SCHOOL,Michigan
3361,47,0,47,23761D,AMS_CT Robotics,Avon Middle School,Connecticut
3362,47,0,47,64932A,*Insert Team Name*,Norwich School,United Kingdom
3363,47,2,45,76926C,67 Labubus,Chengdu International School,West China
3364,47,2,45,3620B,CyberHawks,RANDALL MIDDLE SCHOOL,Florida - North/Central
3365,47,2,45,15703B,"Blood, Sweat, and Gears",MILL CREEK MIDDLE SCHOOL,Tennessee
3366,47,2,45,33044A,Peace Out People :P,OLD HIGH MIDDLE SCHOOL,Arkansas
3367,47,2,45,48380C,Boba Tea,Branksome Hall Asia,South Korea
3368,47,2,45,54996A,John,St. Peter's School (13-18),United Kingdom
3369,47,2,45,81884B,The Engineering Spartans,HENRY T. GAGE MIDDLE,California - South
3370,47,2,45,43179B,Bethel H.E.A.T,BETHEL MIDDLE SCHOOL,Arkansas
3371,47,2,45,97058C,The Raptors,Wasco County 4-H & The Dalles Middle School,Oregon
3372,47,2,45,96991B,CTMS BearBots,Centennial Middle School,Colorado
3373,47,2,45,78337D,The Robotrons,"Pine Crest School, Boca Raton Campus",Florida - South
3374,47,0,47,9825A,EWS RoboJags A,THE EMERY/WEINER SCHOOL,Texas - Region 3
3375,47,0,47,35152D,RoboBison D,Station Camp Middle School,Tennessee
3376,47,0,47,77177C,Apple π,North London Collegiate School,South Korea
3377,47,0,47,19701B,Bronies,JIMENEZ ROBERTO AND DR. FRANCISCO ELEMENTARY,California - South
3378,47,0,47,19701C,Las Chivas,JIMENEZ ROBERTO AND DR. FRANCISCO ELEMENTARY,California - South
3379,47,0,47,34029T,The Smurfs,Wood Oaks Junior High,Illinois
3380,47,0,47,71964B,Wolf Riders!,Lake Hamilton Middle School,Arkansas
3381,47,0,47,14163B,B Team,MONROEVILLE ELEMENTARY SCHOOL,Ohio
3382,47,0,47,7479N,Hillcrest N,Hillcrest Christian College,Australia
3383,47,0,47,12819V,Selling Squad,Adelaide Botanic High School,Australia
3384,47,0,47,74801A,Green Chili Motǝr watermelon,WESTWOOD MIDDLE SCHOOL,Florida - North/Central
3385,47,0,47,26555B,G2 Engineering,The Thomas Lord Audley School,United Kingdom
3386,47,0,47,9364T,Iron Eagles-Taco Tuesday,Brentwood Academy,Tennessee
3387,47,0,47,715A,CKS Robotics,Christ The King Catholic School,Indiana - Region 2 - Central
3388,47,0,47,1416A,iCode Franklin,iCode Franklin,Tennessee
3389,47,0,47,19980F,Unstoppable,Trường Phổ thông dân tộc Nội trú THCS và THPT Cao Lộc,Vietnam
3390,47,0,47,929W,HZR  DiBerardino,Hereford Middle School,Maryland
3391,47,0,47,50230K,LANNA FIRE,Lanna International School Thailand,Thailand
3392,47,0,47,43210B,LFCD Cambi,Landau Forte Derby College,United Kingdom
3393,47,0,47,60965G,Masterminds,NEW MARTINSVILLE SCHOOL,West Virginia
3394,47,0,47,794A,RobotiX Institute,RobotiX Institute,Tennessee
3395,47,0,47,49982A,Mustang Robotics,BLUFFTON MIDDLE,South Carolina
3396,47,0,47,79741D,Timmy Warrior,Jim Ned Middle School,Texas - Region 5
3397,47,0,47,75755C,AGMS3,AGMS,Pennsylvania - East
3398,47,0,47,91111Z,Zemmiphobia,Southside Middle School,Indiana - Region 1 - North
3399,47,0,47,34119A,Warrior Footera,Oneonta Middle School,Alabama
3400,47,0,47,76464B,Belvedere Bots,Belvedere Middle School,California - South
3401,47,0,47,73922A,Turophobic Cat,STANLEY BRITISH PRIMARY SCHOOL,Colorado
3402,47,0,47,1148B,Stevenson Robotics,Robert Louis Stevenson Middle School,Hawaii
3403,47,0,47,79437B,Hamter,NORTHWOOD MIDDLE,South Carolina
3404,47,0,47,68749A,Ranger Robotics,NORTHWEST MIDDLE SCHOOL,Tennessee
3405,47,0,47,60355B,The Calkoolaiderz,Mid-South Gifted Academy,Tennessee
3406,47,0,47,7280A,Cyber Sensation Anderson Library,Anderson County Library VEX Robotics,South Carolina
3407,47,0,47,11471D,Creative Conrollers,LaSalle Preparatory School,New York-North
3408,47,0,47,77430K,Grinding Gears,Farmington Junior High School,Utah
3409,47,0,47,855A,Assumption School Robotics,ASSUMPTION SCHOOL,Connecticut
3410,47,0,47,855B,Assumption School Robotics,ASSUMPTION SCHOOL,Connecticut
3411,47,0,47,78131A,Bears MS1,Madison Consolidated Junior High School,Indiana - Region 3 - South
3412,47,0,47,17139C,Masterminds,SOUTH WASCO MIDDLE SCHOOL,Oregon
3413,47,0,47,78721B,Mason Robotics B,Mason Center for Robotics,Ohio
3414,47,0,47,53274B,Automated Trailblazers,St Elizabeth Ann Seton Catholic School,Indiana - Region 1 - North
3415,47,0,47,95598B,Team Red Devils,LOWELL MIDDLE SCHOOL,Indiana - Region 1 - North
3416,47,0,47,11336A,Jar of Pickles,Central Middle School,New Jersey
3417,47,0,47,53625F,Team F,Sioux Falls Lutheran School,South Dakota
3418,46,0,46,99340A,Ziggy,SCHOLAR ACADEMY,Utah
3419,46,18,28,1021W,Ten Ton Robotics,West Vancouver Secondary School,British Columbia (BC)
3420,46,8,38,25955A,Wildcats,4-H,Alabama
3421,46,0,46,78151S,Byting Bulldogs,Colonel Wheeler Middle School,Indiana - Region 1 - North
3422,46,0,46,16838C,SillyGoose:),DISHCHII'BIKOH COMMUNITY SCHOOL,Arizona
3423,46,0,46,16346G,The Turtles,Cranberry Area Jshs,Pennsylvania - West
3424,46,0,46,56047B,River Valley RAD's,RIVER VALLEY TECHNICAL CENTER,New Hampshire/Vermont
3425,46,7,39,78454S,Dunk-IN,STEAMwhiz - The STEM Learning Lab,New York-North
3426,46,4,42,44035W,Warheads,Elyria Robotics,Ohio
3427,46,6,40,9223A,MexBots,ALICIA R CHACON INTERNATIONAL,Texas - Region 1
3428,46,2,44,9936E,Baymax,Ramay Junior High School,Arkansas
3429,46,2,44,36831E,36831E,DRAKE MIDDLE SCHOOL,Alabama
3430,46,4,42,6697A,360 Crab Claws,Prattville Junior High School,Alabama
3431,46,2,44,9936G,Hei Hei,Ramay Junior High School,Arkansas
3432,46,2,44,33334C,Taft Cyberdogs,ROBERT TAFT MIDDLE SCHOOL,Indiana - Region 1 - North
3433,46,0,46,64006B,Crenshaw Middle School,CRENSHAW MIDDLE SCHOOL,Texas - Region 3
3434,46,0,46,74628C,Snack Attack,THREE RIVERS SCHOOL,Illinois
3435,46,0,46,18778D,The Spiky STEMS,SHS - Sacred Heart School,Ireland
3436,46,0,46,31589S,Ojibot South Surrey,Steamoji South Surrey,British Columbia (BC)
3437,46,2,44,60342A,Wheel Deal,Mountrath Community School,Ireland
3438,46,0,46,50491C,The Nerd Cluster All Stars,GATEWAY SCIENCE ACADEMY OF ST. LOUIS - MIDDLE,Missouri
3439,46,0,46,44222B,SRS We Are Moana!,Sunset Ridge School,Illinois
3440,46,0,46,72250A,Metal Manipulators,BUSH MIDDLE,Texas - Region 5
3441,46,0,46,33133A,HGE Bot Squad,Hartmanni-Gymnasium Eppingen,Germany
3442,46,0,46,1091B,ACSM Robotics,ACADEMIR CHARTER SCHOOL MIDDLE,Florida - South
3443,46,0,46,4306B,Tiger Techs,ADAIRSVILLE MIDDLE SCHOOL,Georgia
3444,46,0,46,17414A,17414A,SOULE ROAD MIDDLE SCHOOL,New York-North
3445,46,0,46,46296C,Starbots,iCode,Virginia
3446,46,0,46,37825C,Robo Bros,LoCo Robo,South Carolina
3447,46,0,46,16109D,The Vipers,PORTLAND WEST MIDDLE SCHOOL,Tennessee
3448,46,0,46,1158B,Ree-imagined,Denver PS,Colorado
3449,46,0,46,82717B,I Don't Know,SAGE VALLEY JUNIOR HIGH SCHOOL,Wyoming
3450,46,0,46,1565B,HGS_Invicticus,Highgate School,United Kingdom
3451,46,0,46,40053C,Little Cesar ,COOLEY MIDDLE SCHOOL,Arizona
3452,46,0,46,32630C,The Jimmy,ELKHORN VALLEY VIEW MIDDLE SCHOOL,Nebraska
3453,46,0,46,79762A,Odessa Tigers,Harmony Science Academy Odessa,Texas - Region 5
3454,46,0,46,25316A,'Īao Gear it Up,IAO INTERMEDIATE SCHOOL,Hawaii
3455,46,0,46,2583B,Highflyers,ASIA PACIFIC INTERNATIONAL SCHOOL,Hawaii
3456,46,0,46,47666A,It Works,Elizabeth Miller home,California - North
3457,46,0,46,60171C,Apex Robotics,Code Ninjas Borehamwood,United Kingdom
3458,46,0,46,3142D,Emo Emus,Northwood School,New Hampshire/Vermont
3459,46,0,46,7130D,The Spinning Gears,Lied Middle School,Nevada
3460,46,0,46,68186B,Crypto Coders,NORTH DAVIS JR HIGH,Utah
3461,46,0,46,75054B,Mechanical Thunder,EXCELSIOR ACADEMY,Utah
3462,46,0,46,75485D,Chicken Warriors,NORTHSIDE MIDDLE SCHOOL,Indiana - Region 3 - South
3463,46,0,46,14301H,B.O.B,Gaskill Preparatory School,New York-North
3464,46,0,46,15551A,Betty Bots,SHIRLEY D. SIMMONS MIDDLE SCHOOL,Mississippi
3465,46,0,46,3620E,Robohawks,RANDALL MIDDLE SCHOOL,Florida - North/Central
3466,46,0,46,80697A,Krazy Kougars,KANKAKEE VALLEY MIDDLE SCHOOL,Indiana - Region 1 - North
3467,46,0,46,4671A,Hueytown Middle School Robotics Club,HUEYTOWN MIDDLE SCHOOL,Alabama
3468,46,0,46,75485E,The Catalyst,NORTHSIDE MIDDLE SCHOOL,Indiana - Region 3 - South
3469,46,0,46,9364P,Iron Eagles-Pretty in Pink,Brentwood Academy,Tennessee
3470,46,0,46,3138A,The Lithium Carrots,Seymour Middle School,Indiana - Region 3 - South
3471,46,0,46,43304D,ACES Eagles D,Aventura City Of Excellence School,Florida - South
3472,46,0,46,10957A,Binary Bots,IMAGINE AVONDALE MIDDLE,Arizona
3473,46,0,46,28586C,Cousin Team 2.0,CHARLES ARTHUR HUGHES MIDDLE SCHOOL,Nevada
3474,46,0,46,11293B,Henry MS,PATRICK HENRY MIDDLE,California - South
3475,46,0,46,4702A,Techno-Blades,WHITE PLAINS MIDDLE SCHOOL,Alabama
3476,46,0,46,88310E,Storm Surge,HILTON HEAD CHRISTIAN ACADEMY,South Carolina
3477,46,0,46,46167A,Bot-O-Matic,ST JOHNS LUTHERAN SCHOOL,Wisconsin
3478,46,0,46,46167B,Bot-O-Matic,ST JOHNS LUTHERAN SCHOOL,Wisconsin
3479,46,0,46,84874A,Zač Je Toho Loket,"Základní škola Loket, okres Sokolov",Czech Republic
3480,46,0,46,16109A,Mechadragon,PORTLAND WEST MIDDLE SCHOOL,Tennessee
3481,46,0,46,75839C,JESS Robotics,JESS,United Arab Emirates
3482,46,0,46,1971E,RQ - Al Bataeh 1,Rubu Qarn,United Arab Emirates
3483,46,0,46,73134C,Marauder Machines 2,MT VERNON MIDDLE,Indiana - Region 2 - Central
3484,46,0,46,93303A,Eastwood Eagles 1,EASTWOOD MIDDLE SCHOOL,Indiana - Region 2 - Central
3485,46,0,46,29617R,the beananator project,LAKEVIEW MIDDLE,South Carolina
3486,46,0,46,20658B,Jolly Ranchers,Caseville Middle School,Michigan
3487,46,0,46,33770C,Gearshafts,COLD SPRINGS ELEMENTARY SCHOOL,Alabama
3488,46,0,46,29866X,The Gamers,ST GABRIEL CONSOLIDATED SCHOOL,Ohio
3489,46,0,46,69314A,Riverside Gearbenders,RIVERSIDE JUNIOR HIGH,Indiana - Region 2 - Central
3490,46,0,46,48212D,RoboPanthers:  Paradox,CANIFF LIBERTY ACADEMY,Michigan
3491,46,0,46,41100A,Moon Cheese,GLENN MIDDLE,Texas - Region 5
3492,46,0,46,3522J,St. Ambrose,ST AMBROSE CATHOLIC SCHOOL,Indiana - Region 3 - South
3493,46,0,46,90385R,The Clawbots,UNIVERSITY PREP,Washington
3494,46,0,46,74847E,The Fresh Tacos,St. Mary's International School,Japan
3495,46,0,46,60955D,AL-FALAH PRIVATE SCHOOL MUHARRAQ,AL-FALAH PRIVATE SCHOOL MUHARRAQ,Bahrain
3496,46,0,46,95112A,The Goobers R US,ROCKY MOUNTAIN PUBLIC SCHOOL,Oklahoma
3497,46,0,46,10931C,MSP C,MIDDLE SCHOOL OF PLAINVILLE,Connecticut
3498,46,0,46,92717B,Blue Knights,IMMANUEL LUTHERAN SCHOOL,Wisconsin
3499,46,0,46,2664D,25 Tooth Gears,Rectory School,Connecticut
3500,46,0,46,23850C,Holy Guacamole,ST MARY OF THE IMMACULATE CONCEPTION SCHOOL,Wisconsin
3501,46,0,46,20185B,Robo Slayers,DELTA CHARTER SCHOOL MST,Louisiana
3502,46,0,46,25026A,The MBytes,Springfield Middle School,Louisiana
3503,46,0,46,18386H,Princeton Middle H,PRINCETON MIDDLE SCHOOL,West Virginia
3504,46,0,46,46835A,Eagle Bots,CENTRAL CHRISTIAN SCHOOL,Indiana - Region 1 - North
3505,46,0,46,12131M,Clinton Prairie Robotics7,Clinton Prairie Jr./Sr. High School,Indiana - Region 1 - North
3506,46,0,46,16756A,RoboBraves,WINNSBORO J H,Texas - Region 2
3507,46,0,46,83988E,STEMBLOCK - Fredericton - MS - Team 2,STEMBLCOK,New Brunswick/Nova Scotia/Prince Edward Island
3508,46,0,46,15801Y,Crazy Cat Ladies,Dubois Area Middle School,Pennsylvania - West
3509,46,0,46,57013A,MACARONI,Canton Robotics,South Dakota
3510,46,0,46,44222A,SRS Fireballs,Sunset Ridge Elementary School,Illinois
3511,45,13,32,17335B,Insani-HD's,The Salisbury School,Delmarva
3512,45,10,35,96991C,CTMS BraveBots,Centennial Middle School,Colorado
3513,45,4,41,2076K,Mechanical Megalodons,Knox Grammar School,Australia
3514,45,8,37,93601B,Four Amigos,Shore,Australia
3515,45,7,38,151B,Surfing Monkeys,Algoma District School Board,Ontario
3516,45,7,38,55508F,CT STEM F,CT STEM Academy,Connecticut
3517,45,7,38,4548A,Matabots A,Granada Middle School ,California - South
3518,45,0,45,99136B,Mechanized Mosh Pit,Portland East Middle School,Tennessee
3519,45,0,45,6039Y,Tetrabots,BrandywineBOTS Robotics,Delmarva
3520,45,7,38,30222C,Kaleido,HORACE J. GOOD MIDDLE SCHOOL,Kansas
3521,45,2,43,10173Z,HBS  Starstruck,Henrietta Barnett School,United Kingdom
3522,45,7,38,38122C,The Boys,Oconto Falls Middle School,Wisconsin
3523,45,7,38,75194D,Elite Engineers,PORTER RANCH COMMUNITY,California - South
3524,45,0,45,11336B,Boom Bringers,Central Middle School,New Jersey
3525,45,4,41,43350G,Lil Sweet Lil Salty,EAST WASHINGTON MIDDLE SCHOOL,Indiana - Region 3 - South
3526,45,0,45,43283F,Team Zodiac,OLD TOWN MIDDLE,Mississippi
3527,45,0,45,50501C,Tech Titans,Our Lady Queen of Heaven School,Louisiana
3528,45,0,45,27757B,RJB RoboTribe,R J BASKETT MIDDLE SCHOOL,Indiana - Region 1 - North
3529,45,0,45,32596A,Something Robotics,KELLY A BURLISON MIDDLE SCHOOL,Missouri
3530,45,0,45,58425C,Viper,Griggs County Central,North Dakota
3531,45,0,45,5439A,Viking Tech A,JASPER JUNIOR HIGH SCHOOL,Alabama
3532,45,0,45,12223T,Bot Squared,Pembroke School,Australia
3533,45,0,45,17754N,Droid Dragons,Niles Middle School,Ohio
3534,45,0,45,36373D,RoboSmartz,WETUMPKA MIDDLE SCHOOL,Alabama
3535,45,2,43,83988D,STEMBLOCK - St.John - MS,STEMBLCOK,New Brunswick/Nova Scotia/Prince Edward Island
3536,45,0,45,78550B,Holly Pond Middle Team 2,HOLLY POND MIDDLE,Alabama
3537,45,0,45,79755B,Rob.Corp,ZŠ Na Valech,Czech Republic
3538,45,0,45,34029V,Computer Chip Boys +1,Wood Oaks Junior High,Illinois
3539,45,0,45,93374A,St Brendans,st Brendans College belmullet,Ireland
3540,45,0,45,78721C,Mason Robotics Team Squared,Mason Center for Robotics,Ohio
3541,45,0,45,4854A,FMS-Spudbots,FARNSWORTH MIDDLE SCHOOL,Idaho
3542,45,0,45,74801W,Unprofessional Robotics Gladiators,WESTWOOD MIDDLE SCHOOL,Florida - North/Central
3543,45,0,45,77177B,WARIO,North London Collegiate School,South Korea
3544,45,0,45,50298H,Happy Gorillas,Mapleton Middle School,Ohio
3545,45,0,45,240K,TrailBlazers,Trailblazer Robotics Central Forsyth Branch,Georgia
3546,45,0,45,49136A,Avila Team 1,Avila College,Australia
3547,45,0,45,74123Y,Fusion4,Linkedkey Academy INC.,Ontario
3548,45,0,45,31097F,Megladons,DRAKE JUNIOR HIGH SCHOOL,Colorado
3549,45,0,45,53459A,Mano Ohana,PEARL HARBOR KAI ELEMENTARY SCHOOL,Hawaii
3550,45,0,45,62938C,Watt Could Go Wrong?,WES-DEL MIDDLE/SENIOR HIGH SCHOOL,Indiana - Region 1 - North
3551,45,0,45,19770F,Team Fergy,FERGUSON INTERMEDIATE SCHOOL,New Zealand
3552,45,0,45,86674B,404: Limits Not Found,South Coast Baptist College,Australia
3553,45,0,45,2583A,#healthfood Gear 12,ASIA PACIFIC INTERNATIONAL SCHOOL,Hawaii
3554,45,0,45,74801P,Team destroy sankey's enemies,WESTWOOD MIDDLE SCHOOL,Florida - North/Central
3555,45,0,45,91445J,ZICA,WILLIAM S GUY MIDDLE SCHOOL,Ohio
3556,45,0,45,18223A,KunstRobotA,KUNST (TOMMIE) JUNIOR HIGH,California - South
3557,45,0,45,43452A,PCMS RoboSkins,PORT CLINTON MIDDLE SCHOOL,Ohio
3558,45,0,45,18991C,Geneva Middle School Robotics Team C,GENEVA MIDDLE SCHOOL,Alabama
3559,45,0,45,76007C,Colmans 2,St Colmans College,Ireland
3560,45,0,45,37915F,Rogue Robotics,Youth Outreach in STEM,Tennessee
3561,45,0,45,72651D,Year Two Thousand,IMMANUEL LUTHERAN SCHOOL,Wisconsin
3562,45,0,45,99136H,Mechanical Panthers,Portland East Middle School,Tennessee
3563,45,0,45,51841A,The STEM squad,Mountmellick community school,Ireland
3564,45,0,45,69442A,Robots 4 All,Clonaslee College,Ireland
3565,45,0,45,3113F,Full Throttle,Seymour Intermediate,Indiana - Region 3 - South
3566,45,0,45,67840D,67ProStackers,BENJAMIN STODDERT MIDDLE SCHOOL,Maryland
3567,45,0,45,32630F,RIP (Rust in Pieces),ELKHORN VALLEY VIEW MIDDLE SCHOOL,Nebraska
3568,45,0,45,77517E,Suffield Middle 5,Suffield Middle School,Connecticut
3569,45,0,45,77182W,ELECTRIC WAVE,Oak Hall School,Florida - North/Central
3570,45,0,45,32630E,Techboyyys,ELKHORN VALLEY VIEW MIDDLE SCHOOL,Nebraska
3571,45,0,45,46587D,Thundering Herd,Paramount Englewood,Indiana - Region 2 - Central
3572,45,0,45,8891C,EDUBUS Team C,EDUBUS,California - South
3573,45,0,45,38742B,Poland Roboteers,POLAND JUNIOR HIGH SCHOOL,Louisiana
3574,45,0,45,11111A,St. Bridget School 11111A,ST BRIDGET SCHOOL,Connecticut
3575,45,0,45,35152B,RoboBison B,Station Camp Middle School,Tennessee
3576,45,0,45,71716A,41ers,MUSCLE SHOALS MIDDLE SCHOOL,Alabama
3577,45,0,45,634B,DragonBots - B,ST RICHARD'S EPISCOPAL SCHOOL,Indiana - Region 2 - Central
3578,45,0,45,1148A,Stevenson Robotics,ROBERT LOUIS STEVENSON MIDDLE SCHOOL,Hawaii
3579,45,0,45,93303F,Eastwood Eagles 6,EASTWOOD MIDDLE SCHOOL,Indiana - Region 2 - Central
3580,45,0,45,64098A,A-Nexos,LAKE STEVENS MIDDLE SCHOOL,Washington
3581,45,0,45,29866Z,The Robo Lizards,ST GABRIEL CONSOLIDATED SCHOOL,Ohio
3582,45,0,45,35148M,Crab Claw,SUMITON MIDDLE SCHOOL,Alabama
3583,45,0,45,44386C,Holy Name of Mary,HOLY NAME OF MARY ELEMENTARY SCHOOL,California - South
3584,45,0,45,82922B,CTMS VexB,CLINTON TOWNSHIP MIDDLE SCHOOL,New Jersey
3585,45,0,45,73375C,FrostBots C,Robert Frost Middle School,California - South
3586,45,0,45,46742D,46742D,HAMILTON COMMUNITY ELEMENTARY SCH,Indiana - Region 1 - North
3587,45,0,45,10166J,IE El Romeral ,IE El Romeral ,Colombia
3588,45,0,45,64221A,LeBot,Colegio de la Compañía de María La Enseñanza,Colombia
3589,45,0,45,27295G,Vulcan,Dexter Southfield,Massachusetts
3590,45,0,45,14465B,Da Rodot Dudes,EMORY H MARKLE MIDDLE SCHOOL,Pennsylvania - East
3591,45,0,45,61658A,NJHS Tech Team,NORTH JUNIOR HIGH SCHOOL,Indiana - Region 3 - South
3592,45,0,45,36316B,Techno Knights - Gold,East Noble Middle School,Indiana - Region 1 - North
3593,45,0,45,99144B,The Scooby doos,Strasburg Public School,North Dakota
3594,45,0,45,44047A,JEDI Jammers,JEFFERSON AREA JUNIOR HIGH SCHOOL,Ohio
3595,45,0,45,35000A,SP350_Warsaw,SP nr 350 im. Armii Krajowej,Poland
3596,45,0,45,48433C,Team Demolition,ATTAWHEED FOUNDATION INCORPORATED,Pennsylvania - West
3597,45,0,45,15801Z,Radioactive Bananas,Dubois Area Middle School,Pennsylvania - West
3598,44,0,44,1740B,Arctic Warriors,morgan road middle school,New York-North
3599,44,0,44,37069G,GMS Bob the Builder,GRASSLAND MIDDLE SCHOOL,Tennessee
3600,44,14,30,5597G,SYNERGY VI,iBot Academy Rayong,Thailand
3601,44,11,33,58312A,The Stackers,DESERT RIDGE MIDDLE,New Mexico
3602,44,6,38,17705A,Astro Bots,ZIONSVILLE WEST MIDDLE SCHOOL,Indiana - Region 2 - Central
3603,44,7,37,89748B,ECS SpongeBob SquareBot,EPSOM CENTRAL SCHOOL,New Hampshire/Vermont
3604,44,9,35,33044D,The Psychopaths,OLD HIGH MIDDLE SCHOOL,Arkansas
3605,44,9,35,90049D,The Three Musketeers + Ben,Syracuse Junior High,Utah
3606,44,8,36,42786A,Creation Elevation,ckingknowledge Institute,Michigan
3607,44,7,37,30706B,The Dancing Squirrels,THE OUT-OF-DOOR ACADEMY,Florida - North/Central
3608,44,7,37,2281Z,GMS Aquaman,ULYSSES S. GRANT MIDDLE SCHOOL,Ohio
3609,44,7,37,89797A,COR A,CHRIST OUR REDEEMER LUTHERAN SCHOOL,Colorado
3610,44,7,37,47355D,TBD D,GEORGE WASHINGTON MIDDLE,Virginia
3611,44,7,37,31853E,Selma MS - The Stranger Thingers,SELMA MIDDLE SCHOOL,Indiana - Region 1 - North
3612,44,7,37,78802A,Bot Bros,UBLY COMMUNITY ELEMENTARY SCHOOL,Michigan
3613,44,6,38,46592A,AstroBots,"St Marys, Portlaoise",Ireland
3614,44,4,40,15819C,Oxley Haroldowners,Oxley High School,Australia
3615,44,4,40,2701E,Musketeers,HENRY W. MOORE SCHOOL,New Hampshire/Vermont
3616,44,4,40,3521A,OKEANOS ROBOTICS,ODTU GVO DANISMANLIGINDA KEMERBURGAZ BILIM OKULU,Türkiye
3617,44,2,42,52191Z,The Gl1tch Girl5,EDGEWOOD JUNIOR HIGH SCHOOL,Indiana - Region 3 - South
3618,44,2,42,27772M,Saklek01,Saklek witthaya school ,Thailand
3619,44,2,42,13289E,Dino Nuggies,GRAYLING MIDDLE SCHOOL,Michigan
3620,44,2,42,98466D,Eagle Bots,Shanghai american school,East China
3621,44,0,44,26942B,West Point Middle 2,WEST POINT MIDDLE SCHOOL,Alabama
3622,44,0,44,19213A,Jazz,Northshore Robotics,Louisiana
3623,44,0,44,49716B,The Pekkas,FORT WORTH COUNTRY DAY SCHOOL,Texas - Region 5
3624,44,0,44,14418A,Ctrl+Zone,METRO DEAF SCHOOL,Minnesota
3625,44,0,44,38505B,RoboKraken,New Colossus Academy,Tennessee
3626,44,0,44,35833W,Whimech,The Whitstable School,United Kingdom
3627,44,0,44,46886D,Titanium Comets,MIKE OCALLAGHAN MIDDLE SCHOOL I3 LEARN ACADEMY,Nevada
3628,44,0,44,67760B,The Mighty Mechanicals,Imagine Schools At South Lake,Florida - North/Central
3629,44,0,44,70046Z,Gear Up,Mirae-I Coding,South Korea
3630,44,0,44,77182B,The Circuit Surfers,Oak Hall School,Florida - North/Central
3631,44,0,44,952W,Ridgely Robotics,Ridgely Middle School,Maryland
3632,44,0,44,91111M,Modified Microbots,Muncie Community Schools,Indiana - Region 1 - North
3633,44,0,44,44814W,Bosa,EDISON MIDDLE SCHOOL (FORMERLY BERLIN-MILAN MIDDLE SCHOOL),Ohio
3634,44,0,44,9560C,Christen CyberCubs,Christen Middle School,Texas - Region 6
3635,44,0,44,184K,Infinity,Timberline Middle School,Washington
3636,44,0,44,68702E,Snack Monsters,QSI Quality Schools International,South China
3637,44,0,44,14916F,HSC-Middle School,Hillfield Strathallan College,Ontario
3638,44,0,44,78628A,Anettes Rasselbande,Droste-Hülshoff-Gymnasium,Germany
3639,44,0,44,42740B,Dutchtown Robotics,DUTCHTOWN MIDDLE SCHOOL,Georgia
3640,44,0,44,80693B,BREAD,St Martin Middle School,Mississippi
3641,44,0,44,48212E,RoboPanthers: Ravenclaw,CANIFF LIBERTY ACADEMY,Michigan
3642,44,0,44,10546B,STA Tigers 2,ST THOMAS AQUINAS SCHOOL,Indiana - Region 2 - Central
3643,44,0,44,87625E,Visor,Shelbyville Middle School,Indiana - Region 2 - Central
3644,44,0,44,21595C,Crimson Vortex,ELEVA-STRUM MIDDLE,Wisconsin
3645,44,0,44,21528A,SSMS GATORS,SAWGRASS SPRINGS MIDDLE SCHOOL,Florida - South
3646,44,0,44,12845Z,Lake George Lakers,LAKE GEORGE JUNIOR-SENIOR HIGH SCHOOL,New York-North
3647,44,0,44,32630K,Flying Rats,ELKHORN VALLEY VIEW MIDDLE SCHOOL,Nebraska
3648,44,0,44,77430H,McCrispies,Farmington Junior High School,Utah
3649,44,0,44,4224D,Nashoba Tali’,Chickasaw Nation STEM Academy,Oklahoma
3650,44,0,44,31614B,Terminators,MAURINE CAIN MIDDLE,Texas - Region 2
3651,44,0,44,24049A,Gear Girls,C C GRIFFIN MIDDLE,North Carolina
3652,44,0,44,10673B,MMS #2,Marshall Middle School,Pennsylvania - West
3653,43,18,25,84694B,The Robotic Jets,Spring Ridge Middle School Robotics Club,Maryland
3654,43,9,34,4485C,TribeTech C,Danville Community Schools,Indiana - Region 2 - Central
3655,43,9,34,16117B,Powerful Programming  Panthers,RIVERSIDE MIDDLE SCHOOL,Pennsylvania - West
3656,43,7,36,12839A,TigerByte,HUDSON FALLS MIDDLE SCHOOL,New York-North
3657,43,2,41,5813S,Shark Tank,SHORELINE JUNIOR HIGH,Utah
3658,43,7,36,53062B,SISC RoboMonarchs,Southville International School and Colleges,Philippines
3659,43,7,36,9078G,Thunderbots,GRIFFITHS (GORDON) MIDDLE,California - South
3660,43,7,36,15801A,The Polish,DUBOIS AREA MIDDLE SCHOOL,Pennsylvania - West
3661,43,7,36,1148C,Stevenson Robotics,Robert Louis Stevenson Middle School,Hawaii
3662,43,0,43,929D,Hereford Zone Robotics,HEREFORD MIDDLE,Maryland
3663,43,2,41,83203Z,Pink Skink,OSCEOLA SCIENCE CHARTER SCHOOL,Florida - North/Central
3664,43,7,36,46860Y,CJHS Y,COPPINVILLE JR HIGH SCHOOL,Alabama
3665,43,7,36,37915E,United Donut Trio,Youth Outreach in STEM,Tennessee
3666,43,7,36,48300A,SAA-SDS 1,ST AGNES ACADEMY-ST DOMINIC SCHOOL,Tennessee
3667,43,7,36,99010R,Robo Legends,Beşiktaş Bilim ve Sanat Merkezi,Türkiye
3668,43,7,36,48466C,Chaos Commandos,Guion Creek Middle School,Indiana - Region 2 - Central
3669,43,2,41,23272V,Fearless Bots,Caston Robotics,Indiana - Region 1 - North
3670,43,0,43,2529E,The Kodas,CLAY MIDDLE SCHOOL,Indiana - Region 2 - Central
3671,43,2,41,374A,KTSFA,Paxman Academy,United Kingdom
3672,43,0,43,7686E,Flapjacks,Harrisburg Public School District,South Dakota
3673,43,2,41,32889G,Masterminds,Dr. Phinnize J. Fisher Middle School,South Carolina
3674,43,2,41,83920A,Islanders,Caribbean Robotics Academy,Puerto Rico
3675,43,0,43,1695E,The Red Watt Chili Peppers,Walter Polson Middle School,Connecticut
3676,43,0,43,15894A,Pantherbots,RISING STARR MIDDLE SCHOOL,Georgia
3677,43,0,43,21169K,Crackers,Stamford American School Hong Kong,Hong Kong
3678,43,0,43,39194Y,Anti-Clankers,YAZOO COUNTY MIDDLE SCHOOL,Mississippi
3679,43,0,43,21200C,Spud Disposal Unit,Discovery Charter School,North Carolina
3680,43,0,43,6771A,JMC BOTS,JORGE MAS CANOSA MIDDLE SCHOOL,Florida - South
3681,43,0,43,59340B,ACSW TigerBots,ACADEMIR CHARTER SCHOOL WEST,Florida - South
3682,43,0,43,64932C,Gearz,Norwich School,United Kingdom
3683,43,0,43,64987B,Organized Chaos,PLAINFIELD COMMUNITY MIDDLE SCHOOL,Indiana - Region 2 - Central
3684,43,0,43,5659B,Gales B,RUSSELLVILLE MIDDLE SCHOOL,Arkansas
3685,43,0,43,9964F,Greenwood Robodogs,GREENWOOD JUNIOR HIGH SCHOOL,Arkansas
3686,43,0,43,87811A,Minor Middle School,MINOR MIDDLE SCHOOL,Alabama
3687,43,0,43,41619B,Panther Cubs 2,Dulwich College Shanghai Pudong,East China
3688,43,0,43,43826A,Robot Geeks,ERNEST R. GRAHAM K-8 ACADEMY,Florida - South
3689,43,0,43,17802B,The Bot Builders,Canyon Breeze Elementary School,Arizona
3690,43,0,43,67294M,Ice Elite,Schroeder Middle School,North Dakota
3691,43,0,43,36636E,Serious Italians,FISHERS JUNIOR HIGH SCHOOL,Indiana - Region 2 - Central
3692,43,0,43,54667B,Norse Force,Westby Middle School,Wisconsin
3693,43,0,43,45557C,Digidolphins,International School Of Panama,Panama
3694,43,0,43,83034H,SBCSICA Robotics Program,South Bronx Charter School For International Cultures & The Arts,New York-South
3695,43,0,43,90003B,Mustangs,Mary Mcleod Bethune Middle School,California - South
3696,43,0,43,12134B,TECH Giants - B,JOHN L MCCULLOCH JUNIOR HIGH SCH,Indiana - Region 1 - North
3697,43,0,43,75465A,Saints on Wheels,ST JOSEPH CATHOLIC SCHOOL,South Carolina
3698,43,0,43,93151R,RoboPanthers1,Ralph Chandler Middle School,South Carolina
3699,43,0,43,5407C,Aurora Tech,Saint Thomas School,Dominican Republic
3700,43,0,43,240G,TrailBlazers,Trailblazer Robotics Central Forsyth Branch,Georgia
3701,43,0,43,46886A,Obsidian Comets,MIKE OCALLAGHAN MIDDLE SCHOOL,Nevada
3702,43,0,43,11566C,Holmes Eaglebotz,OLIVER WENDELL HOLMES MIDDLE,California - South
3703,43,0,43,4649B,Ninjabotics B,The American School in Japan,Japan
3704,43,0,43,36397B,Patriotic Robots,SPRING MILLS MIDDLE SCHOOL,West Virginia
3705,43,0,43,81116D,81116D,Westchester Country Day School,North Carolina
3706,43,0,43,90644C,Faithful Gators,Greenbrier Christian Academy,Virginia
3707,43,0,43,92652B,Five Nuggies,Horizon Science Academy McKinley,Illinois
3708,43,0,43,49562A,The Builders,CENTRAL SCHOOL,Illinois
3709,42,34,8,11462E,The Rangers,GIBSON  ROBERT O MIDDLE SCHOOL LEADERSHIP ACADEMY,Nevada
3710,42,21,21,45885D,W.I.R.E.D - Couch Potatoes,Waterford School District,Michigan
3711,42,4,38,2588B,Bernard Yanited,STJOHN PAUL II CATHOLIC SCHOOL,Texas - Region 3
3712,42,8,34,67544B,The Baby Grenades,Hoisington Middle School,Kansas
3713,42,7,35,30597C,Rubber Bandits,Korea International School Jeju,South Korea
3714,42,4,38,2588A,JENGA Bots,STJOHN PAUL II CATHOLIC SCHOOL,Texas - Region 3
3715,42,7,35,46860W,Anarchy Arcade,COPPINVILLE JR HIGH SCHOOL,Alabama
3716,42,7,35,6546Y,One Degree North: MEJI Bots,Singapore American School,Singapore
3717,42,7,35,35442A,Charlie and the Angels,ALICEVILLE ELEMENTARY SCHOOL,Alabama
3718,42,7,35,49389B,Texan Clankers,LONE STAR MIDDLE,Texas - Region 5
3719,42,7,35,67352A,Trojan Alpha,WEST MARSHALL MIDDLE SCHOOL,Iowa
3720,42,6,36,11914S,S-Bot,TRITON CENTRAL MIDDLE SCHOOL,Indiana - Region 2 - Central
3721,42,2,40,32350B,Raiders of the Lost Ark (32350B),GOOD HOPE MIDDLE SCHOOL,Alabama
3722,42,4,38,10779C,Indian Creek Robotics,Indian Creek Middle School,Georgia
3723,42,4,38,55508D,CT STEM ,CT STEM Academy,Connecticut
3724,42,2,40,64895A,Autobotics,COTTER HIGH SCHOOL,Arkansas
3725,42,2,40,10515D,Botzilla,J WILLIAM FULBRIGHT JUNIOR HIGH SCHOOL,Arkansas
3726,42,2,40,37179C,Ctrl + Alt ELITE,THOMPSON'S STATION MIDDLE SCHOOL,Tennessee
3727,42,2,40,21375C,Impact Academy,Impact Academy,Georgia
3728,42,2,40,2028C,Quacky Wires ,Bankhead Middle School,Alabama
3729,42,2,40,81884A,STEAM Spartans,HENRY T. GAGE MIDDLE,California - South
3730,42,0,42,72972B,The Jesters,EAST MONTANA MIDDLE,Texas - Region 1
3731,42,0,42,21124B,The Flying Rockets,ELLEN OCHOA LEARNING CENTER,California - South
3732,42,0,42,64792S,X STREAM,STREAM CHARTER,California - North
3733,42,0,42,4306C,Coding Tigers,ADAIRSVILLE MIDDLE SCHOOL,Georgia
3734,42,0,42,16837D,Big Beans,Techblazers - North York,Ontario
3735,42,0,42,16109B,The 3 Amigos,PORTLAND WEST MIDDLE SCHOOL,Tennessee
3736,42,0,42,20861C,Hive,Hooks Jr High,Texas - Region 2
3737,42,0,42,94915E,IDK,Wuhan Yangtze International School,Middle China
3738,42,0,42,42655F,The Apocolypses,KNOX DOSS MIDDLE SCHOOL AT DRAKES CREEK,Tennessee
3739,42,0,42,50230Z,LANNA MIST,Lanna International School Thailand,Thailand
3740,42,0,42,78843B,Dino Nuggets,ARTHUR F. SMITH MIDDLE MAGNET SCHOOL,Louisiana
3741,42,0,42,71716C,Cookie Monsters,MUSCLE SHOALS MIDDLE SCHOOL,Alabama
3742,42,0,42,17151F,Pringles,KENNETH T BEAGLE  MIDDLE SCHOOL,Michigan
3743,42,0,42,22280A,"The ""Ant"" Tennas",Livingston Robotics Club,New Jersey
3744,42,0,42,71403C,Anacoco Ember Warriors,ANACOCO ELEMENTARY SCHOOL,Louisiana
3745,42,0,42,15551B,Fun Factors,SHIRLEY D. SIMMONS MIDDLE SCHOOL,Mississippi
3746,42,0,42,29617P,IQ Builders,LAKEVIEW MIDDLE,South Carolina
3747,42,0,42,84005A,Three Vexateers,ELMORE PARK MIDDLE SCHOOL,Tennessee
3748,42,0,42,41100T,Teletubbies,GLENN MIDDLE,Texas - Region 5
3749,42,0,42,84005B,Special Forces,ELMORE PARK MIDDLE SCHOOL,Tennessee
3750,42,0,42,478V,Elevate-Ctrl Alt Elite,Elevate Tech,Washington
3751,42,0,42,93547B,VTMS Tigers,VON TOBEL  ED MIDDLE SCHOOL,Nevada
3752,42,0,42,8414A,North Ogden Ninjas,NORTH OGDEN JR HIGH,Utah
3753,42,0,42,36316D,Techno Knights - Black,East Noble Middle School,Indiana - Region 1 - North
3754,42,0,42,46123B,Avon South 2,AVON MIDDLE SCHOOL SOUTH,Indiana - Region 2 - Central
3755,42,0,42,91320H,BSIC BULLDOGS,Bernadine Sitts Intermediate Center,Kansas
3756,41,0,41,3847A,The Brawlers,ESPARTO MIDDLE,California - North
3757,41,19,22,31408C,Cheerios,TAHLEQUAH MIDDLE SCHOOL,Oklahoma
3758,41,7,34,92190B,Canadian International School,Canadian International School,United Arab Emirates
3759,41,17,24,14572A,MechaMinds,K Robotics,South Korea
3760,41,17,24,13289F,Deathstar,GRAYLING MIDDLE SCHOOL,Michigan
3761,41,2,39,79089B,Del Webb Robotics,DEL E WEBB MIDDLE SCHOOL,Nevada
3762,41,7,34,2309E,Year 7 Girls Team,Whickham School,United Kingdom
3763,41,7,34,58425B,Dr. Pepper,Griggs County Central,North Dakota
3764,41,7,34,11263Z,Terafoncyper,Sunset Middle School,Colorado
3765,41,7,34,17704C,Velociraptors C,Thomas Jefferson Middle School,Indiana - Region 1 - North
3766,41,7,34,11509A,Robotic Eagles,JOSE J ALDERETE MIDDLE,Texas - Region 1
3767,41,7,34,81856A,Flacon robotics,IBNROSHD_ALMAHDYA_GIRLS,Saudi Arabia
3768,41,7,34,7701M,Brain Storms Jr.,Yalova Mehmet Akif Ersoy Ortaokulu,Türkiye
3769,41,7,34,17387A,Middle School,CORNER MIDDLE SCHOOL,Alabama
3770,41,7,34,24112A,Magothy Robotics,MAGOTHY RIVER MIDDLE,Maryland
3771,41,7,34,25574B,Echo Trail B,Echo Trail Middle School,Kentucky
3772,41,6,35,64932B,Quantum VEXing,Norwich School,United Kingdom
3773,41,6,35,31617G,Crusader Robotics,Cumberland Christian school,New Jersey
3774,41,0,41,38501Z,Joker is a Titan,WAIAKEA INTERMEDIATE SCHOOL,Hawaii
3775,41,0,41,35016R,(AERO) Cyber Sentries,ARAB JUNIOR HIGH SCHOOL,Alabama
3776,41,0,41,46096F,Master B-BOT 46096F,LOACHAPOKA HIGH SCHOOL,Alabama
3777,41,2,39,68783A,Tech Titans,FAIRVIEW MIDDLE SCHOOL,Alabama
3778,41,0,41,81800U,Unemployed,Pedare Christian College,Australia
3779,41,0,41,6221A,Hurricane Robotics,HAMMOCKS MIDDLE SCHOOL,Florida - South
3780,41,0,41,31408F,Robo,TAHLEQUAH MIDDLE SCHOOL,Oklahoma
3781,41,0,41,61725B,GAM-Bots 61725,GRAND AVENUE MIDDLE SCHOOL,New York-South
3782,41,0,41,1293A,Tigerobots,THE MOUNT WASHINGTON SCHOOL,Maryland
3783,41,0,41,10183C,Other-Tom 4,Grace Lutheran School,Maryland
3784,41,0,41,56549B,Emperor Penguins,HAWLEY SECONDARY,Minnesota
3785,41,0,41,6546V,One Degree North: Tech Titans,Singapore American School,Singapore
3786,41,0,41,952G,Ridgely Robotics,Ridgely Middle School,Maryland
3787,41,0,41,63683B,Roy Jr. Robotics,ROY JR HIGH,Utah
3788,41,0,41,48009A,Machine Empire,ROEPER SCHOOL,Michigan
3789,41,0,41,14572B,RoboForge,K Robotics ,South Korea
3790,41,0,41,33777A,GSA A,Green Street Academy,Maryland
3791,41,0,41,190A,RTMS Robotics,Red Top Middle School,Georgia
3792,41,0,41,35777E,Leones TLC 2,TREE OF LIFE INTERNATIONAL CHARTER,California - North
3793,41,0,41,71221D,STEM Squad 4,STEM For Kids,United Kingdom
3794,41,0,41,17986H,NGUYEN DU 1,Nguyen Du Secondary School,Vietnam
3795,41,0,41,90423A,GBMS 1,GREAT BRIDGE MIDDLE,Virginia
3796,41,0,41,74801D,74801D,WESTWOOD MIDDLE SCHOOL,Florida - North/Central
3797,41,0,41,24701A,Bucbots A,BLUEFIELD MIDDLE SCHOOL,West Virginia
3798,41,0,41,48009G,The Humans,Roeper School,Michigan
3799,41,0,41,48009B,The Inferno Squad,Roeper School,Michigan
3800,41,0,41,13804B,SHDC Robotics Team,TWGHs Sun Hoi Directors' College,Hong Kong
3801,41,0,41,44814N,The Goobers,EDISON MIDDLE SCHOOL (FORMERLY BERLIN-MILAN MIDDLE SCHOOL),Ohio
3802,41,0,41,78006A,The No Namers,N/A,Texas - Region 4
3803,41,0,41,70543A,70543A,MARGARETTA MIDDLE SCHOOL,Ohio
3804,41,0,41,44408D,CMS: tHe NErdS gUmMY CLuSteRs,SOUTH SIDE MIDDLE SCHOOL,Ohio
3805,41,0,41,78273F,TechTitans,PS/MS 124Q OSMOND A CHURCH,New York-South
3806,41,0,41,98999B,The Cream Betweens,River Ridge Academy,South Carolina
3807,41,0,41,47770B,The Quackers,Black River Falls Middle School,Wisconsin
3808,41,0,41,17801U,Dino Nuggets,Garden Lakes Elementary School,Arizona
3809,41,0,41,99500V,Collegium Robotics: Vecture,COLLEGIUM CS,Pennsylvania - East
3810,41,0,41,559D,RQ - Kalba 2,RQ Science & Technology - Kalba,United Arab Emirates
3811,41,0,41,329A,RQ - Khorfakkan IQ,RQ Science & Technology - Khorfakkan,United Arab Emirates
3812,41,0,41,93303C,Eastwood Eagles 3,EASTWOOD MIDDLE SCHOOL,Indiana - Region 2 - Central
3813,41,0,41,83034A,SBCSICA Robotics Program,South Bronx Charter School For International Cultures & The Arts,New York-South
3814,41,0,41,75194G,Jurassic Sparks,PORTER RANCH COMMUNITY,California - South
3815,41,0,41,75194E,Circuit Breakers,PORTER RANCH COMMUNITY,California - South
3816,41,0,41,44039R,CART RED,Chiltern Academy,United Kingdom
3817,41,0,41,41843S,The Gummy Gobblers,NORTHWEST MIDDLE,South Carolina
3818,41,0,41,31853D,Selma MS - The Eggo Waffles,SELMA MIDDLE SCHOOL,Indiana - Region 1 - North
3819,41,0,41,90003D,Mustangs,Mary Mcleod Bethune Middle School,California - South
3820,41,0,41,4005A,Robot Twins,FORT GIBSON MIDDLE SCHOOL,Oklahoma
3821,41,0,41,72651B,The Yes,IMMANUEL LUTHERAN SCHOOL,Wisconsin
3822,41,0,41,5255E,DragonBots,Somerset Oaks Leadership and Innovation,Florida - South
3823,41,0,41,98577F,Fraises,Fraises,Louisiana
3824,41,0,41,90644B,Faithful Gators,Greenbrier Christian Academy,Virginia
3825,41,0,41,21321C,Glenwood Wildcats,Glenwood School,West Virginia
3826,41,0,41,19994G,Bot Guards,SOUTH MIDDLE SCHOOL,North Dakota
3827,41,0,41,390Z,6TH GRADERS,RIGBY MIDDLE SCHOOL,Idaho
3828,41,0,41,2396A,Stackers,Atwater-Cosmos-Grove City,Minnesota
3829,41,0,41,7686N,Spinning Seals,Harrisburg Public School District,South Dakota
3830,41,0,41,37373X,Hotshots,GAVIN SOUTH MIDDLE SCHOOL,Illinois
3831,40,21,19,15104G,Jelly Vortex,Woodland Hills School District,Pennsylvania - West
3832,40,18,22,1012A,Ten Ton Robotics,West Vancouver Schools,British Columbia (BC)
3833,40,4,36,2588C,CLASH Robotics,STJOHN PAUL II CATHOLIC SCHOOL,Texas - Region 3
3834,40,6,34,49378N,The Inferno Press,PETAL MIDDLE SCHOOL,Mississippi
3835,40,6,34,501B,Tinker BRUH,W E GREINER EXPLORATORY ARTS ACADEMY,Texas - Region 2
3836,40,4,36,7152A,OMS Vikings,Olsen Middle School,Florida - South
3837,40,4,36,10720A,The A+ Gang,INDIAN MOUND MIDDLE,Wisconsin
3838,40,4,36,1415A,Bob the Bobot Builders,SHEPHERDSTOWN MIDDLE SCHOOL,West Virginia
3839,40,2,38,71630B,APEX,CONNER MIDDLE SCHOOL,Arkansas
3840,40,2,38,81424F,Circuit Breakers,Gus Almquist Middle School,Texas - Region 4
3841,40,0,40,30222A,HGMS Robotics,HORACE J. GOOD MIDDLE SCHOOL,Kansas
3842,40,0,40,91710E,SMMS Robotics 91710,St. Margeret Mary School,California - South
3843,40,2,38,27336B,Quonedell Dingle,Breens Intermediate School,New Zealand
3844,40,2,38,72051A,SCA Green Team,ST CATHERINE OF ALEXANDRIA SCHOOL,California - South
3845,40,2,38,21488A,Moyne Community School,"Moyne Community School, Longford",Ireland
3846,40,2,38,6697C,The Super Nonchalants,Prattville Junior High School,Alabama
3847,40,2,38,3078C,Tri-North Robotics,Tri-North Middle School,Indiana - Region 3 - South
3848,40,0,40,25955B,Bing Bang Boomers,4-H,Alabama
3849,40,0,40,2529N,Clay Trojan Robotics,CLAY MIDDLE SCHOOL,Indiana - Region 2 - Central
3850,40,0,40,14323A,Apex Predators,FAIRBANKS MIDDLE SCHOOL,Ohio
3851,40,0,40,5068S,Guac & Micro Chips,MILLARD NORTH MIDDLE SCHOOL,Nebraska
3852,40,0,40,77773U,RoboRaiders,MADISON MIDDLE SCHOOL,Mississippi
3853,40,0,40,44880A,The Qwifes,BLACK RIVER EDUCATION CENTER MIDDLE SCHOOL,Ohio
3854,40,0,40,91306C,91306C,Gallen Community School,Ireland
3855,40,0,40,21337B,Chiang Rai Ground Breakers,Chiang Rai International School,Thailand
3856,40,0,40,71317B,The Override,Alabama School of Fine Arts,Alabama
3857,40,0,40,6174E,Hightower Trail Advanced Robotics Projects Agency,HIGHTOWER TRAIL MIDDLE SCHOOL,Georgia
3858,40,0,40,36655C,Da Engineers,Oxford Prep Academy SOC,California - South
3859,40,0,40,64883Z,University School Sharks Robotics,Nsu University School,Florida - South
3860,40,0,40,40638C,GSIS Team Red,German Swiss International School,Hong Kong
3861,40,0,40,96237D,St. Michael Academy - D,St. Michael Academy,Tennessee
3862,40,0,40,53551C,The Beasts,St. Paul Lutheran School,Wisconsin
3863,40,0,40,70909Z,CL PANDA,CLBSS,Hong Kong
3864,40,0,40,929K,Hereford Zone Robotics,Hereford Middle School,Maryland
3865,40,0,40,8321X,TBD,Pope Saint John Paul II Preparatory School,Tennessee
3866,40,0,40,20163A,Robo Rams,FELLOWSHIP CHRISTIAN ACADEMY,Massachusetts
3867,40,0,40,11293A,Henry MS A,PATRICK HENRY MIDDLE,California - South
3868,40,0,40,10451D,10451D,HANDLEY MIDDLE SCHOOL,Alabama
3869,40,0,40,85948A,SMS Bulldogs,SEMMES MIDDLE SCHOOL,Alabama
3870,40,0,40,36373E,Shadow Bots,WETUMPKA MIDDLE SCHOOL,Alabama
3871,40,0,40,127B,Robotic Bananas,PACIFIC COAST ACADEMY,California - South
3872,40,0,40,38489C,HYDRA,THOMAS EDISON ENERGYSMART CHARTER SCHOOL,New Jersey
3873,40,0,40,28225D,Madison Vortex,Madison Middle School,Connecticut
3874,40,0,40,43519A,TCS Robotics Tiger Technicians,THORNTON CENTRAL SCHOOL,New Hampshire/Vermont
3875,40,0,40,8056E,Team 6E,Ralston Middle School,California - North
3876,40,0,40,3423B,Parkland Novibots,PARKLAND MIDDLE,Texas - Region 1
3877,40,0,40,52102D,ACA Hawally Boys Team 2,American Creativity Academy Hawally Boys,Kuwait
3878,40,0,40,30758B,We the Gr8,WALNUT PARK MID B SCI TECH ENGR AND MATH ACAD,California - South
3879,40,0,40,41843N,The Juggernauts,NORTHWEST MIDDLE,South Carolina
3880,40,0,40,36022D,RoboMan,MARBURY MIDDLE SCHOOL,Alabama
3881,40,0,40,90644A,Faithful Gators,Greenbrier Christian Academy,Virginia
3882,40,0,40,28586B,28586B,CHARLES ARTHUR HUGHES MIDDLE SCHOOL,Nevada
3883,40,0,40,3423Y,Parkland Novibots,PARKLAND MIDDLE,Texas - Region 1
3884,40,0,40,56467G,Dino Knights,HANKS MIDDLE,Texas - Region 1
3885,40,0,40,752C,The Minifigs,Kenosha Robo Crew (YMCA),Wisconsin
3886,40,0,40,60787C,Orion Claw-X,Comunidad Educativa LECS,Dominican Republic
3887,40,0,40,63683E,Davinators,ROY JR HIGH,Utah
3888,40,0,40,7891A,Bounty,Minneola Horizon Academy (Middle School),Florida - North/Central
3889,40,0,40,36316A,Techno Knights - White,East Noble Middle School,Indiana - Region 1 - North
3890,40,0,40,78231F,Jaguar Robotics Team F/ Dill Pickles,JACKSON CREEK MIDDLE SCHOOL,Indiana - Region 3 - South
3891,40,0,40,66282F,6-7 Banana Techs,NORTHWEST CABARRUS MIDDLE,North Carolina
3892,40,0,40,17555E,SAS Girls,Hamilton Southeastern Intermediate & Junior High School,Indiana - Region 2 - Central
3893,39,18,21,84694A,Coding Cadets,Spring Ridge Middle School Robotics Club,Maryland
3894,39,18,21,35355A,Jesuit Academy A,JESUIT ACADEMY,Nebraska
3895,39,2,37,35758C,2Good,LIBERTY MIDDLE SCHOOL,Alabama
3896,39,7,32,7409P,The Potters,BAYOU VIEW MIDDLE SCHOOL,Mississippi
3897,39,6,33,31617F,Crusader Robotics,Cumberland Christian school,New Jersey
3898,39,4,35,73807D,The Glitch Techs,GERMANTOWN MIDDLE SCHOOL,Mississippi
3899,39,4,35,15819A,Oxley The A Team,Oxley High School,Australia
3900,39,4,35,51190D,CVMS-Mech Mavericks,CHATTANOOGA VALLEY MIDDLE SCHOOL,Georgia
3901,39,4,35,73807V,Robo Rangers,GERMANTOWN MIDDLE SCHOOL,Mississippi
3902,39,4,35,13205D,TCCS D Team,Tung Chung Catholic School(Secondary Section),Hong Kong
3903,39,2,37,40093C,SLBS Chimera,Simon Langton Grammar School for Boys,United Kingdom
3904,39,0,39,5527A,Bubble Bees,FLINT CULTURAL CENTER ACADEMY,Michigan
3905,39,2,37,26942A,Cinco Amigos,WEST POINT MIDDLE SCHOOL,Alabama
3906,39,2,37,8234C,The Golden Retriever Retrievers,BEDMINSTER TOWNSHIP PUBLIC SCHOOL,New Jersey
3907,39,0,39,14510A,Future Shock,Mingdao high school,Chinese Taipei
3908,39,0,39,39855C,Kiddee Lab 2,Kiddee Lab,Thailand
3909,39,0,39,17511A,Disassembly Drones,BAD AXE HIGH SCHOOL,Michigan
3910,39,0,39,52191H,The Moxxers,EDGEWOOD JUNIOR HIGH SCHOOL,Indiana - Region 3 - South
3911,39,0,39,55906D,Atascadero Middle School Robotics,Atascadero Middle School,California - South
3912,39,0,39,2502F,Haile Storm Falcons,CARLOS E. HAILE MIDDLE SCHOOL,Florida - North/Central
3913,39,0,39,46032R,TechCATS,Creekside Middle School,Indiana - Region 2 - Central
3914,38,0,38,25628D,Team S.N.O.R.K.E.L.,RUDOLPH G. GORDON SCHOOL AT JONES MILL,South Carolina
3915,38,18,20,77773H,Purple Pandas,MADISON MIDDLE SCHOOL,Mississippi
3916,38,17,21,39458B,Tech Tanks,Barron Area School District,Wisconsin
3917,38,17,21,4485B,TribeTech B,Danville Community Schools,Indiana - Region 2 - Central
3918,38,14,24,74847F,Kangaroos,St. Mary's International School,Japan
3919,38,7,31,78231E,Jaguar Robotics Team E/ The Nerds,JACKSON CREEK MIDDLE SCHOOL,Indiana - Region 3 - South
3920,38,2,36,5081E,5081E - Cookie Monsters,CITY/PEMBROKE PINES CHARTER MIDDLE SCHOOL,Florida - South
3921,38,0,38,72022B,Turbo Tigers,BRYANT MIDDLE SCHOOL,Arkansas
3922,38,0,38,4613T,Vex Pro Max,Barker College - K-12 School,Australia
3923,38,0,38,77431E,Encrypted Crabs,Pike Road Schools,Alabama
3924,38,0,38,1387V,KDW,H L HARSHMAN MIDDLE SCHOOL,Indiana - Region 2 - Central
3925,38,7,31,58831C,The Axolotl Bots,BILOXI JUNIOR HIGH,Mississippi
3926,38,7,31,7650W,Tiger TECH Ewa Makai,EWA MAKAI MIDDLE SCHOOL,Hawaii
3927,38,7,31,51212C,Kiwi Bot,FARLEY MIDDLE,Texas - Region 4
3928,38,6,32,66282G,The Four Mech-a-teers,NORTHWEST CABARRUS MIDDLE,North Carolina
3929,38,6,32,71186B,Robo Dawgz,Wylie East Junior High School,Texas - Region 1
3930,38,4,34,58312C,Robo Slurpee Snakes,DESERT RIDGE MIDDLE,New Mexico
3931,38,0,38,61910A,Blackout Division,Cabarrus County Home School Association,North Carolina
3932,38,0,38,77177A,Asparagus,North London Collegiate School,South Korea
3933,38,2,36,34010A,Mechanical Monsters,Balıkesir Yediiklim Koleji,Türkiye
3934,38,4,34,77773D,Final Four,MADISON MIDDLE SCHOOL,Mississippi
3935,38,4,34,5573D,Blue Devils,NORTHEAST MIDDLE SCHOOL,Georgia
3936,38,2,36,5432C,PunaTechs 5432C,KEAAU MIDDLE SCHOOL,Hawaii
3937,38,2,36,52191C,The Tater Bots,Edgewood Junior High School,Indiana - Region 3 - South
3938,38,2,36,30222B,Builders of B.O.B. 2.0,HORACE J. GOOD MIDDLE SCHOOL,Kansas
3939,38,2,36,25733B,Driver Middle School- 2,Lee L Driver Middle School,Indiana - Region 1 - North
3940,38,2,36,90049C,Clockwork Crows,Syracuse Junior High,Utah
3941,38,0,38,49156B,The Robotic Raptors,ROBERTA ROAD MIDDLE,North Carolina
3942,38,0,38,25956A,Red House Robots,Red House School,United Kingdom
3943,38,2,36,12920A,The Dominators- OIS-A,OXFORD INTERMEDIATE SCHOOL,Mississippi
3944,38,0,38,6512A,Red Voltage,Harmony School of Innovation - El Paso - Middle/High,Texas - Region 1
3945,38,2,36,81834C,81834C,Robotics club,New Zealand
3946,38,2,36,3208A,Fantastic Fantas,THE SCHOOL OF ARTS AND SCIENCE ON THOMASVILLE,Florida - North/Central
3947,38,2,36,29611N,Vexsters,Powdersville Middle School,South Carolina
3948,38,2,36,12866B,TogaBots,Saratoga Robotics,New York-North
3949,38,2,36,91148J,Whatchamacallits?,OUR LADY OF THE HOLY SOULS,Arkansas
3950,38,2,36,51691N,Shish-KaBots,GBIQ Robotics,California - North
3951,38,2,36,43767J,VEX Tigers,SEDALIA MIDDLE SCHOOL,Missouri
3952,38,0,38,52352A,Pin Picker Uppers,Abner Creek Middle School,South Carolina
3953,38,0,38,33334D,Taft Cyberdogs,ROBERT TAFT MIDDLE SCHOOL,Indiana - Region 1 - North
3954,38,0,38,80693C,Stingers,St Martin Middle School,Mississippi
3955,38,0,38,26293B,JT Lambert Intermediate,J T Lambert Intermediate School,Pennsylvania - East
3956,38,0,38,50506C,Untitled Document,Glenunga International High School,Australia
3957,38,0,38,96499Z,Copperfield  IQ 1,Copperfield College,Australia
3958,38,0,38,66366D,Romulus,MARTINEZ MIDDLE SCHOOL,Florida - North/Central
3959,38,0,38,9360X,Meganut,Hong Kong International School,Hong Kong
3960,38,0,38,7479K,Hillcrest K,Hillcrest Christian College,Australia
3961,38,0,38,249E,Burnt Cheez Its,MESCALERO APACHE SCHOOL,New Mexico
3962,38,0,38,22903B,HABS_Cybershot,Haberdashers' Boys' School,United Kingdom
3963,38,0,38,214E,Ethereal Dinosaurs,HAMILTON HEIGHTS MIDDLE SCHOOL,Indiana - Region 2 - Central
3964,38,0,38,62938B,The Short Circuits,WES-DEL MIDDLE/SENIOR HIGH SCHOOL,Indiana - Region 1 - North
3965,38,0,38,19881P,UNIS Hanoi IQ 3,UNIS Hanoi,Vietnam
3966,38,0,38,7922A,ISC-Suli Panthers 1,The International School of Choueifat-Sulaimani (ISC-Sulaimani),Iraq
3967,38,0,38,91111E,Eels and Escalators,Southside Middle School,Indiana - Region 1 - North
3968,38,0,38,74801G,Gear Grizzlies,WESTWOOD MIDDLE SCHOOL,Florida - North/Central
3969,38,0,38,15685D,The Snoopy's,KENNETH HENDERSON MIDDLE,Kansas
3970,38,0,38,61026B,Twining Phoenix,NATHAN TWINING MIDDLE SCHOOL,North Dakota
3971,38,0,38,11833A,Just another team,Shaker Hts Middle School,Ohio
3972,38,0,38,5432B,PunaTechs 5432B,KEAAU MIDDLE SCHOOL,Hawaii
3973,38,0,38,44995A,Klein Bottling,Klein Bottling,New Jersey
3974,38,0,38,1021F,Ten Ton Robotics,West Vancouver Secondary School,British Columbia (BC)
3975,38,0,38,72794A,Dunamase College,U Bot,Ireland
3976,38,0,38,53475X,Masters,YCIS PD,East China
3977,38,0,38,38742D,Techno Dream,POLAND JUNIOR HIGH SCHOOL,Louisiana
3978,38,0,38,57346C,Rockets 3,KATHERINE JOHNSON STEM ACADEMY,California - South
3979,38,0,38,87116A,KIS 1,KIS Pangyo campus,South Korea
3980,38,0,38,61725A,GAM-botics_61725,GRAND AVENUE MIDDLE SCHOOL,New York-South
3981,38,0,38,34543G,Nano Nova,345Robotics,Cayman Islands
3982,38,0,38,94017A,KGS,Kingston Grammar School,United Kingdom
3983,38,0,38,26660J,JAWATHA HEROS - KSA,JAWATHA PRIVATE SCHOOL,Saudi Arabia
3984,38,0,38,91311E,The 6 Piece TechnoNuggets,Ernest Lawrence Middle School,California - South
3985,38,0,38,1110C,Southwood Academy,SOUTHWOOD ACADEMY FOR THE ARTS,South Carolina
3986,38,0,38,29684C,Country Tigers,STARR-IVA MIDDLE,South Carolina
3987,38,0,38,36409D,Pin-Inators,MEAD MIDDLE SCHOOL,Colorado
3988,38,0,38,35173A,Meyzeek Cave Bears,MEYZEEK MIDDLE,Kentucky
3989,38,0,38,7775E,Rogue,CADWALLADER MIDDLE SCHOOL,Nevada
3990,38,0,38,29866Y,Trojan Horse,ST GABRIEL CONSOLIDATED SCHOOL,Ohio
3991,38,0,38,15818C,AMS Panthers,ALIAMANU MIDDLE SCHOOL,Hawaii
3992,38,0,38,56927C,Green Gladiators,LAKER MIDDLE SCHOOL,Michigan
3993,38,0,38,28968A,Scranton Bears,The Scranton School for Deaf & Hard of Hearing Children,Pennsylvania - East
3994,38,0,38,47020A,Holy Family Team Alpha,HOLY FAMILY ELEMENTARY SCHOOL,Indiana - Region 1 - North
3995,38,0,38,47494B,RCMS Robotics Panthers,RIDGEVIEW MIDDLE SCHOOL,Georgia
3996,38,0,38,4606B,Technomancers,Noblesville West Middle School,Indiana - Region 2 - Central
3997,38,0,38,22211D,DnA,Peak-Robots,Japan
3998,38,0,38,6277Z,6277Z RoboCavs,THE HARVEY SCHOOL,New York-South
3999,38,0,38,95112B,The Rocket Bots,ROCKY MOUNTAIN PUBLIC SCHOOL,Oklahoma
4000,38,0,38,69582C,Eaglebots,BRADFORD SCHOOL DISTRICT,Arkansas
4001,38,0,38,28225C,Fortis of Madison C,Madison Middle School,Connecticut
4002,38,0,38,53486C,Lion Powers,WESTERN PENNSYLVANIA SCHOOL FOR THE DEAF,Pennsylvania - West
4003,38,0,38,63394A,LIS Red Devils ,Lowell Intermediate School,Indiana - Region 1 - North
4004,38,0,38,37898B,AtomKatz,OSCAR SMITH MIDDLE SCHOOL,Virginia
4005,37,0,37,8820A,MECH Masters,KABHOOM Robotics,New Jersey
4006,37,13,24,44222D,SRS Lightning Bolts,Sunset Ridge School,Illinois
4007,37,7,30,97864H,CHEFS,ST ANNES EPISCOPAL SCHOOL,Colorado
4008,37,7,30,7701A,Robotika,Yalova Çağdaş Dünya Eğitim Kurumları,Türkiye
4009,37,7,30,73807G,The Sizzling Pickles,GERMANTOWN MIDDLE SCHOOL,Mississippi
4010,37,7,30,77517D,Suffield Middle 4,Suffield Middle School,Connecticut
4011,37,7,30,35824B,Vic's Robotics - Team Turtlebots ft. Vera,Scheppersinstituut Mechelen,Belgium
4012,37,7,30,1110D,Southwood Academy,SOUTHWOOD ACADEMY FOR THE ARTS,South Carolina
4013,37,7,30,299F,SVEC 299F,SKY VALLEY EDUCATION CENTER,Washington
4014,37,6,31,77773J,Controller Creators,MADISON MIDDLE SCHOOL,Mississippi
4015,37,0,37,72651E,The Skid-Steerers,IMMANUEL LUTHERAN SCHOOL,Wisconsin
4016,37,2,35,48931A,Solid Rock Academic Center,Solid Rock Academic Center,Arkansas
4017,37,2,35,35460C,The Red Donkeys,Hillmorton High School,New Zealand
4018,37,2,35,6174A,Hightower Trail Advanced Robotics Projects Agency,HIGHTOWER TRAIL MIDDLE SCHOOL,Georgia
4019,37,2,35,40586F,Vivid Voltage,HICKORY RIDGE MIDDLE,North Carolina
4020,37,2,35,73807T,The Sparkle Squad,GERMANTOWN MIDDLE SCHOOL,Mississippi
4021,37,0,37,1043F,Haileybury Matrix Mafia ,Haileybury School,United Kingdom
4022,37,0,37,46016C,JARVIS Robotics Avengerz,Lanesville Community Schools,Indiana - Region 3 - South
4023,37,2,35,35833H,Whimech Prime,The Whitstable School,United Kingdom
4024,37,0,37,2031X,High Voltage,High Voltage,Pennsylvania - East
4025,37,2,35,34802A,Technoka Junior,Kadikoy Ahmet Sani Gezici Kiz Anadolu Imam Hatip Lisesi,Türkiye
4026,37,2,35,3142C,Fashionable Ferrets,Northwood School,New Hampshire/Vermont
4027,37,2,35,5957B,İELVEX,İelev 125.Yıl Okulları,Türkiye
4028,37,2,35,97864D,The Honorable Hedwig's,ST ANNES EPISCOPAL SCHOOL,Colorado
4029,37,2,35,79437C,Robot Knights SV,NORTHWOOD MIDDLE,South Carolina
4030,37,2,35,45881C,Creekland Terminators,Creekland Middle School,Georgia
4031,37,2,35,63683A,MVP,ROY JR HIGH,Utah
4032,37,2,35,435F,Lunchboxes,Noe Middle School,Kentucky
4033,37,0,37,42655B,The Sixty-Seveners,KNOX DOSS MIDDLE SCHOOL AT DRAKES CREEK,Tennessee
4034,37,0,37,15818D,AMS Panthers,ALIAMANU MIDDLE SCHOOL,Hawaii
4035,37,0,37,98466W,6'7 Eagles,Shanghai American School,East China
4036,37,0,37,64098F,F - Procrastinators,LAKE STEVENS MIDDLE SCHOOL,Washington
4037,37,0,37,44263B,Ctrl+Alt+Defeat,Ctrl+Alt+Defeat,California - North
4038,37,0,37,8128E,RoboPanda Predators,LAMP Robotics Community Outreach,Alabama
4039,37,0,37,74484B,The Prototypes,Benzie Central Middle School,Michigan
4040,37,0,37,2367D,Team Builders,R M Marrs Magnet Middle School,Nebraska
4041,37,0,37,7475A,Stonybrook Robotics,Stonybrook Middle School,Indiana - Region 2 - Central
4042,37,0,37,81890A,Bison Bots,Rosemont School,Texas - Region 2
4043,37,0,37,29651S,Savannah Longjohns,BLUE RIDGE MIDDLE,South Carolina
4044,37,0,37,55522A,Techlab Dynamic,Özel Samsun Dinamik Koleji,Türkiye
4045,37,0,37,70543D,70543D,MARGARETTA MIDDLE SCHOOL,Ohio
4046,37,0,37,481B,Cyberwolves,WINDY HILL MIDDLE SCHOOL,Florida - North/Central
4047,37,0,37,92414B,Fuzzy Logic,DISCOVERY ACADEMY OF SCIENCE,Florida - North/Central
4048,37,0,37,89214B,Beaver Brogrammers,BEAVER LOCAL MIDDLE SCHOOL,Ohio
4049,37,0,37,28300A,The Rusty Cogs,St Josephs Middle School,United Kingdom
4050,37,0,37,44234M,RoboEagles,Vista Middle School,New Mexico
4051,37,0,37,56400A,TigerBytes,JEFF H TOWLES INTERMEDIATE SCHOOL,Indiana - Region 1 - North
4052,37,0,37,44316A,Code Coyotes,Clemons Creek MIDDLE,Texas - Region 5
4053,37,0,37,49716A,Falcons 1,FORT WORTH COUNTRY DAY SCHOOL,Texas - Region 5
4054,37,0,37,87625A,The Rust Buckets,Shelbyville Middle School,Indiana - Region 2 - Central
4055,37,0,37,84C,The Robo 4,TIMBERLINE MIDDLE SCHOOL,Washington
4056,37,0,37,34343A,Carmel CouGears,CARMEL MIDDLE SCHOOL,Indiana - Region 2 - Central
4057,37,0,37,28586A,I Forgot,CHARLES ARTHUR HUGHES MIDDLE SCHOOL,Nevada
4058,37,0,37,96686C,WoodlandPres3,WOODLAND PRESBYTERIAN SCHOOL,Tennessee
4059,37,0,37,1317A,Mission Apollo,Boys and Girls Club of the Fox Valley,Wisconsin
4060,37,0,37,39835B,TechLab IQ Force,TechLab Digital Solutions LLP,Kazakhstan
4061,37,0,37,8414B,Meowlers,NORTH OGDEN JR HIGH,Utah
4062,37,0,37,75750A,Tampa Tornadoes,Stello AI,Florida - North/Central
4063,37,0,37,82917A,Electrodes,Scottsburg Middle School,Indiana - Region 3 - South
4064,37,0,37,91384C,WOWO'S ECA Eagles,ELKHART CHRISTIAN ACADEMY,Indiana - Region 1 - North
4065,37,0,37,46742C,46742C,HAMILTON COMMUNITY ELEMENTARY SCH,Indiana - Region 1 - North
4066,37,0,37,87587B,Lakeland Pneumatics,Lakeland Intermediate,Indiana - Region 1 - North
4067,37,0,37,36636C,Horsepower,FISHERS JUNIOR HIGH SCHOOL,Indiana - Region 2 - Central
4068,37,0,37,49959B,Team OtisGD,LANCASTER COUNTRY DAY SCHOOL,Pennsylvania - East
4069,37,0,37,25627C,"Tri-West C- ""Byonk Bruinz""",TRI-WEST MIDDLE SCHOOL,Indiana - Region 2 - Central
4070,36,0,36,173A,Voltasaur,JESUS MOROLES EXPRESSIVE ARTS VANGUARD,Texas - Region 2
4071,36,18,18,81822X,Good Shepherd,Good Shepherd Middle School,California - North
4072,36,10,26,28102R,Red Atomic loud Astro's,NORTH UNION MIDDLE SCHOOL,Ohio
4073,36,2,34,79741B,RedNex,Jim Ned Middle School,Texas - Region 5
4074,36,0,36,6039J,Acceleration,BrandywineBOTS Robotics,Delmarva
4075,36,0,36,67352B,Trojan Beta,WEST MARSHALL MIDDLE SCHOOL,Iowa
4076,36,2,34,9555C,Matter,Gen Inspired,North Carolina
4077,36,4,32,36608D,Bot Builders,FAITH ACADEMY,Alabama
4078,36,4,32,2444A,The Falcons,Lanny Frasier Middle School,Texas - Region 2
4079,36,2,34,587C,RED ROBINS,HILO INTERMEDIATE SCHOOL,Hawaii
4080,36,2,34,70049A,The Hungarian Horntails,Journey's Homeschool Pod,Utah
4081,36,2,34,45885A,W.I.R.E.D - Lawn Mowers,Waterford School District,Michigan
4082,36,2,34,4071A,Eagles,HOLY SAVIOR MENARD HIGH SCHOOL,Louisiana
4083,36,0,36,82717C,343 IQ Sparks,SAGE VALLEY JUNIOR HIGH SCHOOL,Wyoming
4084,36,0,36,18835D,CYBER DENGE,Denge Okulları,Türkiye
4085,36,0,36,24049F,Galactic Griffins,C C GRIFFIN MIDDLE,North Carolina
4086,36,0,36,26555A,Da Minions,The Thomas Lord Audley School,United Kingdom
4087,36,0,36,929J,Hereford Zone Robotics,Hereford Middle School,Maryland
4088,36,2,34,6546U,One Degree North: Shooting Stars,Singapore American School,Singapore
4089,36,2,34,8321Y,Bobbie Builders,Pope Saint John Paul II Preparatory School,Tennessee
4090,36,2,34,8401A,Bragg Bots,BRAGG MIDDLE SCHOOL,Alabama
4091,36,2,34,44408A,CMS: The robotic lemons,SOUTH SIDE MIDDLE SCHOOL,Ohio
4092,36,2,34,32398B,The Rubick,Colegio Ntra Sra del Carmen,Spain
4093,36,0,36,77773K,Emperors,MADISON MIDDLE SCHOOL,Mississippi
4094,36,0,36,90994W,Short Circuit,iCode Of Wellesley,Massachusetts
4095,36,0,36,33044C,The Banānās,OLD HIGH MIDDLE SCHOOL,Arkansas
4096,36,0,36,610B,Crescent Robotics,Crescent School,Ontario
4097,36,0,36,69219C,Wesleyan Wolves C,WESLEYAN SCHOOL,Georgia
4098,36,0,36,1916D,VEX Vikings,Hutto Middle School,Texas - Region 4
4099,36,0,36,55509B,Royal Ghostbusters,CANNON  HELEN C JHS,Nevada
4100,36,0,36,84527B,Cobra Tech,Raha International School,United Arab Emirates
4101,36,0,36,2376B,2376 B,Bidwell Junior High School,California - North
4102,36,0,36,55883A,Code Blossoms,GOLD HILL MIDDLE,South Carolina
4103,36,0,36,639B,Ithaca B,Ithaca City School District,New York-North
4104,36,0,36,76764C,Raum 109,Gymnasium Unterrieden Sindelfingen,Germany
4105,36,0,36,18754A,LOGAN LIONS,LOGAN ACADEMY OF GLOBAL ECOLOGY,California - South
4106,36,0,36,92717A,Blue Knights,IMMANUEL LUTHERAN SCHOOL,Wisconsin
4107,36,0,36,91049C,Saintly Robotics C,HUNTINGTON CATHOLIC SCHOOL,Indiana - Region 1 - North
4108,36,0,36,76666D,ALT F4 MAKER'S,"Aula Maker, Castellón",Spain
4109,36,0,36,2340A,Albert Einswine,FMAHS,Australia
4110,36,0,36,240H,TrailBlazers,Trailblazer Robotics Central Forsyth Branch,Georgia
4111,36,0,36,53855B,Chili Oil Dumplings,SACRED HEART SCHOOLS ATHERTON,California - North
4112,36,0,36,63180C,BCCC Middle (63180C),Blakes Crossing Christian College,Australia
4113,36,0,36,50506B,Fluffy Bunnies of Doom,Glenunga International High School,Australia
4114,36,0,36,34565C,Merrimac C,Merrimac State High School,Australia
4115,36,0,36,138B,QRCA - Blue,AAA Training and Tuition (RTO 46396),Australia
4116,36,0,36,29627D,Tech Titans,Bixby Middle School,Oklahoma
4117,36,0,36,79539C,The Ducks,NEPTUNE MIDDLE SCHOOL,Florida - North/Central
4118,36,0,36,3107J,Templestowe College,Templestowe College,Australia
4119,36,0,36,97234T,Newtonian byte knights-RoboSTEM,YKKM robotics ,India
4120,36,0,36,3620C,BJAM,RANDALL MIDDLE SCHOOL,Florida - North/Central
4121,36,0,36,25357A,Bulldog Bot Builders,CARBON HILL ELEMENTARYJUNIOR HIGH SCHOOL,Alabama
4122,36,0,36,85403G,Smart Hawks,HORIZON SCIENCE ACADEMY COLUMBUS MIDDLE SCHOOL,Ohio
4123,36,0,36,88Y,Patriot Robotics,VIEWPOINT SCHOOL,California - South
4124,36,0,36,18965A,Nexus Ace,Art Nexus Pte Ltd,Singapore
4125,36,0,36,5068B,Pink Pixels,MILLARD NORTH MIDDLE SCHOOL,Nebraska
4126,36,0,36,5397A,BISK RoboRangers,British International Schools in Iraq,Iraq
4127,36,0,36,20230A,The Bot Force,South Island School,Hong Kong
4128,36,0,36,16181E,Black Kites Two,Renaissance College Hong Kong,Hong Kong
4129,36,0,36,58387C,The American Mustangs,HUGO A OWENS MIDDLE,Virginia
4130,36,0,36,44127A,Thermo-Nuclear Falcons,Monrad Te Kura Waenga o Tirohanga,New Zealand
4131,36,0,36,63369E,Tyatron,RICE LAKE MIDDLE,Wisconsin
4132,36,0,36,69314D,Riverside Gearbenders,RIVERSIDE JUNIOR HIGH,Indiana - Region 2 - Central
4133,36,0,36,6275R,Rapid Robots,HUGHES ACADEMY OF SCIENCE AND TECHNOLOGY,South Carolina
4134,36,0,36,1614A,MCG,MT CALVARY-GRACE LUTHERAN SCHOOL,Wisconsin
4135,36,0,36,23241W,Indecisive,St Bernadette,Nebraska
4136,36,0,36,84536A,CapiBots ,Colegio Politécnico Cooperativa Capiatá,Paraguay
4137,36,0,36,17806B,Robo Fins,VILLA DE PAZ ELEMENTARY SCHOOL,Arizona
4138,36,0,36,45366A,Clanker Clickers,LONDON MIDDLE SCHOOL,Ohio
4139,36,0,36,715B,CKS Robotics,Christ The King Catholic School,Indiana - Region 2 - Central
4140,36,0,36,11336D,Long Hill Robotics, Central Middle School,New Jersey
4141,36,0,36,90423C,Great Bridge Middle School 3,GREAT BRIDGE MIDDLE,Virginia
4142,36,0,36,22222B,Avocado Poweraid,LogandSteam,South Korea
4143,36,0,36,49982E,Mustang Robotics,BLUFFTON MIDDLE,South Carolina
4144,36,0,36,3203H,Robolabs Hubble,Robolabs Fremont,California - North
4145,36,0,36,835G,SSMS Elite,SULPHUR SPRINGS MIDDLE,Texas - Region 2
4146,36,0,36,29498A,Hubba Bubba,Causey Middle School,Alabama
4147,36,0,36,48009F,Spongetrons,Roeper School,Michigan
4148,36,0,36,9821K,Scorpion 2.0,CENTRAL MIDDLE,Minnesota
4149,36,0,36,94915C,LAF,Wuhan Yangtze International School,Middle China
4150,36,0,36,94915B,WFA,Wuhan Yangtze International School,Middle China
4151,36,0,36,50501D,Gear Grinders,Our Lady Queen of Heaven School,Louisiana
4152,36,0,36,5081B,5081B- Jam ^3,CITY/PEMBROKE PINES CHARTER MIDDLE SCHOOL,Florida - South
4153,36,0,36,40353B,Griffins Team 2,Arlington Classics Academy,Texas - Region 5
4154,36,0,36,40353A,Griffins Team 1,Arlington Classics Academy,Texas - Region 5
4155,36,0,36,10977B,WaldoBots B,BELEN JESUIT PREP SCHOOL,Florida - South
4156,36,0,36,64932D,My favourite team,Norwich School,United Kingdom
4157,36,0,36,68702C,Bread (BBANG),QSI Quality Schools International,South China
4158,36,0,36,49959A,Decepticons,LANCASTER COUNTRY DAY SCHOOL,Pennsylvania - East
4159,36,0,36,64987D,Organized Chaos,PLAINFIELD COMMUNITY MIDDLE SCHOOL,Indiana - Region 2 - Central
4160,36,0,36,2413B,Bruin Blox,Bearden Middle School,Tennessee
4161,36,0,36,10541B,Clements Robotics,Clements Middle School,Georgia
4162,36,0,36,35152A,RoboBison A,Station Camp Middle School,Tennessee
4163,36,0,36,86006A,Epix- Robotics Team,YOUNG WOMEN'S STEAM ACADEMY AT BALCH SPRINGS MIDDL,Texas - Region 2
4164,36,0,36,58072A,Circuit Circus,VALLEY CITY JUNIOR HIGH SCHOOL,North Dakota
4165,36,0,36,7866F,The Mega Bots,Harmony Public School-Pflugerville,Texas - Region 4
4166,36,0,36,4702B,Megaminders,WHITE PLAINS MIDDLE SCHOOL,Alabama
4167,36,0,36,41619A,Panther Cubs 1,Dulwich College Shanghai Pudong,East China
4168,36,0,36,1049B,BISS PUXI Team 1,"The British International School of Shanghai, Puxi",East China
4169,36,0,36,3113A,Mickey Mouse,Seymour Intermediate,Indiana - Region 3 - South
4170,36,0,36,72020C,WWMS-C Mobile Mustangs,Wilbur Wright Middle School,Indiana - Region 1 - North
4171,36,0,36,22420E,Clinters,CLINT J H SCHOOL,Texas - Region 1
4172,36,0,36,11284B,Heater,FORT CLARKE MIDDLE SCHOOL,Florida - North/Central
4173,36,0,36,73616A,Robotots,Kendallville Community Robotics Club,Indiana - Region 1 - North
4174,36,0,36,929U,Hereford Zone Robotics,Hereford Middle School,Maryland
4175,36,0,36,43519B,TCS Robotics Cyber-Tooth Tigers,THORNTON CENTRAL SCHOOL,New Hampshire/Vermont
4176,36,0,36,14950A,LCK8 Dolphins,LEISURE CITY K-8 CENTER,Florida - South
4177,36,0,36,6909C,Ruby Tech,Alhuda Academy,Massachusetts
4178,36,0,36,22438B,Allenstown Community School 22438B,Allenstown Community School,New Hampshire/Vermont
4179,36,0,36,41295A,Hankins Team A,KATHERINE H HANKINS MIDDLE SCHOOL,Alabama
4180,36,0,36,22282J,Raging Supreme,Raging Supreme,New Jersey
4181,36,0,36,59340C,ACSW CyberTigers,ACADEMIR CHARTER SCHOOL WEST,Florida - South
4182,36,0,36,44316B,Purple Code,Clemons Creek MIDDLE,Texas - Region 5
4183,36,0,36,47538A,Axon,AXON,United Kingdom
4184,36,0,36,69498B,Sumter Central Middle School,SUMTER CENTRAL HIGH SCHOOL,Alabama
4185,36,0,36,1024T,"GearCats ""Titans""",FALL CREEK VALLEY MIDDLE SCHOOL,Indiana - Region 2 - Central
4186,36,0,36,37423B,Apex Pandas,OLIVE VISTA STEAM MAGNET,California - South
4187,36,0,36,2309C,Year 9 Team,Whickham School,United Kingdom
4188,36,0,36,13289C,Jalan,GRAYLING MIDDLE SCHOOL,Michigan
4189,36,0,36,45096A,Aventura Waterways K-8 Tech Titans,Aventura Waterways K-8,Florida - South
4190,36,0,36,94173A,The Minions,Cleora Public School,Oklahoma
4191,36,0,36,84Y,Pythons,TIMBERLINE MIDDLE SCHOOL,Washington
4192,36,0,36,22439A,Ctrl + Alt + Delete,MILLBROOK MIDDLE SCHOOL,Alabama
4193,36,0,36,1873C,FenderBenders,CULLMAN MIDDLE SCHOOL,Alabama
4194,36,0,36,36788D,Code Blooded,SAYRE MIDDLE SCHOOL,Oklahoma
4195,36,0,36,12634A,CCSC01,Cheung Chuk Shan College,Hong Kong
4196,36,0,36,81626C,CMS Stackers,Craig Middle School,Colorado
4197,36,0,36,76049B,Super Smashers,ACTON MIDDLE,Texas - Region 5
4198,36,0,36,23900B,Gigabytes,Beechwood Middle School,South Carolina
4199,36,0,36,2073E,Gear Grinders,ANNE WATSON ELEMENTARY SCHOOL,Arkansas
4200,36,0,36,10665A,Nerd Herd,LEHMAN INTERMEDIATE SCH,Pennsylvania - East
4201,36,0,36,18316D,RA Knights,RENAISSANCE ACADEMY CS,Pennsylvania - East
4202,36,0,36,50802F,Cyber K-9s,Kaysville Junior High School,Utah
4203,36,0,36,66282B,The Straw Hats,NORTHWEST CABARRUS MIDDLE,North Carolina
4204,36,0,36,1715A,Apex Predators,Hopkinton Middle School,Massachusetts
4205,36,0,36,7686Y,Error 404,Harrisburg Public School District,South Dakota
4206,36,0,36,6275D,The Deleters,HUGHES ACADEMY OF SCIENCE AND TECHNOLOGY,South Carolina
4207,36,0,36,82917B,Circuit Breakers,SCOTTSBURG MIDDLE SCHOOL,Indiana - Region 3 - South
4208,36,0,36,39648B,TechTide Dolphins,DAVID LAWRENCE JR. K-8 CENTER,Florida - South
4209,36,0,36,26207B,Wildcats,GLIDDEN-RALSTON ELEMENTARY SCHOOL,Iowa
4210,36,0,36,6210S,HCS:  Pro-Crastenators,HERITAGE CHRISTIAN SCHOOL,Indiana - Region 2 - Central
4211,36,0,36,78447B,Harry Botter and the Goblet of Wire,NEW AUGUSTA PUBLIC ACADEMY - NORTH,Indiana - Region 2 - Central
4212,36,0,36,92375A,Brickie Builders,HOBART MIDDLE SCHOOL,Indiana - Region 1 - North
4213,36,0,36,10256J,Nuggets {[ Purple ]},Klondike Middle School,Indiana - Region 1 - North
4214,36,0,36,49156C,Avengers,ROBERTA ROAD MIDDLE,North Carolina
4215,36,0,36,52978A,The Bot Squad,HORIZON SCIENCE ACADEMY-DAYTON HIGH SCHOOL,Ohio
4216,36,0,36,10462D,Northview Falcons D,Northview Middle School,Indiana - Region 2 - Central
4217,36,0,36,24701B,Bucbots,BLUEFIELD MIDDLE SCHOOL,West Virginia
4218,36,0,36,12131Z,Clinton Prairie Robotics8,CLINTON PRAIRIE JR-SR HIGH SCHOOL,Indiana - Region 1 - North
4219,36,0,36,18266C,FCA -003,Fredericton Christian Academy ,New Brunswick/Nova Scotia/Prince Edward Island
4220,36,0,36,1506V,OG Team V,Pact Charter School,Minnesota
4221,36,0,36,13729C,Buffalo Bots,BUFFALO ELEMENTARY SCHOOL,West Virginia
4222,35,28,7,26262D,VEXcellence,ESKİŞEHİR ÖZEL ÇAĞDAŞ OKULLARI,Türkiye
4223,35,0,35,41100C,The Mechanics,GLENN MIDDLE,Texas - Region 5
4224,35,17,18,74205B,Moldy Musketeers,HANCEVILLE MIDDLE SCHOOL,Alabama
4225,35,17,18,18866A,藝想天開,Gemini Yeh,Chinese Taipei
4226,35,16,19,1714Z,Innova't Dragons,Innova't Educació,Spain
4227,35,14,21,8820B,Pyro Maniacs,KABHOOM Robotics,New Jersey
4228,35,9,26,7409W,The W's,BAYOU VIEW MIDDLE SCHOOL,Mississippi
4229,35,7,28,33379A,NC Warriors,Nenagh College,Ireland
4230,35,7,28,55698A,VEX-MEN,Brighton College Abu Dhabi,United Arab Emirates
4231,35,7,28,31893S,Godley Stallion 2,GODLEY STATION SCHOOL,Georgia
4232,35,7,28,5280A,Flamin' Tomatoes,SOARING HEIGHTS PK-8,Colorado
4233,35,7,28,74801N,The Chosen Ones,WESTWOOD MIDDLE SCHOOL,Florida - North/Central
4234,35,4,31,27960C,Cyberon,Gemeinschaftsschule Ossenmoorpark,Germany
4235,35,0,35,72888B,Rising Phoenix,International School of Nanshan Shenzhen,South China
4236,35,0,35,15290E,Robot Rangers,Campbell Drive K-8 Center,Florida - South
4237,35,0,35,2909P,Vex Warriors,NextGen RoboMinds,Georgia
4238,35,0,35,25628C,The Krispy Dreamers,RULDOLPH G. GORDON SCHOOL AT JONES MILL,South Carolina
4239,35,0,35,80517N,No Signal,Estes Park Middle School,Colorado
4240,35,0,35,60965A,Golden Octopi,NEW MARTINSVILLE SCHOOL,West Virginia
4241,35,0,35,85279A,QHSFirst,Queensferry High School,United Kingdom
4242,35,0,35,19057U,Rollin' Robots,Sunnvale Middle School,Texas - Region 2
4243,35,0,35,62026A,Quantum,Fairfield Jr High,Utah
4244,35,0,35,7628C,Quad L's,GIBBS MIDDLE SCHOOL,Tennessee
4245,35,0,35,6801P,4.0,Woodcroft College,Australia
4246,35,0,35,68813A,Dunmore CS,Dunmore Community School ,Ireland
4247,35,0,35,1370A,Blitz Bots,Heritage Middle School,Tennessee
4248,35,0,35,35016B,(AERO) The Brainless Ideas,ARAB JUNIOR HIGH SCHOOL,Alabama
4249,35,0,35,49397A,EcoMind,Planeta Azul School,Ecuador
4250,35,0,35,75502E,STEAM Team,PLEASANT GROVE MIDDLE,Texas - Region 2
4251,35,0,35,81553M,MC-Robot,Montfort college,Thailand
4252,35,0,35,40700A,Wildcats Code Blue,WOODMONT MIDDLE,South Carolina
4253,35,0,35,9078A,Yappy Patty's,GRIFFITHS (GORDON) MIDDLE,California - South
4254,35,0,35,37167A,CTRL+ALT+ELITE,THURMAN FRANCIS ARTS ACADEMY/MAGNET SCHOOL FOR THE ARTS,Tennessee
4255,35,0,35,38673M,The Aluminum Foil Soldiers,"Canyon Hills Middle School, CCTE/STEAM Pumas",Texas - Region 1
4256,35,0,35,2915G,Lynfield G,Lynfield College,New Zealand
4257,35,0,35,4215A,Trinity Rovers,Trinity Anglican College,Australia
4258,35,0,35,37167D,7 Days of Vex,THURMAN FRANCIS ARTS ACADEMY/MAGNET SCHOOL FOR THE ARTS,Tennessee
4259,35,0,35,31811B,Carver Tigers 2,HARRIS COUNTY CARVER MIDDLE SCHOOL,Georgia
4260,35,0,35,92585A,Código GuerreroX,Telesecundaria Vicente Guerrero,Mexico
4261,35,0,35,8757Y,STEAM-ED Robotics Y,STEAM-ED Robotics,New Zealand
4262,35,0,35,17803A,N'raged Robots,COPPER KING ELEMENTARY,Arizona
4263,35,0,35,24049B,Techno Turtles,C C GRIFFIN MIDDLE,North Carolina
4264,35,0,35,7775B,Insert Something Funny,CADWALLADER MIDDLE SCHOOL,Nevada
4265,35,0,35,9825S,EWS RoboJags S,THE EMERY/WEINER SCHOOL,Texas - Region 3
4266,35,0,35,740C,Apex Titans,Mountain West Montessori,Texas - Region 1
4267,35,0,35,23836T,ThunderBots,Dai Lu,California - North
4268,35,0,35,17601B,LCCS7,Lancaster County Christian School,Pennsylvania - East
4269,35,0,35,2554A,方山南外1队,南京外国语学校（方山分校）,East China
4270,35,0,35,75502B,Weeping Willows,PLEASANT GROVE MIDDLE,Texas - Region 2
4271,35,0,35,2226C,AA Battery,Yantai Huasheng International School (LifePlus),Middle China
4272,35,0,35,71319A,Ta-da,International School of Qingdao,Middle China
4273,35,0,35,78231D,Jaguar Robotics Team D/ the Bob Cats,JACKSON CREEK MIDDLE SCHOOL,Indiana - Region 3 - South
4274,35,0,35,6048A,Bradley MS,BRADLEY MS,Texas - Region 4
4275,35,0,35,92414A,Metal Maestros,DISCOVERY ACADEMY OF SCIENCE,Florida - North/Central
4276,35,0,35,44814Y,Circuit Destroyers,EDISON MIDDLE SCHOOL (FORMERLY BERLIN-MILAN MIDDLE SCHOOL),Ohio
4277,35,0,35,23361A,Davitt College,Davitt College,Ireland
4278,35,0,35,18778A,"St Joseph’s, 1","St Joseph’s, Rochfortbridge",Ireland
4279,35,0,35,46445A,Project X ,LJHS Robotics Team,Arkansas
4280,35,0,35,43350B,Digital Chickens,EAST WASHINGTON MIDDLE SCHOOL,Indiana - Region 3 - South
4281,35,0,35,21169A,Waffles,Stamford American School Hong Kong,Hong Kong
4282,35,0,35,21169J,Lion Legends,Stamford American School Hong Kong,Hong Kong
4283,35,0,35,83384A,Seahawks ,Norman S Edelcup Sunny Isles Beach K-8,Florida - South
4284,35,0,35,10451C,10451C,HANDLEY MIDDLE SCHOOL,Alabama
4285,35,0,35,85721A,Earthlings,SOUTHLAWN MIDDLE SCHOOL,Alabama
4286,35,0,35,64098H,H- razors,LAKE STEVENS MIDDLE SCHOOL,Washington
4287,35,0,35,46167C,FlamingRocks,ST JOHNS LUTHERAN SCHOOL,Wisconsin
4288,35,0,35,752B,Le Cwoissants,Kenosha Robo Crew (YMCA),Wisconsin
4289,35,0,35,53733S,SOAR-1,SOAR STEM Studio,Texas - Region 3
4290,35,0,35,64777H,SCS-Indecisives,St Clement's School,Ontario
4291,35,0,35,88454A,The Vex Volts,EASTWOOD MIDDLE SCHOOL,Texas - Region 1
4292,35,0,35,44574Z,Brainstormers,KITTSON CENTRAL SECONDARY,Minnesota
4293,35,0,35,1270F,Robo Kings,Wenatchee Valley Museum,Washington
4294,35,0,35,84263B,ESCA Streaming Eagles 2,East Shoreline Catholic Academy,Connecticut
4295,35,0,35,14159S,Quantum Warriors,MANVEL JUNIOR HIGH SCHOOL,Texas - Region 3
4296,35,0,35,71403A,Anacoco United Bananas,ANACOCO ELEMENTARY SCHOOL,Louisiana
4297,35,0,35,48380D,EMP Controller,Branksome Hall Asia,South Korea
4298,35,0,35,79745D,Lioneers,Dwight School Hanoi,Vietnam
4299,35,0,35,54233R,Desert Foxes ,SIS- Ruwais,United Arab Emirates
4300,35,0,35,15127D,NJMS Team D,North Jefferson Middle School,Alabama
4301,35,0,35,36391A,Code Popsicles,Colaiste Dun Iascaigh,Ireland
4302,35,0,35,64443H,Sacred Heart School Tullamore 2,SHS - Sacred Heart School,Ireland
4303,35,0,35,43210A,LFCD Frogs,Landau Forte Derby College,United Kingdom
4304,35,0,35,61291H,Little Starts,Al-Ruya Bilingual School,Kuwait
4305,35,0,35,11281A,Mrs. Miller,A. L. MEBANE MIDDLE SCHOOL,Florida - North/Central
4306,35,0,35,37729A,Goethe Bradley Team,GOETHE INTERNATIONAL CHARTER,California - South
4307,35,0,35,1110B,Southwood Academy,SOUTHWOOD ACADEMY FOR THE ARTS,South Carolina
4308,35,0,35,36548B,JARVIS,Leroy High School,Alabama
4309,35,0,35,74778H,Lego Bros & Co,RIVERSIDE MIDDLE,Texas - Region 1
4310,35,0,35,11509B,American Eagles,JOSE J ALDERETE MIDDLE,Texas - Region 1
4311,35,0,35,88690B,Crawfordsville Blue,CRAWFORDSVILLE MIDDLE SCHOOL,Indiana - Region 1 - North
4312,35,0,35,12338A,Crown Point Christian School,CROWN POINT CHRISTIAN SCHOOL,Indiana - Region 1 - North
4313,35,0,35,17802C,The Robo Rangers,Canyon Breeze Elementary School,Arizona
4314,35,0,35,11462R,IQ- Gear heads,GIBSON ROBERT O MIDDLE SCHOOL LEADERSHIP ACADEMY,Nevada
4315,35,0,35,99629B,Team B,BOB MILLER MIDDLE SCHOOL,Nevada
4316,35,0,35,15818B,AMS Panthers,ALIAMANU MIDDLE SCHOOL,Hawaii
4317,35,0,35,64798B,The Bot Shop,KNOX COMMUNITY MIDDLE SCHOOL,Indiana - Region 1 - North
4318,35,0,35,835C,SSMS Mammoths,SULPHUR SPRINGS MIDDLE,Texas - Region 2
4319,35,0,35,72651F,The Three Musketeers,IMMANUEL LUTHERAN SCHOOL,Wisconsin
4320,35,0,35,3138C,The Flying Coyotes,Seymour Middle School,Indiana - Region 3 - South
4321,35,0,35,8116M,RAMS Clanker Clan2,LAUSD Roy Romer MS,California - South
4322,35,0,35,77430R,Demon Cats,Farmington Junior High School,Utah
4323,35,0,35,45277E,The Charlies,CENTENNIAL JR HIGH,Utah
4324,35,0,35,67760A,Silly Gooses,Imagine Schools At South Lake,Florida - North/Central
4325,35,0,35,72101B,Hamden Hall MS White,HAMDEN HALL COUNTRY DAY SCHOOL,Connecticut
4326,35,0,35,55115A,Tylos ,Tylos Private School,Bahrain
4327,35,0,35,98786A,Automatons of Atlantis,BASIS Mesa,Arizona
4328,35,0,35,75921A,HAMC,Hampton Park Christian School,South Carolina
4329,35,0,35,24963B,Pirate Pride 2,PETERSTOWN MIDDLE SCHOOL,West Virginia
4330,35,0,35,32212B,St. Mary School,ST MARY SCHOOL,Connecticut
4331,35,0,35,24963A,Pirate Pride,PETERSTOWN MIDDLE SCHOOL,West Virginia
4332,35,0,35,92375C,Brickie Builders,HOBART MIDDLE SCHOOL,Indiana - Region 1 - North
4333,35,0,35,1695A,The Gear Guardians,Walter Polson Middle School,Connecticut
4334,35,0,35,78447A,Bertha's Boys,NEW AUGUSTA PUBLIC ACADEMY - NORTH,Indiana - Region 2 - Central
4335,35,0,35,2529P,Clay Trojan Robotics,CLAY MIDDLE SCHOOL,Indiana - Region 2 - Central
4336,35,0,35,50316B,The Glitter Golden Girls,COMMODORE JOHN ROGERS ELEMENTARY/MIDDLE,Maryland
4337,35,0,35,35152C,RoboBison C,Station Camp Middle School,Tennessee
4338,35,0,35,6909A,J-A-R Squad,Alhuda Academy,Massachusetts
4339,35,0,35,17335A,Z3LDA,The Salisbury School,Delmarva
4340,35,0,35,17555A,The EVOKERS,Hamilton Southeastern Intermediate & Junior High School,Indiana - Region 2 - Central
4341,35,0,35,1406A,Hawks,HORIZON MIDDLE,Texas - Region 1
4342,35,0,35,4854C,"FMS-Print(""Unnamed"")",FARNSWORTH MIDDLE SCHOOL,Idaho
4343,35,0,35,4854E,FMS-Powered by Nuggies,FARNSWORTH MIDDLE SCHOOL,Idaho
4344,34,17,17,63705W,Wilson Hall Robotics,Wilson Hall Middle School,Alabama
4345,34,9,25,30410C,Hilltopper Bots C,St. Johnsbury Academy Jeju,South Korea
4346,34,2,32,93601F,Project Reboot,Shore,Australia
4347,34,7,27,17089C,Rising Stars,St Helena School,United Kingdom
4348,34,7,27,45713D,Holtville D- Buddy,HOLTVILLE MIDDLE SCHOOL,Alabama
4349,34,7,27,1197F,Trio.VEX,Innovators Club,Kuwait
4350,34,0,34,15703E,The Tajh,MILL CREEK MIDDLE SCHOOL,Tennessee
4351,34,0,34,80190C,80190C,Jcib Middle School,Alabama
4352,34,0,34,51186A,The Snooze Crew,St. Monica Catholic School,Indiana - Region 2 - Central
4353,34,7,27,77923B,The Dark Knights,St. James Catholic School,Kentucky
4354,34,0,34,88173A,Mr Mongoose,All Hallows Catholic High School,United Kingdom
4355,34,4,30,73807H,Robo Rebels,GERMANTOWN MIDDLE SCHOOL,Mississippi
4356,34,4,30,43767E,TigerTronics,SEDALIA MIDDLE SCHOOL,Missouri
4357,34,0,34,9453C,Hillcrest - C,Hillcrest Middle School,South Carolina
4358,34,0,34,3208B,The Stick Figures,THE SCHOOL OF ARTS AND SCIENCE ON THOMASVILLE,Florida - North/Central
4359,34,4,30,7810A,The Drivers of Rohan,Mount Olive Lutheran School,Wisconsin
4360,34,4,30,11263R,Kuddle Penguins,Sunset Middle School,Colorado
4361,34,4,30,31617E,Crusader Robotics,Cumberland Christian school,New Jersey
4362,34,0,34,18721G,Glitched Arrow,STILLWATER MIDDLE SCHOOL,Oklahoma
4363,34,2,32,48466B,Bosley Brainiacs,GUION CREEK MIDDLE SCHOOL,Indiana - Region 2 - Central
4364,34,0,34,46750D,Chrome Cougars,CRESTVIEW MIDDLE SCHOOL,Indiana - Region 1 - North
4365,34,0,34,2820T,Place Holder,Oyster River Middle School,New Hampshire/Vermont
4366,34,0,34,42920A,Futuristic Falcons - Thunderbolts,HOLY CROSS SCHOOL,Nebraska
4367,34,2,32,19701A,Ber.yl,JIMENEZ ROBERTO AND DR. FRANCISCO ELEMENTARY,California - South
4368,34,0,34,12905D,Globots,Salisbury East High School,Australia
4369,34,0,34,644Y,ICJ2,Iowa Colony Junior High,Texas - Region 3
4370,34,0,34,9821F,Our Team is Invisible,CENTRAL MIDDLE,Minnesota
4371,34,0,34,79539D,GeekGang,NEPTUNE MIDDLE SCHOOL,Florida - North/Central
4372,34,0,34,19701D,Bob The Builders,JIMENEZ ROBERTO AND DR. FRANCISCO ELEMENTARY,California - South
4373,34,0,34,513A,The Pit Crew,EDUCATIONAL HARBOR,Florida - North/Central
4374,34,0,34,15487G,The Swarm,GUNSTON MIDDLE,Virginia
4375,34,0,34,77923A,Robo Knights,St. James Catholic School,Kentucky
4376,34,0,34,96237B,St. Michael Academy - B,St. Michael Academy,Tennessee
4377,34,0,34,17808B,Kevs Team,SUNSET RIDGE ELEMENTARY SCHOOL,Arizona
4378,34,0,34,17024A,HappyRobot_MS,Happy Robot,Chinese Taipei
4379,34,0,34,11559B,The Sigma Team,CANYON DAY JUNIOR HIGH SCHOOL,Arizona
4380,34,0,34,7479R,Outback Opals,Hillcrest Christian College,Australia
4381,34,0,34,1327K,Praline,Montessori Moments ,Louisiana
4382,34,0,34,98581C,Cayenne,Northshore robotics,Louisiana
4383,34,0,34,50250A,ENGINEERING LIONS,LEGACY EARLY COLLEGE,South Carolina
4384,34,0,34,794E,RobotiX Institute,RobotiX Insititute,Tennessee
4385,34,0,34,31932A,HABS-Lightning,Haberdashers' Girls' school,United Kingdom
4386,34,0,34,86606A,TMS Blue Devils,Tipton Middle School,Indiana - Region 1 - North
4387,34,0,34,47201Y,Tech Titans,CENTRAL MIDDLE SCHOOL,Indiana - Region 3 - South
4388,34,0,34,38396B,Lihikset,Pennalan koulu,Finland
4389,34,0,34,76254A,BruntalTech,"Základní škola Bruntál, Jesenická 10",Czech Republic
4390,34,0,34,69314C,Riverside Gearbenders,RIVERSIDE JUNIOR HIGH,Indiana - Region 2 - Central
4391,34,0,34,214F,Fjorts,HAMILTON HEIGHTS MIDDLE SCHOOL,Indiana - Region 2 - Central
4392,34,0,34,46729A,Zip Tie Grrr,In Math & Science Academy,Indiana - Region 2 - Central
4393,34,0,34,17806A,Phoenix Devils,VILLA DE PAZ ELEMENTARY SCHOOL,Arizona
4394,34,0,34,58425A,You Two,Griggs County Central,North Dakota
4395,34,0,34,505T,RoboTitans,ROBERT T HILL MIDDLE SCHOOL,Texas - Region 2
4396,34,0,34,54944C,RoboSharks,SILVESTRI  CHARLES JHS,Nevada
4397,34,0,34,38742A,Lady Bulldogs,POLAND JUNIOR HIGH SCHOOL,Louisiana
4398,34,0,34,3861B,The Cool Children,SIGNAL MOUNTAIN MIDDLE/HIGH SCHOOL,Tennessee
4399,34,0,34,6318A,Triple Trouble,LADY'S ISLAND MIDDLE,South Carolina
4400,34,0,34,9826J,Blue Without a Clue,BERWICK ACADEMY,Maine
4401,34,0,34,34237B,Billingsley Bears Robotics Team,BILLINGSLEY HIGH SCHOOL,Alabama
4402,34,0,34,77182D,The MechaMasters,Oak Hall School,Florida - North/Central
4403,34,0,34,9826N,Creativity,BERWICK ACADEMY,Maine
4404,34,0,34,99755E,screws and bolts,MARGOLIN HEBREW ACADEMY,Tennessee
4405,34,0,34,290S,Saturn M85,Orley Farm School,United Kingdom
4406,34,0,34,58964B,Lott 2,LOTT MIDDLE SCHOOL,Alabama
4407,34,0,34,2529J,Clay Trojan Robotics,CLAY MIDDLE SCHOOL,Indiana - Region 2 - Central
4408,34,0,34,19991J,67 Turtles,Harvest Intermediate School,Wisconsin
4409,34,0,34,28134D,Otwell Robotics,Otwell Middle School,Georgia
4410,34,0,34,1603A,The Zooming Zapperz,Florence Middle School,Alabama
4411,34,0,34,6046D,LOPEZ MIDDLE SCHOOL,LOPEZ MIDDLE SCHOOL,Texas - Region 4
4412,34,0,34,68324B,XIS B,Xiamen International School,South China
4413,34,0,34,47201U,Central Robotics,CENTRAL MIDDLE SCHOOL,Indiana - Region 3 - South
4414,34,0,34,46768A,Highfliers,Fort Bend Christian Academy,Texas - Region 3
4415,34,0,34,21375B,Impact Academy,Impact Academy,Georgia
4416,34,0,34,6045B,Robo Rangers,JACKSON MIDDLE SCHOOL NEISD,Texas - Region 4
4417,34,0,34,78753B,Lost Under the Sea,HARMONY SCIENCE ACADEMY - AUSTIN,Texas - Region 4
4418,34,0,34,47399B,Bro-Bots,SOCIAL CIRCLE MIDDLE SCHOOL,Georgia
4419,34,0,34,6891M,MegaKnights,FAITH LUTHERAN MIDDLE SCHOOL,Nevada
4420,34,0,34,53438A,Cougars Bots,Clay-Chalkville Middle School ,Alabama
4421,34,0,34,34241B,Team Cyber Sisters ,GOODWYN MIDDLE SCHOOL,Alabama
4422,34,0,34,45535B,Elite 6,BREWBAKER MIDDLE SCHOOL,Alabama
4423,34,0,34,3113D,Ctrl+Alt+Destroy,Seymour Intermediate,Indiana - Region 3 - South
4424,34,0,34,49982D,Mustang Robotics,BLUFFTON MIDDLE,South Carolina
4425,34,0,34,37825B,ALMoNd Bots,LoCo Robo,South Carolina
4426,34,0,34,49982H,Mustang Robotics,BLUFFTON MIDDLE,South Carolina
4427,34,0,34,40940A,NMMS Bears,NEWFOUND MEMORIAL MIDDLE SCHOOL,New Hampshire/Vermont
4428,34,0,34,42920C,Futuristic Falcons - The Best Bots,HOLY CROSS SCHOOL,Nebraska
4429,34,0,34,49651A,HKA-One,Howard Academy,Panama
4430,34,0,34,78231A,Jaguar Robotics Team A/ Cheetos Gang,JACKSON CREEK MIDDLE SCHOOL,Indiana - Region 3 - South
4431,34,0,34,50099A,Circuit Breakers,RB Hudson,Alabama
4432,34,0,34,10183B,Forklift Certified,Grace Lutheran School,Maryland
4433,34,0,34,49406D,UTG Kitsilano,Under the GUI Academy,British Columbia (BC)
4434,34,0,34,7236B,Robo Knights,Lake Middle School,Colorado
4435,34,0,34,55906C,Atascadero Middle School Robotics,Atascadero Middle School,California - South
4436,34,0,34,6443C,Mighty Microchips,"The Barn, A Non-profit youth organization",Connecticut
4437,34,0,34,72051C,SCA Red Team,ST CATHERINE OF ALEXANDRIA SCHOOL,California - South
4438,34,0,34,27623A,APG ROBOTICS,Ardscoil Phádraig,Ireland
4439,34,0,34,49917A,Roboboys,"Základní škola Valašské Meziříčí, Šafaříkova 726, okres Vsetín, příspěvková organizace",Czech Republic
4440,34,0,34,54958C,WolfPack Cybernetics,WOODLAND MIDDLE SCHOOL,Georgia
4441,34,0,34,4541G,Botastic 4,York Innovation Academy,Florida - North/Central
4442,34,0,34,45009A,Blossom Butterflies,Young Women's Leadership Academy,Texas - Region 1
4443,34,0,34,45009B,The Blazing Starz,YOUNG WOMEN'S LEADERSHIP ACADEMY,Texas - Region 1
4444,34,0,34,698A,The Frawgs,MARS HILL BIBLE SCHOOL,Alabama
4445,34,0,34,698B,The Crushers,MARS HILL BIBLE SCHOOL,Alabama
4446,34,0,34,93303E,Eastwood Eagles 5,EASTWOOD MIDDLE SCHOOL,Indiana - Region 2 - Central
4447,34,0,34,93303D,Eastwood Eagles 4,EASTWOOD MIDDLE SCHOOL,Indiana - Region 2 - Central
4448,34,0,34,31932B,HABS-Stellar,Haberdashers' Girls' school,United Kingdom
4449,34,0,34,79382B,Crown Prep Academy Astro Knights B,CROWN PREPARATORY ACADEMY,California - South
4450,34,0,34,1986T,Eagles T,Tianjin International School,North China
4451,34,0,34,2226G,September,Yantai Huasheng International School (LifePlus),Middle China
4452,34,0,34,370A,The Grogu Galaxy Destroyers,LEE MIDDLE SCHOOL,Michigan
4453,34,0,34,32148A,RAMpage Robotics,Robert H. Jenkins Elementary ,Florida - North/Central
4454,34,0,34,47287A,Floyd Glitches,FLOYD MIDDLE SCHOOL,Alabama
4455,34,0,34,95598A,Team Red Devils,LOWELL MIDDLE SCHOOL,Indiana - Region 1 - North
4456,34,0,34,9078B,Robo Risers,GRIFFITHS (GORDON) MIDDLE,California - South
4457,34,0,34,47287B,Floyd Original Panthers,FLOYD MIDDLE MAGNET SCHOOL,Alabama
4458,34,0,34,97409A,Mean Machine,GRAPE CREEK MIDDLE,Texas - Region 5
4459,34,0,34,23232W,W TEAM,DOVE SCIENCE ACADEMY MIDDLE SCHOOL,Oklahoma
4460,34,0,34,48433B,King Bob,ATTAWHEED FOUNDATION INCORPORATED,Pennsylvania - West
4461,34,0,34,76048B,Robotic Eels,GRANBURY MIDDLE,Texas - Region 5
4462,34,0,34,32688D,The Munchers,Theodore Roosevelt School,Arizona
4463,34,0,34,55308B,PHMS Team 2,PENDLETON HEIGHTS MIDDLE SCHOOL,Indiana - Region 2 - Central
4464,34,0,34,13037A,Robo Bears,Chittenango Middle School,New York-North
4465,34,0,34,60787A,Sparky,Comunidad Educativa LECS,Dominican Republic
4466,34,0,34,97050D,Team Drippy Chez,Yokota Middle School Robotics Club,Japan
4467,34,0,34,77806E,Garbage Can,BASIS AHWATUKEE,Arizona
4468,34,0,34,41843R,Milky Way Monkeys,NORTHWEST MIDDLE,South Carolina
4469,34,0,34,31853A,Selma MS - The Rocky Turtles,SELMA MIDDLE SCHOOL,Indiana - Region 1 - North
4470,34,0,34,78131B,Bears MS2,Madison Consolidated Junior High School,Indiana - Region 3 - South
4471,34,0,34,25574C,Echo Trail C,Echo Trail Middle School,Kentucky
4472,34,0,34,74023H,Titanium Tigers,CUSHING MIDDLE SCHOOL,Oklahoma
4473,34,0,34,151A,Dancing Monkeys,Algoma District School Board,Ontario
4474,34,0,34,10256H,Nuggets {[ Red ]},Klondike Middle School,Indiana - Region 1 - North
4475,34,0,34,24049E,Robotic Crushers,C C GRIFFIN MIDDLE,North Carolina
4476,34,0,34,1959A,TLS Colts,THE LEXINGTON SCHOOL,Kentucky
4477,34,0,34,412S,Pink Fluffy Unicorns,ENVIRONMENTAL CHARTER SCHOOL AT FRICK PA,Pennsylvania - West
4478,34,0,34,11263Y,Name Not Found,Sunset Middle School,Colorado
4479,34,0,34,18386J,Princeton Middle J,PRINCETON MIDDLE SCHOOL,West Virginia
4480,34,0,34,26575A,Hundred Hornets,Hundred Heritage School,West Virginia
4481,34,0,34,80190D,Robo Duckies,Jcib Middle School,Alabama
4482,34,0,34,153E,The Triple Gears,SPARTA MIDDLE SCHOOL,New Jersey
4483,34,0,34,67431F,The Fighting Irish,USD 473 Chapman Middle School,Kansas
4484,34,0,34,35000E,SP350E_Warsaw,SP nr 350 im. Armii Krajowej,Poland
4485,34,0,34,10726D,EXPLODING PINK FLUFFY UNICORNS,Wood River Middle School,Idaho
4486,34,0,34,53625E,Team E,Sioux Falls Lutheran School,South Dakota
4487,33,7,26,77414F,RoboFlashes F,Franklin Central Junior High,Indiana - Region 2 - Central
4488,33,6,27,73807J,The Nerd Herd,GERMANTOWN MIDDLE SCHOOL,Mississippi
4489,33,4,29,68364B,YY,HKTA The Yuen Yuen Institute No.3 Secondary School,Hong Kong
4490,33,2,31,71630C,RobOWLS,CONNER MIDDLE SCHOOL,Arkansas
4491,33,2,31,92276A,Maxima Power,Muğla Turgutreis Uğur Okulları,Türkiye
4492,33,2,31,86891A,Nimitz Magnet Master Minds,Chester W. Nimitz Middle School,California - South
4493,33,0,33,1977A,Westport RoboHawks,Westport Middle School,Kentucky
4494,33,0,33,10726H,Pickled Pickles,Wood River Middle School,Idaho
4495,33,0,33,100G,Power Puff Bots,Sacred Heart School of Saratoga,California - North
4496,33,0,33,50506D,To the Power of Rice,Glenunga International High School,Australia
4497,33,0,33,75570A,Tejas Hillbillies,NEW BOSTON MIDDLE,Texas - Region 2
4498,33,0,33,33416S,Mighty DUCCs,Upper Canada College,Ontario
4499,32,7,25,44880C,Tactical Meltdown,BLACK RIVER EDUCATION CENTER MIDDLE SCHOOL,Ohio
4500,32,7,25,77773G,Timothy Pinguins,MADISON MIDDLE SCHOOL,Mississippi
4501,32,7,25,77773E,The Core,MADISON MIDDLE SCHOOL,Mississippi
4502,32,7,25,45713B,Holtville B- Big Backers,HOLTVILLE MIDDLE SCHOOL,Alabama
4503,32,7,25,1012P,Ten Ton Robotics,West Vancouver Schools,British Columbia (BC)
4504,32,7,25,79437A,Fro-yo,NORTHWOOD MIDDLE,South Carolina
4505,32,6,26,85301F,The Citrus Fruits,The International School of Macao,Macau
4506,32,6,26,2820E,Tech Savy,Oyster River Middle School,New Hampshire/Vermont
4507,32,4,28,33133B,Robo Phönixe,Hartmanni-Gymnasium Eppingen,Germany
4508,32,4,28,21353B,Pinheads,Sussex Central Middle School,Delmarva
4509,32,4,28,90268A,Stags,Johannes-Scharrer-Realschule,Germany
4510,32,4,28,91361A,Code Club Dreiländereck A,Code Club Luxembourg asbl / Code Club Dreiländereck,Luxembourg
4511,32,2,30,79741A,Gig 'Ems,Jim Ned Middle School,Texas - Region 5
4512,32,2,30,6610V,V,Woodland Junior High School,Arkansas
4513,32,0,32,26134A,Green Light,Chiang Mai International School,Thailand
4514,32,0,32,36790Z,ZAŠOBOTI,"Základní škola Zašová, okr. Vsetín",Czech Republic
4515,32,2,30,75477E,B.E.E.P,St John's Grammar School,Australia
4516,32,2,30,5957A,İELEVTECH,İelev Okulları,Türkiye
4517,32,2,30,14113A,Clinton Eagles 1,WILLIAM JEFFERSON CLINTON MIDDLE,California - South
4518,32,2,30,87205B,Small Fries,Roland Park Elementary/middle School,Maryland
4519,32,2,30,76666G,WINDOWS MAKER'S,"Aula Maker, Vila-real",Spain
4520,32,0,32,99340F,Scholarbotics,SCHOLAR ACADEMY,Utah
4521,32,0,32,93642A,Emmi,IGS Emmelhausen,Germany
4522,32,0,32,37179B,Roboter Gehen Geschwindigkeit,THOMPSON'S STATION MIDDLE SCHOOL,Tennessee
4523,32,0,32,18159C,Last Robots on Earth,ELEANOR LEMAIRE JUNIOR HIGH SCHOOL,Nevada
4524,32,0,32,29597C,The Outcasts,Legacy Christian Academy,Texas - Region 5
4525,32,0,32,98166A,Jupiter,International School of the Sacred Heart,Japan
4526,32,0,32,6151A,Hawkins - C0d3 d3$+r0y3r$,Hawkins Middle School,Tennessee
4527,32,0,32,5439B,Viking Tech B,JASPER JUNIOR HIGH SCHOOL,Alabama
4528,32,0,32,68749C,Ready Rangers,Northwest Middle School,Tennessee
4529,32,0,32,76956A,Phoenix A,"RIS - Ruamrudee, Minburi",Thailand
4530,32,0,32,46729D,TigerBots,In Math & Science Academy,Indiana - Region 2 - Central
4531,32,0,32,56927D,The Crispy Nuggets,LAKER MIDDLE SCHOOL,Michigan
4532,32,0,32,29651B,Bad Banded Beavers,BLUE RIDGE MIDDLE,South Carolina
4533,32,0,32,42740A,Dutchtown Robotics,DUTCHTOWN MIDDLE SCHOOL,Georgia
4534,32,0,32,99755A,GAP,MARGOLIN HEBREW ACADEMY,Tennessee
4535,32,0,32,75755A,AGMS1,AGMS,Pennsylvania - East
4536,32,0,32,67113C,Square Case,PRAIRILAND J H,Texas - Region 2
4537,32,0,32,644X,ICJ1,Iowa Colony Junior High,Texas - Region 3
4538,32,0,32,94915H,Bing Chilling,Wuhan Yangtze International School,Middle China
4539,32,0,32,26180R,Golden Ratio 3DP,Golden Ratio VEXCA,Ontario
4540,32,0,32,55712A,Colt Squadron,Lawrence & Heidi Canarelli Middle School,Nevada
4541,32,0,32,10999E,Ashford Wolfbots,ASHFORD SCHOOL,Connecticut
4542,32,0,32,33054C,33054C,SPRINGFIELD INTERMEDIATE MIDDLE SCHOOL,Ohio
4543,32,0,32,93801C,Chargers - Team C,CHARLES MIDDLE,Texas - Region 1
4544,32,0,32,17151J,ROBOcods,KENNETH T BEAGLE  MIDDLE SCHOOL,Michigan
4545,32,0,32,11586B,Electro Bots,HANCOCK MIDDLE SCHOOL,Mississippi
4546,32,0,32,361A,Rudd,RUDD MIDDLE SCHOOL,Alabama
4547,32,0,32,39458D,Hot Wheels,Barron Area School District,Wisconsin
4548,32,0,32,79731G,CCET VORTEX,Center For Child Evaluation and teaching,Kuwait
4549,32,0,32,4825F,The Emeralds,ROYAL LIVE OAKS ACADEMY FOR THE ARTS AND SCIENCES CHARTER,South Carolina
4550,32,0,32,55883D,Optimus Prime,GOLD HILL MIDDLE,South Carolina
4551,32,0,32,90418V,VEXtronauts,Horizon Jr High,Utah
4552,32,0,32,375F,375F,ROBERT F BUMPUS MIDDLE SCHOOL,Alabama
4553,32,0,32,18821B,CougarTrons,Jackson Central Merry Middle School ,Tennessee
4554,32,0,32,60355C,Quantum Throttle Toaster Oven Squad,Mid-South Gifted Academy,Tennessee
4555,32,0,32,77182V,CIRCUIT SISTERS ,Oak Hall School,Florida - North/Central
4556,32,0,32,45939B,Baron Bot B,DEKALB MIDDLE SCHOOL,Indiana - Region 1 - North
4557,31,29,2,3060S,SolarBots,SOLAR PREPARATORY SCHOOL FOR GIRLS AT BONHAM,Texas - Region 2
4558,31,22,9,99541C,Wylie West Purple C,Wylie West Junior High School,Texas - Region 5
4559,31,13,18,59091A,Bralvoo2030,ROCKY MOUNTAIN DEAF SCHOOL,Colorado
4560,31,11,20,99340C,AAA,SCHOLAR ACADEMY,Utah
4561,31,9,22,44117D,Wildcats D Team: Nuclear Powered Chaos,SAN ANTONIO ACADEMY OF TEXAS,Texas - Region 4
4562,31,7,24,33300A,Mustang Mischiefs,Minneola Charter School,Florida - North/Central
4563,31,7,24,13765D,MTS_GREAT_VEXPECTATIONS,Merchant Taylors' School,United Kingdom
4564,31,7,24,72250D,Metal Manipulators,BUSH MIDDLE,Texas - Region 5
4565,31,7,24,63714H,Ingenium Lions,Wellington College International Shanghai,East China
4566,31,7,24,7280C,Explosive Kittens,Anderson County Library VEX Robotics,South Carolina
4567,31,7,24,33445B,DVA Robotics,Dove Virtual Academy,Oklahoma
4568,31,6,25,36608E,Artemis,FAITH ACADEMY,Alabama
4569,31,0,31,77773W,The Pacific Rim,MADISON MIDDLE SCHOOL,Mississippi
4570,31,4,27,52815D,Team Lightning,UNION 6TH-7TH GRADE CTR,Oklahoma
4571,31,2,29,14001B,Sofishticated Members of Society,Weis Elementary,Texas - Region 3
4572,31,2,29,52815B,RoboTitans,UNION 6TH-7TH GRADE CTR,Oklahoma
4573,31,0,31,98888A,智学机器人A队,Cao Wei,North China
4574,31,0,31,4557A,4557A,Mountain Creek State High School,Australia
4575,31,0,31,30040A,VCMS Robotics A,Vickery Creek Middle School,Georgia
4576,31,0,31,1043E,Haileybury Interstellar,Haileybury School,United Kingdom
4577,31,0,31,84995A,GSOSII,roboMINT e.V.,Germany
4578,31,0,31,70325C,Team Mbarete,Telecentros Tigo,Paraguay
4579,31,0,31,77182X,GAMMA RAY,Oak Hall School,Florida - North/Central
4580,31,0,31,77182C,The Zappy Goats,Oak Hall School,Florida - North/Central
4581,31,0,31,61018T,M-Code,Malesus STEM Innovation Center,Tennessee
4582,31,0,31,24250V,VEX Vikings Team Viking,BRENTWOOD MIDDLE SCHOOL,Tennessee
4583,31,0,31,37713A,Bear Valians,Bear Valley Middle School,Colorado
4584,31,0,31,71909C,ASK Robots,American School of Kuwait,Kuwait
4585,31,0,31,17754S,Dragon Defenders,Niles Middle School,Ohio
4586,31,0,31,17621B,Robo Gators B,ORCHARD ACADEMIES 2C,California - South
4587,31,0,31,29684B,A3 Bots,STARR-IVA MIDDLE,South Carolina
4588,31,0,31,5527G,Reaping Robots,FLINT CULTURAL CENTER ACADEMY,Michigan
4589,31,0,31,10256G,Nuggets {[ Green ]},Klondike Middle School,Indiana - Region 1 - North
4590,31,0,31,11914T,T-BOT ,TRITON CENTRAL MIDDLE SCHOOL,Indiana - Region 2 - Central
4591,31,0,31,36636H,USBC Chargers-H,FISHERS JUNIOR HIGH SCHOOL,Indiana - Region 2 - Central
4592,31,0,31,10462C,Northview Falcons C,Northview Middle School,Indiana - Region 2 - Central
4593,30,10,20,2309D,Year 7 Boys Team,Whickham School,United Kingdom
4594,30,9,21,16117A,Powerful Programming  Panthers,RIVERSIDE MIDDLE SCHOOL,Pennsylvania - West
4595,30,7,23,61002B,Pineapple,Ellensburg Robotics Club,Washington
4596,30,0,30,78802D,Baddies,Ubly Community Elementary School,Michigan
4597,30,0,30,30040C,VCMS Robotics C,Vickery Creek Middle School,Georgia
4598,30,6,24,51212D,The Rugrats,FARLEY MIDDLE,Texas - Region 4
4599,30,0,30,91710B,SMMS Robotics 91710,St. Margeret Mary School,California - South
4600,30,2,28,10515Z,RoboWolves,J WILLIAM FULBRIGHT JUNIOR HIGH SCHOOL,Arkansas
4601,30,0,30,1069M,Combustion Imminent,Berthoud Robotics,Colorado
4602,30,2,28,1408N,Nanobot,King Henry VIII School,United Kingdom
4603,30,0,30,44117C,Wildcats C Team: Giggle-Bytes,SAN ANTONIO ACADEMY OF TEXAS,Texas - Region 4
4604,30,2,28,2781A,War Eagle A,PUTNAM COUNTY MIDDLE SCHOOL,Georgia
4605,30,0,30,2076H,GooseMania,Knox Grammar School,Australia
4606,30,2,28,43767D,Claw Commanders,SEDALIA MIDDLE SCHOOL,Missouri
4607,30,2,28,43767H,ROAR Tech Crew,SEDALIA MIDDLE SCHOOL,Missouri
4608,30,0,30,1012X,Ten Ton Robotics,West Vancouver Schools,British Columbia (BC)
4609,30,2,28,77893M,McCallie Robotics 6th Grade,McCallie School,Tennessee
4610,30,2,28,82090A,SEZMECH,Özel Sezin Okulu Ltd. Şti,Türkiye
4611,30,2,28,3603C,Greater ABQ Robotics,Greater Albuquerque NSBE Jr,New Mexico
4612,30,0,30,29202A,Wired West Robotics Sheriffs,Wired West Robotics,West Virginia
4613,30,0,30,87170C,67 Tributes,Porter Traditional School,Virginia
4614,30,0,30,84P,ICEwave,TIMBERLINE MIDDLE SCHOOL,Washington
4615,30,0,30,67282B,Patana Mid #2,Bangkok Patana School,Thailand
4616,30,0,30,836G,RoboBees G,growingSTEMS,Maryland
4617,30,0,30,9025B,The Cheesy Champions,DORAL ACADEMY CACTUS,Nevada
4618,30,0,30,17621C,Robo Gators C,ORCHARD ACADEMIES 2C,California - South
4619,30,0,30,37296A,Nobel Nighthawks,Alfred B. Nobel Charter Middle School,California - South
4620,30,0,30,8018V,Bulldogs,Johnston Stem Academy,Nevada
4621,30,0,30,77414A,RoboFlashes A,Franklin Central Junior High,Indiana - Region 2 - Central
4622,30,0,30,52815C,Team Crimson,UNION 6TH-7TH GRADE CTR,Oklahoma
4623,30,0,30,12905C,Code Crashers,Salisbury East High School,Australia
4624,30,0,30,2340E,Pigcasso,FMAHS,Australia
4625,30,0,30,51608E,Precision Panthers,POPE SCHOOL,Tennessee
4626,30,0,30,42277M,Varsity Vikings A,Education Queensland,Australia
4627,30,0,30,8395C,//Caution Tape//,Caution Tape Toronto ////,Ontario
4628,30,0,30,58196A,DJHS A,DAUPHIN JUNIOR HIGH SCHOOL,Alabama
4629,30,0,30,51046G,UTG North,UNDER THE GUI,British Columbia (BC)
4630,30,0,30,31893G,Godley Stallion 1,GODLEY STATION SCHOOL,Georgia
4631,30,0,30,31269X,Arisonic,Camberwell Grammar School,Australia
4632,30,0,30,15153Y,Elements of Mangos,TRINITY HEIGHTS GIFTED AND TALENTED SCHOOL,Texas - Region 2
4633,30,0,30,31614G,Capybara Kings,MAURINE CAIN MIDDLE,Texas - Region 2
4634,30,0,30,6263A,Mission Voyager,Boys and Girls Club of the Fox Valley,Wisconsin
4635,30,0,30,65198A,The Sparks,Jim Ned Intermediate School,Texas - Region 5
4636,30,0,30,37174F,Mustangs,SPRING STATION MIDDLE SCHOOL,Tennessee
4637,30,0,30,4702C,Duck Masters,WHITE PLAINS MIDDLE SCHOOL,Alabama
4638,30,0,30,89227C,Tin Skin Titans,GREENFIELD CENTRAL JUNIOR HIGH SCH,Indiana - Region 2 - Central
4639,30,0,30,66740A,Código GuerreroX,Telesecundaria Vicente Guerrero,Mexico
4640,30,0,30,66388A,RoboBros,Robot Warrior,California - North
4641,30,0,30,8262A,Alpha Warriors,Wahluke Junior High School,Washington
4642,30,0,30,37174E,Mustangs,SPRING STATION MIDDLE SCHOOL,Tennessee
4643,30,0,30,15147B,Redeemer Robotic Rams,Redeemer Lutheran School,Pennsylvania - West
4644,30,0,30,99644S,HSE-Katy Middle High,Harmony schools of Excellence Katy,Texas - Region 3
4645,30,0,30,75501A,Mad Mallards,TEXAS MIDDLE,Texas - Region 2
4646,30,0,30,16016B,TANG KING PO,Tang King Po School,Hong Kong
4647,30,0,30,39458E,Robuds,Barron Area School District,Wisconsin
4648,30,0,30,19979B,Basis International School Wuhan,Basis International School Wuhan,Middle China
4649,30,0,30,2226A,Summer,Yantai Huasheng International School (LifePlus),Middle China
4650,30,0,30,6046C,The Ancient Innovators - LOPEZ MIDDLE SCHOOL,LOPEZ MIDDLE SCHOOL,Texas - Region 4
4651,30,0,30,73924A,Falconators,West Miami Middle School,Florida - South
4652,30,0,30,46860Z,CJHS Z,COPPINVILLE JR HIGH SCHOOL,Alabama
4653,30,0,30,1511J,Grinding Gears,EASTMARK HIGH SCHOOL,Arizona
4654,30,0,30,66544A,RoboEagles,MOORESVILLE CHRISTIAN ACADEMY,Indiana - Region 2 - Central
4655,30,0,30,9942A,Rookie Robotics,Colaiste Choilm,Ireland
4656,30,0,30,58660C,SGA Orca C,Shenzhen Foreign Languages GBA Academy,South China
4657,30,0,30,46137C,JHS Jr high C,Jasper High School,Arkansas
4658,30,0,30,6046F,LOPEZ MIDDLE SCHOOL,LOPEZ MIDDLE SCHOOL,Texas - Region 4
4659,30,0,30,33416R,Mighty DUCCs,Upper Canada College,Ontario
4660,30,0,30,67123A,The Tech Titans,Andy Clark,Indiana - Region 3 - South
4661,30,0,30,99483B,Robot Riot dos,OUR LADY OF CONSOLATION SCHOOL,Michigan
4662,30,0,30,65325B,St. Clare Disciples (B),St. Clare Catholic School,Wisconsin
4663,30,0,30,15127C,NJMS Team C,North Jefferson Middle School,Alabama
4664,30,0,30,53475Y,sponge,YCIS PD,East China
4665,30,0,30,58508Z,RoboCops,Blair-taylor Middle/high School,Wisconsin
4666,30,0,30,38206B,M-FORCE,UNIDAD EDUCATIVA MIRAFLORES,Ecuador
4667,30,0,30,61002A,Buzzy Botz,Ellensburg Robotics Club,Washington
4668,30,0,30,91786V,Vikings,ST JOSEPH SCHOOL,California - South
4669,30,0,30,55906B,Atascadero Middle School Robotics,Atascadero Middle School,California - South
4670,30,0,30,93801B,Chargers - Team B,CHARLES MIDDLE,Texas - Region 1
4671,30,0,30,60694A,Above Reproach Warriors,Above Reproach Academy,Florida - North/Central
4672,30,0,30,77773T,The Arcatechs,MADISON MIDDLE SCHOOL,Mississippi
4673,30,0,30,48336B,CAW Knights 2025B,CATHOLIC STREAM ACADEMY OF WATERBURY,Connecticut
4674,30,0,30,64519D,OLMC Team 4,OUR LADY OF MOUNT CARMEL SCHOOL,Connecticut
4675,30,0,30,3423Z,Parkland Novibots,PARKLAND MIDDLE,Texas - Region 1
4676,30,0,30,6723A,Spark Dynamics,Eco-paper Machinery,Indiana - Region 2 - Central
4677,30,0,30,7351B,Drift 2,RICHARD HENRY DANA MIDDLE,California - South
4678,30,0,30,56489S,Viking Droids,South Gate Middle School,California - South
4679,30,0,30,71843D,Hendricks Robotics D,HENDRICKS MIDDLE SCHOOL,Georgia
4680,30,0,30,48420A,Clio Robotics,CLIO MIDDLE SCHOOL,Michigan
4681,30,0,30,68749D,Rangeritos,Northwest Middle School,Tennessee
4682,30,0,30,33770A,Vexbots,COLD SPRINGS ELEMENTARY SCHOOL,Alabama
4683,30,0,30,87602A,Long Robobucs,J L Long Middle School,Texas - Region 2
4684,30,0,30,5527B,Robo Queens,FLINT CULTURAL CENTER ACADEMY,Michigan
4685,30,0,30,36636F,USBC Chargers-F,FISHERS JUNIOR HIGH SCHOOL,Indiana - Region 2 - Central
4686,30,0,30,45908D,Hyper Lynx,LINDALE MIDDLE,Maryland
4687,30,0,30,375C,375C,ROBERT F BUMPUS MIDDLE SCHOOL,Alabama
4688,30,0,30,10740E,The Four Mad Scientists,OAK MOUNTAIN MIDDLE SCHOOL,Alabama
4689,30,0,30,53162A,Winger Whippets,Win-E-Mac Secondary,Minnesota
4690,30,0,30,53162D,McIntosh-Winger Scots,Win-e-mac Secondary,Minnesota
4691,30,0,30,13037B,Robo Bears,Chittenango Middle School,New York-North
4692,30,0,30,38244A,Hillside Bluejays,HILLSIDE ELEMENTARY SCHOOL SCHOOL,Illinois
4693,30,0,30,90011R,90011R,Los Angeles Academy MS,California - South
4694,30,0,30,57408A,Cyber Eagles,FRANCES S. TUCKER K-8,Florida - South
4695,30,0,30,95112C,The 67 ERS,ROCKY MOUNTAIN PUBLIC SCHOOL,Oklahoma
4696,30,0,30,6210W,HCS: Wolves,HERITAGE CHRISTIAN SCHOOL,Indiana - Region 2 - Central
4697,30,0,30,1415D,Cyber Hydras,SHEPHERDSTOWN MIDDLE SCHOOL,West Virginia
4698,30,0,30,93518B,Hawkbot 2,Skyline Middle School,Virginia
4699,30,0,30,46052E,Tigers Robotics,Lebanon Middle School,Indiana - Region 2 - Central
4700,30,0,30,53647B,Buccaneer Bots,Anderson Intermediate School,Indiana - Region 1 - North
4701,30,0,30,11485A,SS TEAM,Gimnasio Campestre San Sebastián,Colombia
4702,30,0,30,11588B,BC A,BRIARCLIFF MIDDLE SCHOOL,New Jersey
4703,30,0,30,18159D,Honoring Murphy,ELEANOR LEMAIRE JUNIOR HIGH SCHOOL,Nevada
4704,30,0,30,97995A,Team A,TWIN PEAKS Classical ACADEMY,Colorado
4705,30,0,30,31935C,Clark Middle School,GEORGE ROGERS CLARK SCHOOL,Indiana - Region 3 - South
4706,30,0,30,1876X,Quakers,FRIENDS ACADEMY,New York-South
4707,30,0,30,55484A,Tasby Griffins,Sam Tasby Middle School,Texas - Region 2
4708,29,10,19,9821G,Short Circut,CENTRAL MIDDLE,Minnesota
4709,29,7,22,70909S,CLBSS,CLBSS,Hong Kong
4710,29,4,25,51212E,The Olafs,FARLEY MIDDLE,Texas - Region 4
4711,29,4,25,10719B,VEXIQ YJR M2,Young Jae  academy,South Korea
4712,29,6,23,363B,We're Figuring It Out 363B,R4 Creating,New Mexico
4713,29,4,25,66581R,R Sharp (#),Rangi Ruru Girls' School ,New Zealand
4714,29,4,25,39224A,V Squared,The Valleys Senior PS,Ontario
4715,29,4,25,32641B,Nerd Nation's - Dora the Explorer was a Clanker,NORWALK MIDDLE SCHOOL,Ohio
4716,29,2,27,9936B,Donald Duck,Ramay Junior High School,Arkansas
4717,29,0,29,1012C,Ten Ton Robotics,West Vancouver Schools,British Columbia (BC)
4718,29,0,29,67719C,CyberSpartans,ST EDWARD CATHOLIC SCHOOL,California - North
4719,29,0,29,12223Y,The Procrasinators,Pembroke School,Australia
4720,29,0,29,54345A,SIS Maid Bot,Seoul International School,South Korea
4721,29,0,29,95116A,创世纪一队,"Beijing Chen Jinglun Middle School, Donghuwan Campus",North China
4722,29,0,29,14510C,Future Shock III,Mingdao high school,Chinese Taipei
4723,29,0,29,99261P,Cullie bots,Cullinane College,New Zealand
4724,29,0,29,1466E,Next Level Kidz »» Robot Raiders,Next Level Kidz Inc.,South Carolina
4725,29,0,29,75570B,The Escapees,NEW BOSTON MIDDLE,Texas - Region 2
4726,29,0,29,19979A,Basis International School Wuhan,Basis International School Wuhan,Middle China
4727,29,0,29,8135E,Grizzly Gears,PINEY GROVE MIDDLE SCHOOL,Georgia
4728,29,0,29,99266M,Quantum Crew,Westlake Lutheran Academy,Texas - Region 3
4729,29,0,29,85070D,The Eager Engineers,Hangzhou International School,East China
4730,29,0,29,8600D,Toaster Supreme - 8600D,HERITAGE SCHOOL,Michigan
4731,29,0,29,1270E,The Cool People,Wenatchee Valley Museum,Washington
4732,29,0,29,21515B,Fleming Falcons,ALEXANDER FLEMING MIDDLE,California - South
4733,29,0,29,22440A,Ford Robotics - Doomsday Dynamics,W E PETE FORD MIDDLE,Texas - Region 5
4734,29,0,29,87654A,Fallstaff Falcons,FALLSTAFF MIDDLE,Maryland
4735,29,0,29,33323A,BBS IQ 1,Bahrain Bayan School,Bahrain
4736,29,0,29,58303C,Fighter's,VALLEY MIDDLE SCHOOL,North Dakota
4737,28,9,19,4140X,Blue Lightning Dragons,St. Paul's Lutheran School,Wisconsin
4738,28,7,21,1021K,Ten Ton Robotics,West Vancouver Schools,British Columbia (BC)
4739,28,7,21,36803A,Guac and Microchips,SETA @ Krueger Middle School,Texas - Region 4
4740,28,7,21,3465A,St. Columba's Metatangs,St. Columba's Episcopal Church,Washington
4741,28,7,21,69582B,Eagles,BRADFORD SCHOOL DISTRICT,Arkansas
4742,28,7,21,15281W,WOLFBOTS: 8th Grade,WILLIAMSBURG MIDDLE SCHOOL,Virginia
4743,28,6,22,97058E,All Stars,Wasco County 4-H & The Dalles Middle School,Oregon
4744,28,6,22,71186A,Blazing Bulldogs,Wylie East Junior High School,Texas - Region 1
4745,28,4,24,96720E,Kāhuli,KA UMEKE KAEO - PCS,Hawaii
4746,28,4,24,51212A,BBLKK,FARLEY MIDDLE,Texas - Region 4
4747,28,4,24,86832E,ISB Dragons E,INTERNATIONAL SCHOOL OF BEIJING,North China
4748,28,2,26,38352C,Swampy Bots,SOUTHERN MIDDLE SCHOOL,Kentucky
4749,28,2,26,81424A,Milky Way,Gus Almquist Middle School,Texas - Region 4
4750,28,0,28,85484D,C1rcu1t Br3ak3r$,OUR LADY OF SORROWS CATHOLIC SCHOOL,Alabama
4751,28,2,26,97073G,The Silly Einstein's,CEREDO-KENOVA MIDDLE SCHOOL,West Virginia
4752,28,0,28,51186B,The Bob Army,St. Monica Catholic School,Indiana - Region 2 - Central
4753,28,2,26,23369A,"St Josephs CBS Secondary School, Nenagh",St Josephs CBS Secondary School Nenagh,Ireland
4754,28,0,28,75921B,Champions,Hampton Park Christian School,South Carolina
4755,28,0,28,38673P,Lord of the Robots,"Canyon Hills Middle School, CCTE/STEAM Pumas",Texas - Region 1
4756,28,2,26,67544G,Chicken Nuggets,Hoisington Middle School,Kansas
4757,28,0,28,18223B,KunstRobotB,KUNST (TOMMIE) JUNIOR HIGH,California - South
4758,28,0,28,3432E,[Co.R.E.] - E!,Sandy Creek Middle School,New York-North
4759,28,0,28,87424A,Mannion Mecha Mustangs,MANNION  JACK & TERRY MIDDLE SCHOOL,Nevada
4760,28,0,28,17870B,Chaos,BATESBURG-LEESVILLE MIDDLE SCHOOL,South Carolina
4761,28,0,28,71403B,Anacoco Maximum Overdrive ,ANACOCO ELEMENTARY SCHOOL,Louisiana
4762,28,0,28,19660B,Zain Team,KNRC,Kuwait
4763,28,0,28,91049A,Saintly Robotics A,HUNTINGTON CATHOLIC SCHOOL,Indiana - Region 1 - North
4764,28,0,28,1872X,QPCA - The Ladies & The Lazies,QUEEN OF PEACE CATHOLIC ACADEMY,Florida - North/Central
4765,28,0,28,52191B,The Bookworms,Edgewood Junior High School,Indiana - Region 3 - South
4766,28,0,28,17151E,PUZZL38OTS,KENNETH T BEAGLE  MIDDLE SCHOOL,Michigan
4767,28,0,28,21415D,The DJ's,SOUTH OGDEN JR HIGH,Utah
4768,28,0,28,1955J,King Bob,DEEP CREEK MIDDLE,Virginia
4769,28,0,28,3299A,Sun Power,Sun Power,Hong Kong
4770,28,0,28,61122P,The Pack,High Point Academy,South Carolina
4771,28,0,28,73493A,South Routt Middle School,South Routt School District,Colorado
4772,28,0,28,2927A,Froki,Generation Tech SL (Technomatic Academy),Spain
4773,28,0,28,3208C,Builders Inc.,THE SCHOOL OF ARTS AND SCIENCE ON THOMASVILLE,Florida - North/Central
4774,28,0,28,466B,Purple Monkey Dishwasher,Public Library,Australia
4775,28,0,28,2900J,SymbiOHSis,Onehunga High School,New Zealand
4776,28,0,28,2076B,I forgot their name,Knox Grammar School,Australia
4777,28,0,28,14524B,乐智东湖II队,保定市高新区乐哲伟科技培训学校,North China
4778,28,0,28,14524A,乐智东湖1队,保定市高新区乐哲伟科技培训学校有限公司,North China
4779,28,0,28,95765A,MECS 7s,Mount Evelyn Christian School,Australia
4780,28,0,28,7650Y,Tiger TECH Ewa Makai,EWA MAKAI MIDDLE SCHOOL,Hawaii
4781,28,0,28,71317C,ctrl+alt+elite,Alabama School of Fine Arts,Alabama
4782,28,0,28,23098C,Cyber Tigers,WEST MIDDLE,Tennessee
4783,28,0,28,3708T,Next Gen Innovators,Victoria Shanghai Academy,Hong Kong
4784,28,0,28,88310B,Masterminds,HILTON HEAD CHRISTIAN ACADEMY,South Carolina
4785,28,0,28,3547M,VIRUS: KAOS,Technolgy First,Michigan
4786,28,0,28,33777B,GSA B,Green Street Academy,Maryland
4787,28,0,28,5180F,f,RIVERWATCH MIDDLE SCHOOL,Georgia
4788,28,0,28,647W,Bot Camp W,Bot Camp,Ontario
4789,28,0,28,14510B,Future Shock II,Mingdao high school,Chinese Taipei
4790,28,0,28,29442A,Young Warriors,West Oak Middle School,South Carolina
4791,28,0,28,40700B,Wildcats Hardware Hackers,WOODMONT MIDDLE,South Carolina
4792,28,0,28,5439E,Viking Tech - E,JASPER JUNIOR HIGH SCHOOL,Alabama
4793,28,0,28,76873A,YellowJackets1,GREER MIDDLE SCHOOL,South Carolina
4794,28,0,28,31097E,Mighty Bananas,DRAKE JUNIOR HIGH SCHOOL,Colorado
4795,28,0,28,1800C,HTS Hawks,Holy Trinity School,Ontario
4796,28,0,28,27549A,The Bolt Beaters,DON JUAN AVILA MIDDLE,California - South
4797,28,0,28,24058K,VEX_MP2,Trường THCS Mai Pha,Vietnam
4798,28,0,28,952K,Ridgely Robotics,Ridgely Middle School,Maryland
4799,28,0,28,642A,Wolves Robotics,Academia Wolves,Mexico
4800,28,0,28,83349C,ByteBusters,"ZŠ Tábor, Zborovská 2696",Czech Republic
4801,28,0,28,19991D,N.O.,Harvest Intermediate School,Wisconsin
4802,28,0,28,3685A,SCAAM,Uplands Robotics,California - North
4803,28,0,28,32630H,Cookie Monsters,ELKHORN VALLEY VIEW MIDDLE SCHOOL,Nebraska
4804,28,0,28,704A,Kill Switch Commanders,Jo Mackey iLead Academy for the Digital Sciences,Nevada
4805,28,0,28,37540B,Team A,The Pinnacle Charter School,Colorado
4806,28,0,28,66544B,GearGremlins,MOORESVILLE CHRISTIAN ACADEMY,Indiana - Region 2 - Central
4807,28,0,28,25368A,Bruin Bots,WESTERN BRANCH MIDDLE,Virginia
4808,28,0,28,4766B,Ohm My Glowbots!,DUCHESNE ACADEMY OF THE SACRED HEART,Texas - Region 3
4809,28,0,28,1359A,Anti-Clanker Clanker Club,Henry J. Mclaughlin Middle School,New Hampshire/Vermont
4810,28,0,28,3142B,Titanz,Northwood School,New Hampshire/Vermont
4811,28,0,28,44686A,Electrolytes,Electrolytes,California - North
4812,28,0,28,45009F,The 4MULA,YOUNG WOMEN'S LEADERSHIP ACADEMY,Texas - Region 1
4813,28,0,28,80781A,Cougar Crew,KATHERINE H HANKINS MIDDLE SCHOOL,Alabama
4814,28,0,28,1986X,Eagles X,Tianjin International School,North China
4815,28,0,28,53995B,Team B,Canadian International School of Hefei,Middle China
4816,28,0,28,69897A,Fred,BARRINGTON MIDDLE SCHOOL,Florida - North/Central
4817,28,0,28,32641G,Nerd Nation's  - The Mega-Bytes,NORWALK MIDDLE SCHOOL,Ohio
4818,28,0,28,82017B,Clampless,LAKESIDE JUNIOR HIGH SCHOOL,Arkansas
4819,28,0,28,31458C,Robotqueens,EVERGLADES K-8 CENTER,Florida - South
4820,28,0,28,19994A,Dinosaurs,SOUTH MIDDLE SCHOOL,North Dakota
4821,28,0,28,56019E,Flames of Fury,SHOALS CHRISTIAN SCHOOL,Alabama
4822,28,0,28,17139E,Penpals,SOUTH WASCO MIDDLE SCHOOL,Oregon
4823,28,0,28,82419D,Overdrive Robotics,Beyond Code Academy,Thailand
4824,28,0,28,14465D,The Huey Howler Monkeys,EMORY H MARKLE MIDDLE SCHOOL,Pennsylvania - East
4825,28,0,28,83988A,STEMBLOCK - Fredericton,STEMBLCOK,New Brunswick/Nova Scotia/Prince Edward Island
4826,28,0,28,61312D,Cryptic Critters,GEORGE B DEALEY MONTESSORI ACADEMY,Texas - Region 2
4827,28,0,28,639E,Ithaca E,Ithaca City School District,New York-North
4828,28,0,28,95233B,Sigma Builders,LEXINGTON JUNIOR HIGH SCHOOL,Ohio
4829,28,0,28,8321Z,HAAL Industries,Pope Saint John Paul II Preparatory School,Tennessee
4830,28,0,28,1916B,Battle Cats,Hutto Middle School,Texas - Region 4
4831,28,0,28,6852H,DuckTales,Harmony School of Endeavor,Texas - Region 4
4832,28,0,28,46445B,Muhammad Ali,LJHS Robotics Team,Arkansas
4833,28,0,28,56565E,FoxBots,Caddo Mills Middle School,Texas - Region 2
4834,28,0,28,37174G,Mustangs,SPRING STATION MIDDLE SCHOOL,Tennessee
4835,28,0,28,3847C,The Minions ,ESPARTO MIDDLE,California - North
4836,28,0,28,15127B,NJMS Robotics Team B,North Jefferson Middle School,Alabama
4837,28,0,28,36104A,Newgen Robotics,BALDWIN ART AND ACADEMICS MAGNET,Alabama
4838,28,0,28,41619D,Panther Cubs 4,Dulwich College Shanghai Pudong,East China
4839,28,0,28,952B,Ridgely Robotics,Ridgely Middle School,Maryland
4840,28,0,28,49982F,Mustang Robotics,BLUFFTON MIDDLE,South Carolina
4841,28,0,28,14144A,Unibots Team A,VINELAND K-8 CENTER,Florida - South
4842,28,0,28,48010C,pop!,NORTH LAKE MIDDLE SCHOOL,Washington
4843,28,0,28,23386A,Team B,EL SOL SANTA ANA SCIENCE AND ARTS ACADEMY,California - South
4844,28,0,28,38402A,The Electric Engineers,FOREST HILL JUNIOR HIGH SCHOOL,Louisiana
4845,28,0,28,66366H,Voyger 1,MARTINEZ MIDDLE SCHOOL,Florida - North/Central
4846,28,0,28,14012G,Vexperts,PINECREST LAKES ACADEMY,Florida - North/Central
4847,28,0,28,17401G,PCS Blue Bobcats ,Presbyterian Christian School,Mississippi
4848,28,0,28,23808C,Botty Joe Hill,BOBBY JOE HILL PK-8,Texas - Region 1
4849,28,0,28,28914B,Eastwood 7.8, Eastwood Middle School,Alabama
4850,28,0,28,94600D,Knights,St Mary's School,Connecticut
4851,28,0,28,5017B,Gators B,GREENWICH ACADEMY,Connecticut
4852,28,0,28,64777E,SCS-Red Pandas,St Clement's School,Ontario
4853,28,0,28,91111S,The Secret Snake Club,Southside Middle School,Indiana - Region 1 - North
4854,28,0,28,1227C,Circuit Surfers,BOLTON CENTER SCHOOL,Connecticut
4855,28,0,28,8056X,Eggvan,Ralston Middle School,California - North
4856,28,0,28,64287C,OIA Upper,Oakland International Academy Upper School,Michigan
4857,28,0,28,329D,RQ - Dibba Al Hisn 2,RQ Science & Technology - Khorfakkan,United Arab Emirates
4858,28,0,28,37187M,Vortex team,Moudi alfaris school,Kuwait
4859,28,0,28,39694D,ACA HG2 Panthers,aca.edu.kw,Kuwait
4860,28,0,28,39694C,ACA HG Panthers,American Creativity Academy Hawally Girls ,Kuwait
4861,28,0,28,37423C,MechaPandas,OLIVE VISTA STEAM MAGNET,California - South
4862,28,0,28,88690A,Crawfordsville Gold,CRAWFORDSVILLE MIDDLE SCHOOL,Indiana - Region 2 - Central
4863,28,0,28,375E,375E,ROBERT F BUMPUS MIDDLE SCHOOL,Alabama
4864,28,0,28,17801Z,Cowboyz,GARDEN LAKES ELEMENTARY SCHOOL,Arizona
4865,28,0,28,62938A,Batteries Not Included,WES-DEL MIDDLE/SENIOR HIGH SCHOOL,Indiana - Region 1 - North
4866,28,0,28,370B,The Tech Titans,LEE MIDDLE SCHOOL,Michigan
4867,28,0,28,375B,375B,ROBERT F BUMPUS MIDDLE SCHOOL,Alabama
4868,28,0,28,56467J,Untitled,HANKS MIDDLE,Texas - Region 1
4869,28,0,28,36117B,COMPUTER TITANS,CARR MIDDLE SCHOOL,Alabama
4870,28,0,28,84299B,Ernest Just Robotics Team B,ERNEST EVERETT JUST MIDDLE,Maryland
4871,28,0,28,1544A,Heights 1,Heights Elementary ,Washington
4872,28,0,28,2262C,LMS Robotics C,Lincoln Middle School,Washington
4873,28,0,28,2262B,LMS Robotics B,Lincoln Middle School,Washington
4874,28,0,28,1544C,Heights 3,Heights Elementary ,Washington
4875,28,0,28,1544B,Heights 2,Heights Elementary ,Washington
4876,28,0,28,16181A,Black Kites One,Renaissance College Hong Kong,Hong Kong
4877,28,0,28,12866A,TogaBots,Saratoga Robotics,New York-North
4878,28,0,28,10665B,Olive Oil,LEHMAN INTERMEDIATE SCH,Pennsylvania - East
4879,28,0,28,34320C,Eaglebots,Lincoln Middle School,Indiana - Region 1 - North
4880,28,0,28,64798C,The Bot Shop,KNOX COMMUNITY MIDDLE SCHOOL,Indiana - Region 1 - North
4881,28,0,28,47220A,Robo Saints,LUTHERAN CENTRAL SCHOOL,Indiana - Region 3 - South
4882,28,0,28,8018W,Bulldogs,Johnston Stem Academy,Nevada
4883,28,0,28,97050C,The CLANKERS,Yokota Middle School Robotics Club,Japan
4884,28,0,28,6771B,JMC BOTS,JORGE MAS CANOSA MIDDLE SCHOOL,Florida - South
4885,28,0,28,53486B,Wild Cat Boys 2,WESTERN PENNSYLVANIA SCHOOL FOR THE DEAF,Pennsylvania - West
4886,28,0,28,81116C,81116C,Westchester Country Day School,North Carolina
4887,28,0,28,46729C,Gears of Devotion,IN MATH & SCIENCE ACADEMY,Indiana - Region 2 - Central
4888,28,0,28,25574D,Echo Trail,Echo Trail Middle School,Kentucky
4889,28,0,28,12042Z,Avon West 4,AVON MIDDLE SCHOOL WEST,Indiana - Region 2 - Central
4890,28,0,28,40586E,CyberSharks,HICKORY RIDGE MIDDLE,North Carolina
4891,28,0,28,18482D,Warm Springs Team #4,WARM SPRINGS MIDDLE,California - South
4892,28,0,28,3877C,Dia Motyky,"Základní škola T. G. Masaryka, Hodkovice nad Mohelkou",Czech Republic
4893,28,0,28,412C,Banana Splits,ENVIRONMENTAL CHARTER SCHOOL AT FRICK PA,Pennsylvania - West
4894,28,0,28,10166K,IE Gabriel White ,IE Gabriel White ,Colombia
4895,28,0,28,27752A,Robotic Ducks,FOSTER DUAL LANGUAGE PK-8,Colorado
4896,28,0,28,60965H,Team Crash Robotics,NEW MARTINSVILLE SCHOOL,West Virginia
4897,28,0,28,44385C,Viking Nation 44385C,LANE MIDDLE SCHOOL,Indiana - Region 1 - North
4898,28,0,28,48466A,Awesome Axolotls,GUION CREEK MIDDLE SCHOOL,Indiana - Region 2 - Central
4899,28,0,28,39672C,WJHS Robohatchets,WASHINGTON JUNIOR HIGH SCHOOL,Indiana - Region 3 - South
4900,28,0,28,15685B,Umi Zoomies,Kenneth Henderson Middle School,Kansas
4901,28,0,28,1502D,DOH Cookers,Cathedral,Minnesota
4902,28,0,28,495B,Hopewell,HOPEWELL JHS,Pennsylvania - West
4903,28,0,28,412B,My Little Ponies,ENVIRONMENTAL CHARTER SCHOOL AT FRICK PA,Pennsylvania - West
4904,28,0,28,28A,LEGAL ACTIVITY,Robot Revolution,New Jersey
4905,27,9,18,7340A,Robottles,Harmony School of Excellence-NorthCampus,Texas - Region 3
4906,27,8,19,2076G,Negative Four,Knox Grammar School,Australia
4907,27,0,27,7130B,The 4 Jalapeños,Lied Middle School,Nevada
4908,27,6,21,73677A,Chef Rats,St Susanna School,Indiana - Region 2 - Central
4909,27,6,21,84855C,Vexxers,ST BARNABAS SCHOOL,Indiana - Region 2 - Central
4910,27,2,25,79546C,Lilly,ROTAN K-12,Texas - Region 5
4911,27,0,27,14301E,Robot Mafia,Gaskill Preparatory School,New York-North
4912,27,0,27,34119B,Robo Rangers,Oneonta Middle School,Alabama
4913,27,2,25,1061A,A-Team,Southern Cayuga Jr/Sr High School,New York-North
4914,27,2,25,59158A,Iron Chief,Carol City Middle School,Florida - South
4915,27,2,25,37452D,Dadelus II,THE GREENE SCHOOL,Florida - South
4916,27,2,25,390B,Team Goat,RIGBY MIDDLE SCHOOL,Idaho
4917,27,0,27,65198B,Blenders,Jim Ned Intermediate School,Texas - Region 5
4918,27,0,27,56549A,Donut Destroyers,HAWLEY SECONDARY,Minnesota
4919,27,0,27,82717G,Voltage Voyagers,SAGE VALLEY JUNIOR HIGH SCHOOL,Wyoming
4920,27,0,27,19587W,BisonBots Sr.,Florida Pitt Waller,Colorado
4921,27,0,27,23235H,Two Bright Dragons,St. Michael's Episcopal School,Virginia
4922,27,0,27,30041J,Lakeside Lions 9,LAKESIDE MIDDLE SCHOOL,Georgia
4923,27,0,27,9975F,St. Luke's Episcopal - Middle School Robotics,ST LUKES EPISCOPAL SCHOOL,Texas - Region 4
4924,27,0,27,92855F,DELMAR B1N4RY,DELMAR INTERNATIONAL SCHOOL,Mexico
4925,27,0,27,35777A,Leones TLC 1,TREE OF LIFE INTERNATIONAL CHARTER,California - North
4926,27,0,27,10094E,Energizers,Energizers,New Jersey
4927,27,0,27,6275A,Robot Queens,HUGHES ACADEMY OF SCIENCE AND TECHNOLOGY,South Carolina
4928,27,0,27,16109E,RoboKats,PORTLAND WEST MIDDLE SCHOOL,Tennessee
4929,27,0,27,77755M,SOR Team ONE,School Of Robotics (SOR) Pte. Ltd.,Singapore
4930,27,0,27,4518W,The Black Widows,SUDIE L WILLIAMS TALENTED AND GIFTED ACADEMY,Texas - Region 2
4931,27,0,27,46445C,Terminators,LJHS Robotics Team,Arkansas
4932,27,0,27,50367A,Portarlington,Colaiste Iosagain,Ireland
4933,27,0,27,952J,Ridgely Robotics,Ridgely Middle School,Maryland
4934,27,0,27,36373F,Zoom Bots,WETUMPKA MIDDLE SCHOOL,Alabama
4935,27,0,27,605E,Minions,Braden River Middle School,Florida - North/Central
4936,27,0,27,63369G,MiniPekkaCarries,RICE LAKE MIDDLE,Wisconsin
4937,27,0,27,79692B,Killina IQ 2,Killina school,Ireland
4938,27,0,27,91889A,Error 404: Team Name Not Found,St. Peter's School (13-18),United Kingdom
4939,27,0,27,81884D,J-Bots,HENRY T. GAGE MIDDLE,California - South
4940,27,0,27,30187B,CFMS Grizzlies Team 2,CAPE FEAR MIDDLE,North Carolina
4941,27,0,27,22088B,Reynolds Robotics,REYNOLDS MIDDLE,Texas - Region 5
4942,27,0,27,98786B,Solar Flares,BASIS Mesa,Arizona
4943,27,0,27,99340E,Death Sparklez,SCHOLAR ACADEMY,Utah
4944,27,0,27,87790A,The Re-Doers,Show Low Public LIbrary,Arizona
4945,27,0,27,8337K,TEDROBOTEAM,TED Rönesans Koleji,Türkiye
4946,27,0,27,52639B,The Goofy Goobers,GLENS FALLS MIDDLE SCHOOL,New York-North
4947,27,0,27,47229D,Crothersville MS Unreadable Reds,CROTHERSVILLE JR-SR HIGH SCHOOL,Indiana - Region 3 - South
4948,27,0,27,44994A,Hamad Town Youth Center,Hamad Town Model Youth Centre,Bahrain
4949,27,0,27,65707A,Senator Squad,WEST WASHINGTON JR-SR HIGH SCHOOL,Indiana - Region 3 - South
4950,27,0,27,43399B,James River Day School,James River Day School,Virginia
4951,27,0,27,74023G,Tiger Sisters,CUSHING MIDDLE SCHOOL,Oklahoma
4952,27,0,27,715C,CKS Robotics,CHRIST THE KING CATHOLIC SCHOOL,Indiana - Region 2 - Central
4953,27,0,27,1701C,FemBots,J W Williams Middle School,Texas - Region 2
4954,27,0,27,249D,THE REZ Girls,MESCALERO APACHE SCHOOL,New Mexico
4955,27,0,27,11177C,RoboRisers,WESTLANE MIDDLE SCHOOL,Indiana - Region 2 - Central
4956,26,26,0,6966G,BASIS International School Guangzhou,BASIS International School Guangzhou,South China
4957,26,26,0,50209A,Jawatha Fighters,Jawatha Private Schools,Saudi Arabia
4958,26,10,16,4523M,Legacy Loaders,CodHub Ksar Hellal,Tunisia
4959,26,9,17,71843A,Hendricks Robotics A,HENDRICKS MIDDLE SCHOOL,Georgia
4960,26,7,19,85365P,Panthers,Yuma Homeschool Robotics,Arizona
4961,26,7,19,85787A,RoboRangers,SRF Foundation,India
4962,26,6,20,22953A,SIX.SEVEN,ReBBZ Altona Carsten Rehder Straße,Germany
4963,26,6,20,1695B,The Aces,Walter Polson Middle School,Connecticut
4964,26,6,20,16861B,Trash Pandas,Trash Pandas,California - North
4965,26,4,22,35355B,Jesuit Academy B,JESUIT ACADEMY,Nebraska
4966,26,2,24,67671D,Robo Royals,REDLAND MIDDLE SCHOOL,Florida - South
4967,26,2,24,25779B,BWFLC-Team2,Buddhist Wong Fung Ling College,Hong Kong
4968,26,0,26,25808M,Mango Maestros,Oberoi International School,India
4969,26,0,26,6046E,Electric Mayhem - LOPEZ MIDDLE SCHOOL,LOPEZ MIDDLE SCHOOL,Texas - Region 4
4970,26,2,24,93601C,404?BrainNotFound,Shore,Australia
4971,26,2,24,91003C,E.I.R. Jösses,Rajakylä comprehensive school,Finland
4972,26,2,24,19994C,Ro-Burt,SOUTH MIDDLE SCHOOL,North Dakota
4973,26,2,24,29025B,South Gate Vikings,SOUTH GATE MIDDLE,California - South
4974,26,2,24,5959B,Greenwood GearHeads,James R. Brooks Middle School - Greenwood ISD,Texas - Region 5
4975,26,0,26,10256K,Nuggets {[ Blue ]},Klondike Middle School,Indiana - Region 1 - North
4976,26,0,26,1714A,Pink Bears,Innova't Educació,Spain
4977,26,0,26,84125C,The Polarity Project,The Gilberd School,United Kingdom
4978,26,0,26,54345E,SIS MamaBabaBot,Seoul International School,South Korea
4979,26,0,26,3576K,Lions_Lying,Stamford American International School,Singapore
4980,26,0,26,2824A,ROBOTICS IN WEST,ROBOTICS IN WEST,Australia
4981,26,0,26,79420N,79420N,Carey Baptist College,Australia
4982,26,0,26,46726S,Knightbots,IN MATH & SCIENCE ACADEMY - NORTH,Indiana - Region 2 - Central
4983,26,0,26,44873A,VEXPERTS,Millcreek Junior High School,Utah
4984,26,0,26,54913R,Rougarou,Northshore Robotics ,Louisiana
4985,26,0,26,85571B,BIA OWL's,BALTIMORE INTERNATIONAL ACADEMY,Maryland
4986,26,0,26,81419A,Royal Oak Runners 1,ROYAL OAK MIDDLE,California - South
4987,26,0,26,21788R,Jafer the Great 2.0,REDLAND MIDDLE SCHOOL,Alabama
4988,26,0,26,44814S,Taco Llamas,EDISON MIDDLE SCHOOL (FORMERLY BERLIN-MILAN MIDDLE SCHOOL),Ohio
4989,26,0,26,88892Y,Gator Assassins,Delhi Charter School,Louisiana
4990,26,0,26,39672A,WJHS Assembly Line,WASHINGTON JUNIOR HIGH SCHOOL,Indiana - Region 3 - South
4991,26,0,26,6852R,WaddleBots,Harmony School of Endeavor,Texas - Region 4
4992,26,0,26,77182Z,ERROR 404: TEAM NOT FOUND,Oak Hall School,Florida - North/Central
4993,26,0,26,60373A,RoboRamsIQ,RIVIERA MIDDLE SCHOOL,Florida - South
4994,26,0,26,91989E,Gearbox,MACDONALD MIDDLE SCHOOL,Michigan
4995,26,0,26,91989B,MMS Robotics,MACDONALD MIDDLE SCHOOL,Michigan
4996,26,0,26,38501A,Aloha Titans,WAIAKEA INTERMEDIATE SCHOOL,Hawaii
4997,26,0,26,93801D,Chargers - Team D,CHARLES MIDDLE,Texas - Region 1
4998,26,0,26,73922D,COALMINERZ,STANLEY BRITISH PRIMARY SCHOOL,Colorado
4999,26,0,26,53397A,Blazer Tech,BURNS MIDDLE SCHOOL,Alabama
5000,26,0,26,87116B,KIS 2,KIS Pangyo campus,South Korea
5001,26,0,26,2413C,Bruin Robotix Worx,Bearden Middle School,Tennessee
5002,26,0,26,35173B,Meyzeek Dire Bears,MEYZEEK MIDDLE,Kentucky
5003,26,0,26,69315A,SMSTurkeys1,ST MARY'S EPISCOPAL SCHOOL,Tennessee
5004,26,0,26,412K,Pancake Kitties,ENVIRONMENTAL CHARTER SCHOOL AT FRICK PA,Pennsylvania - West
5005,26,0,26,33957A,Victory Robotics,VICTORY CHRISTIAN ACADEMY,Indiana - Region 1 - North
5006,26,0,26,87170A,Baddie Bots,Porter Traditional School,Virginia
5007,26,0,26,81822G,Good Shepherd,Good Shepherd Middle School,California - North
5008,26,0,26,46886E,The Netherite Comets,MIKE OCALLAGHAN MIDDLE SCHOOL I3 LEARN ACADEMY,Nevada
5009,26,0,26,22211B,R&R+,Peak-Robots,Japan
5010,26,0,26,46947C,LJHS Black,LOGANSPORT JUNIOR HIGH SCHOOL,Indiana - Region 1 - North
5011,26,0,26,74023E,MechaMinds,CUSHING MIDDLE SCHOOL,Oklahoma
5012,26,0,26,54204E,PanthersE,ST VINCENT DE PAUL SCHOOL,Indiana - Region 1 - North
5013,26,0,26,60965W,Wild Eagels,NEW MARTINSVILLE SCHOOL,West Virginia
5014,25,16,9,93353A,The Bro-Bots,New River Robotics,West Virginia
5015,25,7,18,2262A,LMS Robotics A,Lincoln Middle School,Washington
5016,25,7,18,65819A,Kammerer Middle School 1,KAMMERER MIDDLE,Kentucky
5017,25,7,18,485A,Lyndon VEX-T-Rs,Lyndon Academy ,Georgia
5018,25,7,18,4009A,Pinkie Twinkies,TAVARES MIDDLE SCHOOL,Florida - North/Central
5019,25,7,18,15127A,NJMS A,North Jefferson Middle School,Alabama
5020,25,7,18,11030D,Hot Pot Hooligans,Robotech Educational Services Inc.,New Jersey
5021,25,0,25,20345B,Wilderness Brown,Wilderness School,Australia
5022,25,0,25,50230T,LANNA ICE,Lanna International School Thailand,Thailand
5023,25,4,21,2588G,SAJA Kids,STJOHN PAUL II CATHOLIC SCHOOL,Texas - Region 3
5024,25,4,21,15819F,Oxley CyberStorm,Oxley High School,Australia
5025,25,2,23,79741E,The Bin Men,Jim Ned Middle School,Texas - Region 5
5026,25,0,25,1695D,The Minions,Walter Polson Middle School,Connecticut
5027,25,2,23,5266D,SPL Supreme Tacos,ST PETERS LUTHERAN SCHOOL,Indiana - Region 3 - South
5028,25,0,25,52152D,Pixel Pirates,MONROE TOWNSHIP MIDDLE SCHOOL,New Jersey
5029,25,0,25,15290A,Floral Faes,Campbell Drive K-8 Center,Florida - South
5030,25,2,23,99541B,Wylie West Purple B,Wylie West Junior High School,Texas - Region 5
5031,25,0,25,34926F,De Pannenkoeken,Mosa-RT,Belgium
5032,25,0,25,14323F,Fluoroantimonic Flounders,FAIRBANKS MIDDLE SCHOOL,Ohio
5033,25,0,25,79546B,Wreckless,ROTAN K-12,Texas - Region 5
5034,25,0,25,20345A,Wilderness Blue,Wilderness School,Australia
5035,25,0,25,4226C,Saint Stephen's College 3,Saint Stephen's College,Australia
5036,25,0,25,69315C,Pin Gobblers,ST MARY'S EPISCOPAL SCHOOL,Tennessee
5037,25,0,25,324D,Nexus Protocol,Young Engineers Waterloo,Ontario
5038,25,0,25,76420A,Cardinals,ST CHARLES BORROMEO SCHOOL,Indiana - Region 1 - North
5039,25,0,25,81800T,Tax Evaders,Pedare Christian College,Australia
5040,25,0,25,81800B,TechTonic,Pedare Christian College,Australia
5041,25,0,25,68324A,XIS A,Xiamen International School,South China
5042,25,0,25,48737A,BTW RAMs Mobile,BOOKER T WASHINGTON MIDDLE SCHOOL,Alabama
5043,25,0,25,74484A,Party Cats,Benzie Central Middle School,Michigan
5044,25,0,25,36548A,Modify,Leroy High School,Alabama
5045,25,0,25,10898A,Vieweg Hornets 1,Vieweg Stem Academy,California - South
5046,25,0,25,67923D,Robo Rebel,Ola Middle School Vex Robotics Team,Georgia
5047,25,0,25,14344S,BOT-TASTIC CREW,Mahindra International School,India
5048,25,0,25,10726F,DEBT COLLECTORS,Wood River Middle School,Idaho
5049,25,0,25,24016C,HYKYLDSS Team C,N.T. Heung Yee Kuk Yuen Long District Secondary School,Hong Kong
5050,25,0,25,12350M,M&M's,LAKE RIDGE MIDDLE,Virginia
5051,25,0,25,52139B,HSG2,Hohenstaufen Gymnasium Kaiserslautern,Germany
5052,25,0,25,20185A,Robunnies,DELTA CHARTER SCHOOL MST,Louisiana
5053,25,0,25,9826M,GOAT,BERWICK ACADEMY,Maine
5054,25,0,25,3203B,Robolabs Barrel,Dublin Robotics Club,California - North
5055,25,0,25,81868B,Beta,Mingwan School,South China
5056,25,0,25,16639M,L.A.M.B.S. ,THE FIRST ACADEMY,Florida - North/Central
5057,25,0,25,53855C,DJ-SET,"Sacred Heart Schools, Atherton",California - North
5058,25,0,25,18778C,St Joseph’s 3,"St Joseph’s, Rochfortbridge",Ireland
5059,25,0,25,26000A,Error 404,Error 404,New Jersey
5060,25,0,25,46945B,Precision Panthers 2,Decatur County Middle School,Tennessee
5061,25,0,25,29286A,Golden Gears,RAUL QUINTANILLA SR MIDDLE,Texas - Region 2
5062,25,0,25,16604A,BLAZERS TEAM #1,Notre Dame Preparatory School,Maryland
5063,25,0,25,6909Y,Robot Rangers,Alhuda Academy,Massachusetts
5064,25,0,25,1303B,Bedford Bots II,WILLIAM HAWLEY ATWELL LAW ACADEMY,Texas - Region 2
5065,25,0,25,31542A,Baby Eagles,JEAN MASSIEU SCHOOL FOR THE DEAF,Utah
5066,25,0,25,85070C,Dragons C,Hangzhou International School,East China
5067,25,0,25,77517B,Suffield Middle 2,Suffield Middle School,Connecticut
5068,25,0,25,64098C,C- Cyberbots,LAKE STEVENS MIDDLE SCHOOL,Washington
5069,25,0,25,10999K,Ashford Wolfbots,Ashford School,Connecticut
5070,25,0,25,4270B,The Crusaders B,Saint Louis School,Hawaii
5071,25,0,25,48010E,Fabulous Four,NORTH LAKE MIDDLE SCHOOL,Washington
5072,25,0,25,23160A,Team A,EL SOL SANTA ANA SCIENCE AND ARTS ACADEMY,California - South
5073,25,0,25,97921B,CISWolves B,Canadian International School Vietnam,Vietnam
5074,25,0,25,42655E,Mustang Avengers,KNOX DOSS MIDDLE SCHOOL AT DRAKES CREEK,Tennessee
5075,25,0,25,39683A,VEXpert Squad,HPS,Texas - Region 1
5076,25,0,25,36104C,Technotron,BALDWIN ART AND ACADEMICS MAGNET,Alabama
5077,25,0,25,2588E,Six/Eighths,STJOHN PAUL II CATHOLIC SCHOOL,Texas - Region 3
5078,25,0,25,44316C,Pack Pride,Clemons Creek MIDDLE,Texas - Region 5
5079,25,0,25,11914C,C-BOT,TRITON CENTRAL MIDDLE SCHOOL,Indiana - Region 2 - Central
5080,25,0,25,11284D,Algernon,FORT CLARKE MIDDLE SCHOOL,Florida - North/Central
5081,25,0,25,92583B,St Hels B,St Helen's School,United Kingdom
5082,25,0,25,11108C,CARL BOT,William Mulholland Middle School,California - South
5083,25,0,25,37296D,Nobel Nighthawks-1,Alfred B. Nobel Charter Middle School,California - South
5084,25,0,25,41037A,Mr.Clanker's Robotics Team,Mr.Clanker's Robotics Team,North Carolina
5085,25,0,25,72104B,The Smarties,WILSON INTERMEDIATE SCHOOL,Arkansas
5086,25,0,25,77431F,Code-a-Cola,Pike Road Schools,Alabama
5087,25,0,25,47E,Superior Robotics,EVERGREEN MIDDLE SCHOOL PTSA,Washington
5088,25,0,25,11284F,Plus ultra,FORT CLARKE MIDDLE SCHOOL,Florida - North/Central
5089,25,0,25,2073D,Krypto Coders,ANNE WATSON ELEMENTARY SCHOOL,Arkansas
5090,25,0,25,51833G,Gear Gurus,DR FREDERICK HAYNES III GLOBAL PREP AT PAUL QUINN,Texas - Region 2
5091,25,0,25,35758D,Cyber Hackers,LIBERTY MIDDLE SCHOOL,Alabama
5092,25,0,25,2884B,ICAAS Panthers Robotics #2,IREDELL CHARTER ACADEMY,North Carolina
5093,25,0,25,47355B,TBD B,GEORGE WASHINGTON MIDDLE,Virginia
5094,25,0,25,78131C,Bears MS3,Madison Consolidated Junior High School,Indiana - Region 3 - South
5095,25,0,25,16161A,Taylor Tomatos,TAYLOR MIDDLE SCHOOL,Indiana - Region 1 - North
5096,25,0,25,1356B,Bounty -The Quicker Picker Upper (Bounty for short,Wildwood Middle School,West Virginia
5097,25,0,25,34320B,Eaglebots,Lincoln Middle School,Indiana - Region 1 - North
5098,25,0,25,43304C,ACES Eagles C,Aventura City Of Excellence School,Florida - South
5099,25,0,25,10462E,Northview Falcons E,Northview Middle School,Indiana - Region 2 - Central
5100,25,0,25,60965C,Circuit Crushers,NEW MARTINSVILLE SCHOOL,West Virginia
5101,25,0,25,58588A,Institut Puig Castellar,Institut Puig Castellar,Spain
5102,25,0,25,99106A,Western Plains JH A,WESTERN PLAINS JH,Kansas
5103,24,7,17,19057T,The Bots,Sunnvale Middle School,Texas - Region 2
5104,24,0,24,8116R,RAMS Clanker Clan,LAUSD Roy Romer MS,California - South
5105,24,7,17,15104J,TVEX,Woodland Hills School District,Pennsylvania - West
5106,24,7,17,34248B,Mighty Manatees,State College of Florida Collegiate School,Florida - North/Central
5107,24,6,18,4426E,The Sigmas,Future Innovators of Vienna,Virginia
5108,24,0,24,37871A,Hornets,CARTER MIDDLE SCHOOL,Tennessee
5109,24,4,20,3722J,Quantum Flux,The Frazer School,Florida - North/Central
5110,24,2,22,35460A,E.D.I.T.H,Hillmorton High School,New Zealand
5111,24,0,24,67544E,Freedom Doritos,Hoisington Middle School,Kansas
5112,24,0,24,17801Y,Mac & Cheezers 2.0,GARDEN LAKES ELEMENTARY SCHOOL,Arizona
5113,24,2,22,5689T,Red Voltage,ROBOCOD Monastir,Tunisia
5114,24,0,24,1850D,NLCS_Mavericks,North London Collegiate School,United Kingdom
5115,24,0,24,3432K,[Co.R.E.] - The Kindly Ones,Sandy Creek Middle School,New York-North
5116,24,0,24,79546A,Eva,ROTAN K-12,Texas - Region 5
5117,24,0,24,48380A,Something in the Universe,Branksome Hall Asia,South Korea
5118,24,0,24,1715C,Cracked Coders,Hopkinton Middle School,Massachusetts
5119,24,0,24,79836A,Zion Raiders Team A,Zion Lutheran School,Michigan
5120,24,0,24,16036B,Astroingenieros 2, Planetario SAYAB,Mexico
5121,24,0,24,72250C,Metal Manipulators,BUSH MIDDLE,Texas - Region 5
5122,24,0,24,60559B,P.I.V.O.T.,IBA2 INC,Florida - North/Central
5123,24,0,24,13037D,Robo Bears,Chittenango Middle School,New York-North
5124,24,0,24,71023B,Reckless Wrenches,Henderson Middle School,Georgia
5125,24,0,24,85288D,SSJ Prototypes,STS SIMON & JUDE SCHOOL,California - South
5126,24,0,24,31433W,Sync,Ghars School,Kuwait
5127,24,0,24,19994E,The McDonald’s Tower,SOUTH MIDDLE SCHOOL,North Dakota
5128,24,0,24,46366D,NJSP Robotics,North Judson San Pierre Schools,Indiana - Region 1 - North
5129,24,0,24,81800K,Team Conductors,Pedare Christian College,Australia
5130,24,0,24,40516A,1800 Knights A,CL SCARBOROUGH MODEL MIDDLE SCHOOL,Alabama
5131,24,0,24,56141A,The Future Engineers,St Ignatius of Loyola Catholic College,New Zealand
5132,24,0,24,2340C,Snoop Hoggie Hog,FMAHS,Australia
5133,24,0,24,95765B,MECS 8s,Mount Evelyn Christian School,Australia
5134,24,0,24,36655D,Cyber Punk,Oxford Prep Academy SOC,California - South
5135,24,0,24,70543C,70543C,MARGARETTA MIDDLE SCHOOL,Ohio
5136,24,0,24,46511D,CyberNova,DELMAR INTERNATIONAL SCHOOL-6,Mexico
5137,24,0,24,7479E,Devastating Bushfires,Hillcrest Christian College,Australia
5138,24,0,24,7508F,Krazy Fluffin' Chiknz,WESTMORELAND MIDDLE SCHOOL,Tennessee
5139,24,0,24,55883C,Functional Feud,GOLD HILL MIDDLE,South Carolina
5140,24,0,24,36409E,The Problematic Children and Bo,MEAD MIDDLE SCHOOL,Colorado
5141,24,0,24,55334D,Houndbots,O'BRIEN MIDDLE,Texas - Region 5
5142,24,0,24,50491D,Granny Grippers,GATEWAY SCIENCE ACADEMY OF ST. LOUIS - MIDDLE,Missouri
5143,24,0,24,68364A,YY,HKTA The Yuen Yuen Institute No.3 Secondary School,Hong Kong
5144,24,0,24,23241Y,Circuit Surfers,St Bernadette,Nebraska
5145,24,0,24,32630B,The Short Queens,ELKHORN VALLEY VIEW MIDDLE SCHOOL,Nebraska
5146,24,0,24,3204Z,SPC Bots Zosimus,St Peter's College,New Zealand
5147,24,0,24,16109C,The Band Kids,PORTLAND WEST MIDDLE SCHOOL,Tennessee
5148,24,0,24,55308A,PHMS Team 1,PENDLETON HEIGHTS MIDDLE SCHOOL,Indiana - Region 2 - Central
5149,24,0,24,54944A,RoboSharks,SILVESTRI  CHARLES JHS,Nevada
5150,24,0,24,36240Z,Bagel Bytes,Southwest Christian School-preparatory Campus,Texas - Region 5
5151,24,0,24,41116A,Pirates Robotics,PHILLIPS PREPARATORY MIDDLE SCHOOL,Alabama
5152,24,0,24,90423B,Great Bridge Middle School 2,GREAT BRIDGE MIDDLE,Virginia
5153,24,0,24,74801H,Hex Hackers,WESTWOOD MIDDLE SCHOOL,Florida - North/Central
5154,24,0,24,34522E,Success Stackers,NORTHEAST ACADEMY OF AEROSPACE & ADVTECH,North Carolina
5155,24,0,24,64792T,X STREAM,STREAM CHARTER,California - North
5156,24,0,24,42920B,Futuristic Falcons - Robotoes,HOLY CROSS SCHOOL,Nebraska
5157,24,0,24,84125G,The VEX-Terminators,The Gilberd School,United Kingdom
5158,24,0,24,17511B,Lions,BAD AXE SCHOOLS,Michigan
5159,24,0,24,85403F,Horizon Stars,HORIZON SCIENCE ACADEMY COLUMBUS MIDDLE SCHOOL,Ohio
5160,24,0,24,35758E,The VEXMen,LIBERTY MIDDLE SCHOOL,Alabama
5161,24,0,24,92652C,Minions ,Horizon Science Academy McKinley,Illinois
5162,24,0,24,96720A,Kāhuli,KA UMEKE KAEO - PCS,Hawaii
5163,24,0,24,82894E,BionicLion,ST ANDREW'S EPISCOPAL SCHOOL,California - North
5164,24,0,24,18778B,"St Joseph’s, 2","St Joseph’s, Rochfortbridge",Ireland
5165,24,0,24,38565A,Athlone Community College (A),Athlone Community College,Ireland
5166,24,0,24,8682A,Pines Panthers,Pines Collegiate Academy 6-12,Florida - South
5167,24,0,24,374B,SYSTEM-ERROR,Paxman Academy,United Kingdom
5168,24,0,24,4167A,Robotic Rams,RoboTech Fusion,Pennsylvania - West
5169,24,0,24,9339B,Hulcy Heroes,D A HULCY STEAM MIDDLE,Texas - Region 2
5170,24,0,24,70543E,Lady Botz,MARGARETTA MIDDLE SCHOOL,Ohio
5171,24,0,24,1502C,Crocodiles,Cathedral,Minnesota
5172,24,0,24,14916A,HSC-Middle School,Hillfield Strathallan College,Ontario
5173,24,0,24,70484W,SpaceVex,Independent Team,Virginia
5174,24,0,24,84496A,WBGS_Watford_Defenders,Watford Grammar School for Boys,United Kingdom
5175,24,0,24,18055E,Whitnall Robotics Club-,Whitnall Middle School Robotics,Wisconsin
5176,24,0,24,6697E,The Statics,Prattville Junior High School,Alabama
5177,24,0,24,68225A,The Crows,HOLLENBECK MIDDLE,California - South
5178,24,0,24,33054A,33054A,SPRINGFIELD INTERMEDIATE MIDDLE SCHOOL,Ohio
5179,24,0,24,67923E,Ola Middle School Robotics Team,Ola Middle School Vex Robotics Team,Georgia
5180,24,0,24,72773C,PCMS XSTREAM - C,PASS CHRISTIAN MIDDLE,Mississippi
5181,24,0,24,67352C,Trojan Gamma,WEST MARSHALL MIDDLE SCHOOL,Iowa
5182,24,0,24,53397B,Blazer Tech,BURNS MIDDLE SCHOOL,Alabama
5183,24,0,24,54497A,Rockets,Doves Science Academy MidHigh South,Oklahoma
5184,24,0,24,99535E,Collegium Robotics: Ender,COLLEGIUM CS,Pennsylvania - East
5185,24,0,24,5450P,Avalanche 5.0,MARSHALL COUNTY CENTRAL HIGH,Minnesota
5186,24,0,24,8056A,Team WB,Ralston Middle School,California - North
5187,24,0,24,10789B,PinkPanthers,City of London School for Girls,United Kingdom
5188,24,0,24,52102E,ACA Hawally Boys Team 1,American Creativity Academy Hawally Boys,Kuwait
5189,24,0,24,32496A,Cougar Creators,Hubert Howe Bancroft Middle School,California - South
5190,24,0,24,7351A,Drift 1,RICHARD HENRY DANA MIDDLE,California - South
5191,24,0,24,11284C,The Pink Foxes,FORT CLARKE MIDDLE SCHOOL,Florida - North/Central
5192,24,0,24,29617N,IDK,LAKEVIEW MIDDLE,South Carolina
5193,24,0,24,28134J,Otwell Robotics,Otwell Middle School,Georgia
5194,24,0,24,1569A,Hawthorne Robotics,HAWTHORNE CHRISTIAN ACADEMY,South Carolina
5195,24,0,24,29684D,Terrific Tigers,STARR-IVA MIDDLE,South Carolina
5196,24,0,24,375G,375G,ROBERT F BUMPUS MIDDLE SCHOOL,Alabama
5197,24,0,24,68481A,Riverside Middle School Robotics,RIVERSIDE MIDDLE,South Carolina
5198,24,0,24,90644D,Faithful Gators,Greenbrier Christian Academy,Virginia
5199,24,0,24,87841R,Ramsey Rams,RAMSEY MIDDLE,Kentucky
5200,24,0,24,387A,387A,PARKWAY ELEMENTARY,Washington
5201,24,0,24,90567B,RHMS B,Richmond Hill Montessori Private School,Ontario
5202,24,0,24,47020B,Holy Family Team Bravo,HOLY FAMILY ELEMENTARY SCHOOL,Indiana - Region 1 - North
5203,24,0,24,38244B,Hillside Bluejays,HILLSIDE ELEMENTARY SCHOOL SCHOOL,Illinois
5204,24,0,24,47355A,47355A,GEORGE WASHINGTON MIDDLE,Virginia
5205,24,0,24,74847C,Pinner,St. Mary's International School,Japan
5206,24,0,24,7419J,GearShift Robotics,GearShift Robotics,Arizona
5207,24,0,24,25733A,Driver Middle School-1,Lee L Driver Middle School,Indiana - Region 1 - North
5208,24,0,24,78447D,BAM!!,NEW AUGUSTA PUBLIC ACADEMY - NORTH,Indiana - Region 2 - Central
5209,24,0,24,10256C,Nuggets {[ Black ]},KLONDIKE MIDDLE SCHOOL,Indiana - Region 1 - North
5210,24,0,24,46052B,Tigers Robotics,Lebanon Middle School,Indiana - Region 2 - Central
5211,24,0,24,30525H,SASH IQ 305,Somerset Academy South Homestead,Florida - South
5212,24,0,24,66282D,Mega Knights,NORTHWEST CABARRUS MIDDLE,North Carolina
5213,24,0,24,4900B,Goofy Goobers,CONCORD MIDDLE,North Carolina
5214,24,0,24,41558C,St John Catholic School C,St John Catholic School,Kentucky
5215,24,0,24,326C,SHARP - Sarah Heinz Advanced Robotics Program,Sarah Heinz House,Pennsylvania - West
5216,24,0,24,23093F,Doom Bots,LASER,Virginia
5217,24,0,24,17057C,Colyton Grammar School,Colyton Grammar School,United Kingdom
5218,24,0,24,67431B,The Lucky Charms,USD 473 Chapman Middle School,Kansas
5219,24,0,24,4854F,FMS-Owt Gl!icked,FARNSWORTH MIDDLE SCHOOL,Idaho
5220,24,0,24,390H,the improvisers,RIGBY MIDDLE SCHOOL,Idaho
5221,23,0,23,647Z,Bot Camp Z,Bot Camp,Ontario
5222,23,6,17,53415B,NORTH HILL 2,COLEGIO NORTH HILL,Mexico
5223,23,0,23,11028K,NCSA Robotics (MS),Newton County STEAM Academy,Georgia
5224,23,0,23,23272M,The Fearleading Team,Caston Robotics,Indiana - Region 1 - North
5225,23,4,19,15819D,Oxley Mecha Minds,Oxley High School,Australia
5226,23,4,19,53415D,NORTH HILL 4,COLEGIO NORTH HILL,Mexico
5227,23,4,19,1114C,Robo Cats,Glebe Elementary School Parent Teacher Association,Virginia
5228,23,4,19,92923A,92923A,MCNARY ELEMENTARY SCHOOL,Arizona
5229,23,4,19,67544D,Tech Titans,Hoisington Middle School,Kansas
5230,23,0,23,29202B,Wired West Robotics Outlaws,Wired West Robotics,West Virginia
5231,23,0,23,478Y,Elevate-The Battery Was Not Included,Elevate Tech,Washington
5232,23,0,23,17705C,Cheese Curls,ZIONSVILLE WEST MIDDLE SCHOOL,Indiana - Region 2 - Central
5233,23,0,23,74628F,We're Hungry!,THREE RIVERS SCHOOL,Illinois
5234,23,2,21,1850A,NLCS_Cybercore,North London Collegiate School,United Kingdom
5235,23,0,23,25955C,Twisted Gears,4-H,Alabama
5236,23,0,23,19994B,The Dark Lay’s Tornado,SOUTH MIDDLE SCHOOL,North Dakota
5237,23,0,23,52166C,Northside Middle School C,NORTHSIDE MIDDLE SCHOOL,Alabama
5238,23,0,23,4613Z,4613Z,Barker College,Australia
5239,23,0,23,63336A,White House Middle School Robotics Team,White House Middle School,Tennessee
5240,23,0,23,87476B,WMS Cyber Cats,WOODLAND MIDDLE SCHOOL AT EUHARLEE,Georgia
5241,23,0,23,94357C,High Tech Hawks,SKYCREST CHRISTIAN SCHOOL,Florida - North/Central
5242,23,0,23,56565D,FoxBots,Caddo Mills Middle School,Texas - Region 2
5243,23,0,23,5659A,Gales A,RUSSELLVILLE MIDDLE SCHOOL,Arkansas
5244,23,0,23,38026A,QC STEAM,Queen's College,Hong Kong
5245,23,0,23,91320J,BSIC BULLDOGS,Bernadine Sitts Intermediate Center,Kansas
5246,23,0,23,3148B,Rockabots,Travis Intermediate,Texas - Region 2
5247,23,0,23,48755D,Girl Power,Cross Lutheran School,Michigan
5248,23,0,23,17760J,Picture-Perfect Pythons,Capitol City Robotics,District of Columbia
5249,23,0,23,92652A,Gubby,Horizon Science Academy McKinley,Illinois
5250,23,0,23,39194A,These Guys,YAZOO COUNTY MIDDLE SCHOOL,Mississippi
5251,23,0,23,33781A,The Human Error,Action Day Middle School,California - North
5252,23,0,23,17089B,Microwave,St Helena School,United Kingdom
5253,23,0,23,3028X,Teen Ladybots,TALENTED & GIFTED IN PLEASANT GROVE,Texas - Region 2
5254,23,0,23,6045C,Timmies,JACKSON MIDDLE,Texas - Region 4
5255,23,0,23,299B,SVEC 299B,SKY VALLEY EDUCATION CENTER,Washington
5256,23,0,23,80567A,WarriorBots,Young Women STEAM Research and Preparatory Academy Robotics,Texas - Region 1
5257,23,0,23,69459B,The Twisted Mechanics,OAKMAN MIDDLE SCHOOL,Alabama
5258,23,0,23,51190E,CVMS-War Eagles,CHATTANOOGA VALLEY MIDDLE SCHOOL,Georgia
5259,23,0,23,35148S,John 3:16,SUMITON MIDDLE SCHOOL,Alabama
5260,23,0,23,2396B,Boss Bot,Atwater-Cosmos-Grove City,Minnesota
5261,23,0,23,24701C,Bucbots A,BLUEFIELD MIDDLE SCHOOL,West Virginia
5262,23,0,23,10673E,Spicy Biriyanis,Marshall Middle School,Pennsylvania - West
5263,23,0,23,90922C,Red,AVON MIDDLE SCHOOL NORTH,Indiana - Region 2 - Central
5264,23,0,23,11926A,Milan MS1,MILAN MIDDLE SCHOOL,Indiana - Region 3 - South
5265,23,0,23,53274A,Automated Trailblazers,St Elizabeth Ann Seton Catholic School,Indiana - Region 1 - North
5266,23,0,23,2514C,Pioneer Middle Bot 3,WAYNE MIDDLE SCHOOL,West Virginia
5267,23,0,23,64987F,Organized Chaos,PLAINFIELD COMMUNITY MIDDLE SCHOOL,Indiana - Region 2 - Central
5268,23,0,23,15685C,Robo Gears,Kenneth Henderson Middle School,Kansas
5269,22,2,20,77773F,Robo Queens,MADISON MIDDLE SCHOOL,Mississippi
5270,22,2,20,68783B,Totally Tech,FAIRVIEW MIDDLE SCHOOL,Alabama
5271,22,0,22,70049B,Iron Clad,Journey's Homeschool Pod,Utah
5272,22,0,22,31614J,Cyberstorm,MAURINE CAIN MIDDLE,Texas - Region 2
5273,22,2,20,36252J,ROBOT on TOUR 1,Johann-Simon-Mayr-Schule Staatl. Realschule Riedenburg,Germany
5274,22,2,20,72022A,The Lightning,BRYANT MIDDLE SCHOOL,Arkansas
5275,22,0,22,69906A,Lindfield Learning Village,Lindfield Learning Village,Australia
5276,22,0,22,3078D,Tri-North Robotics,Tri-North Middle School,Indiana - Region 3 - South
5277,22,0,22,25824A,Dominican Taylors IQ,Dominican College Galway,Ireland
5278,22,0,22,20230B,Robobells,South Island School,Hong Kong
5279,22,0,22,96991E,CTMS BearBots,Centennial Middle School,Colorado
5280,22,0,22,9453A,Hillcrest - A,Hillcrest Middle School,South Carolina
5281,22,0,22,70543H,Top Dogz,MARGARETTA MIDDLE SCHOOL,Ohio
5282,22,0,22,46334D,RoboVEX 2.0,DELMAR INTERNATIONAL SCHOOL-3,Mexico
5283,22,0,22,92855X,Tacos de Birria,DELMAR INTERNATIONAL SCHOOL,Mexico
5284,22,0,22,2158C,Suli +,Cedars International School,Iraq
5285,22,0,22,92D,VEXMEN: Deadpool,Brandywine Robotics,Pennsylvania - East
5286,22,0,22,17139A,The Flying Dutchman,SOUTH WASCO MIDDLE SCHOOL,Oregon
5287,22,0,22,41201A,TKM Ltm,"Institut Technickeho Vzdelavani, z.u.",Czech Republic
5288,22,0,22,69460A,Falcon Robotics,Benjamin Franklin International Exploratory Academy,Texas - Region 2
5289,22,0,22,15307B,St.Wolfgang Schule II,St.Wolfgang Schule,Germany
5290,22,0,22,76464C,Belvedere Olympians,Belvedere Middle School,California - South
5291,22,0,22,8873C,QUANTUM,THOMAS EDISON ENERGYSMART CHARTER SCHOOL,New Jersey
5292,22,0,22,80056B,STARBOT,UNIDAD EDUCATIVA SALESIANA SANTO TOMAS APOSTOL,Ecuador
5293,22,0,22,9828C,Las Unanas,RICARDO ESTRADA MIDDLE,Texas - Region 1
5294,22,0,22,11028B,NCSA Robotic Eagles,Newton County STEAM Academy,Georgia
5295,22,0,22,1043D,Haileybury Power Surge,Haileybury School,United Kingdom
5296,22,0,22,7184D,SDJH Team D,SOUTH DAVIS JR HIGH,Utah
5297,22,0,22,87625C,The Traffic Cones,Shelbyville Middle School,Indiana - Region 2 - Central
5298,22,0,22,7974B,7974B,NEW PROVIDENCE MIDDLE SCHOOL,New Jersey
5299,22,0,22,41843P,CHAINSAW CHICKEN DEPARTMENT,NORTHWEST MIDDLE,South Carolina
5300,22,0,22,21595B,Balfred,ELEVA-STRUM MIDDLE,Wisconsin
5301,22,0,22,62026G,Indecisive,Fairfield Jr High,Utah
5302,22,0,22,42124A,Bear Power,WEST OSO J H,Texas - Region 4
5303,22,0,22,32630G,The Drippy Burrito,ELKHORN VALLEY VIEW MIDDLE SCHOOL,Nebraska
5304,22,0,22,74023F,Circuit Surfers,CUSHING MIDDLE SCHOOL,Oklahoma
5305,22,0,22,34320A,Eaglebots,Lincoln Middle School,Indiana - Region 1 - North
5306,22,0,22,24049D,Crazy Crocs,C C GRIFFIN MIDDLE,North Carolina
5307,22,0,22,7797P,PIO EAGLES,"Pioneer Academy , Wayne",New Jersey
5308,22,0,22,8019A,IES Manuel Vázquez Montalbán,IES Manuel Vázquez Montalbán,Spain
5309,21,17,4,836D,RoboBees D,growingSTEMS,Maryland
5310,21,0,21,1193G,Gangsta Girlz,Jay County Robotics,Indiana - Region 1 - North
5311,21,7,14,3333P,La Vaca Saturno,Notre Dame Prep,Michigan
5312,21,4,17,54944B,RoboSharks,SILVESTRI  CHARLES JHS,Nevada
5313,21,2,19,1408P,PatatasFritas,King Henry VIII School,United Kingdom
5314,21,2,19,14323D,Dirty Ducks,FAIRBANKS MIDDLE SCHOOL,Ohio
5315,21,2,19,52352B,The Bots,Abner Creek Middle School,South Carolina
5316,21,0,21,53901C,JJEMM,CANOE CREEK K-8,Florida - North/Central
5317,21,0,21,15155Y,Junior Pathfinders,AMERICAN LEADERSHIP ACADEMY Applied Technologies,Arizona
5318,21,0,21,16117C,Powerful Programming  Panthers,RIVERSIDE MIDDLE SCHOOL,Pennsylvania - West
5319,21,0,21,299C,299ChunkyPeanutButter,SKY VALLEY EDUCATION CENTER,Washington
5320,21,2,19,45885B,W.I.R.E.D - Real Steelz 2.0,Waterford School District,Michigan
5321,21,2,19,3997B,NFMS - B,NORTH FORSYTH MIDDLE SCHOOL,Georgia
5322,21,2,19,48327M,Galen VEX IQ 2,Galen Catholic College,Australia
5323,21,2,19,12920D,The thinkers- OIS-D,OXFORD INTERMEDIATE SCHOOL,Mississippi
5324,21,2,19,10779A,Indian Creek Robotics,Indian Creek Middle School,Georgia
5325,21,2,19,31061D,CISSIQD,Concordia International School Shanghai,East China
5326,21,2,19,3620G,Hawk-bots,RANDALL MIDDLE SCHOOL,Florida - North/Central
5327,21,2,19,81884C,SPAR BOTS 2.0,HENRY T. GAGE MIDDLE,California - South
5328,21,2,19,3708S,Fintastic Sharks,Victoria Shanghai Academy,Hong Kong
5329,21,2,19,69924F,The Vexaneers,MARTINSBURG SOUTH MIDDLE SCHOOL,West Virginia
5330,21,2,19,390C,Conveyor King,RIGBY MIDDLE SCHOOL,Idaho
5331,21,0,21,20345C,Wilderness Gold,Wilderness School,Australia
5332,21,0,21,82017A,Pinheads,LAKESIDE JUNIOR HIGH SCHOOL,Arkansas
5333,21,0,21,38122B,Fast N Furious,Oconto Falls Middle School,Wisconsin
5334,21,0,21,24424C,Average Joes,MOUNTAIN RIDGE MIDDLE SCHOOL,West Virginia
5335,21,0,21,2514A,Titan Torque,WAYNE MIDDLE SCHOOL,West Virginia
5336,21,0,21,12223A,The Timmies,Pembroke School,Australia
5337,21,0,21,36655A,Stick Drift,Oxford Prep Academy SOC,California - South
5338,21,0,21,30004C,DeSana Robotics C,DESANA MIDDLE SCHOOL,Georgia
5339,21,0,21,45318E,Southwood StarBots,SOUTHWOOD MIDDLE SCHOOL,Florida - South
5340,21,0,21,41116B,Pirates Robotics,PHILLIPS PREPARATORY MIDDLE SCHOOL,Alabama
5341,21,0,21,190B,NRO Miners,RED TOP MIDDLE SCHOOL,Georgia
5342,21,0,21,38122J,Yellow Cats,Oconto Falls Middle School,Wisconsin
5343,21,0,21,3708X,X-cellent,Victoria Shanghai Academy,Hong Kong
5344,21,0,21,15486N,THE BIG SHOTS,VISTA SCHOOL,Utah
5345,21,0,21,44489A,Wookey Warriors,NA,Washington
5346,21,0,21,9209R,Team Thorn,Team Thorn,U.S. Virgin Islands
5347,21,0,21,37174C,Mustangs,SPRING STATION MIDDLE SCHOOL,Tennessee
5348,21,0,21,49381A,Hollow Knights,FIRST LUTHERAN SCHOOL,Wisconsin
5349,21,0,21,29498B,Bob the Builder,Causey Middle School,Alabama
5350,21,0,21,58319A,Team Titan,NORTH MOBILE COUNTY MIDDLE SCHOOL,Alabama
5351,21,0,21,66893A,Mighty Owl Bots,Sheridan Street Elementary School,California - South
5352,21,0,21,952Z,Ridgely Robotics,Ridgely Middle School,Maryland
5353,21,0,21,17425A,Kingsmeadow,Kingsmeadow School,United Kingdom
5354,21,0,21,31768A,Kells Lane,Kells Lane Primary School,United Kingdom
5355,21,0,21,33177A,PJH Volunteers,Pineville Junior High School,Louisiana
5356,21,0,21,929R,Hereford Zone Robotics,Hereford Middle School,Maryland
5357,21,0,21,1095A,Robo Warriors,Kidz Code AI Ltd,United Kingdom
5358,21,0,21,17401D,PCS Bobcats,Presbyterian Christian School,Mississippi
5359,21,0,21,42655C,The Sanderson Sisters,KNOX DOSS MIDDLE SCHOOL AT DRAKES CREEK,Tennessee
5360,21,0,21,79972B,Merrick Ave Robot ,Merrick Ave Middle School ,New York-South
5361,21,0,21,1408S,SyntaxError,King Henry VIII School,United Kingdom
5362,21,0,21,14113B,Clinton Eagles 2,WILLIAM JEFFERSON CLINTON MIDDLE,California - South
5363,21,0,21,73653P,Team Park View,Park View School,United Kingdom
5364,21,0,21,10946B,Brainless Bots,MAYWOOD CENTER FOR ENRICHED STUDIES,California - South
5365,21,0,21,30758D,STEM Pride,WALNUT PARK MID B SCI TECH ENGR AND MATH ACAD,California - South
5366,21,0,21,84633A,What's a MilliMeter?,Gaspar De Portola Middle School,California - South
5367,21,0,21,4825M,The Parokeets,ROYAL LIVE OAKS ACADEMY FOR THE ARTS AND SCIENCES CHARTER,South Carolina
5368,21,0,21,8035A,FIRE Mid,FIRE NSBE Jr.,Maryland
5369,21,0,21,84299A,Ernest Just Robotics Team,ERNEST EVERETT JUST MIDDLE,Maryland
5370,21,0,21,25779A,BWFLC-Team1,佛教黃鳳翎中學,Hong Kong
5371,21,0,21,93638A,Clairton Bears 1,CLAIRTON MIDDLE SCHOOL/HIGH SCHOOL,Pennsylvania - West
5372,21,0,21,52639A,The Mighty FrogBots,GLENS FALLS MIDDLE SCHOOL,New York-North
5373,21,0,21,10434R,RoboRavens Purple,IRVINGTON COMMUNITY SCHOOL,Indiana - Region 2 - Central
5374,21,0,21,58303B,Mad Dogs,VALLEY MIDDLE SCHOOL,North Dakota
5375,21,0,21,87170D,Girl Bots,Porter Traditional School,Virginia
5376,21,0,21,27295M,Mockingbird,Dexter Southfield,Massachusetts
5377,21,0,21,40171B,Knight Shade,BECK ACADEMY,South Carolina
5378,21,0,21,49131B,The Blueberry Bros,NORTH CLARION CO JSHS SCHOOL ,Pennsylvania - West
5379,21,0,21,75501W,The Clankers,TEXAS MIDDLE,Texas - Region 2
5380,21,0,21,75861B,Yellamins,CAYUGA MIDDLE,Texas - Region 2
5381,21,0,21,91384D,WOWO'S ECA Eagles,ELKHART CHRISTIAN ACADEMY,Indiana - Region 1 - North
5382,21,0,21,97995C,Team C,TWIN PEAKS CHARTER ACADEMY,Colorado
5383,20,6,14,37183B,37183B,Cascade Middle School,Tennessee
5384,20,0,20,9025C,Creative Croissants,DORAL ACADEMY CACTUS,Nevada
5385,20,4,16,1267W,Knights IQ,Delaware County Christian School,Pennsylvania - East
5386,20,2,18,33044B,Enter Text Here…,OLD HIGH MIDDLE SCHOOL,Arkansas
5387,20,2,18,57346B,Rockets 2,KATHERINE JOHNSON STEM ACADEMY,California - South
5388,20,2,18,1012Z,Ten Ton Robotics,West Vancouver Schools,British Columbia (BC)
5389,20,2,18,78208A,Kant Team 1,Gesamtschule „Immanuel Kant“ ,Germany
5390,20,2,18,1370B,The Original Grandpas,Heritage Middle School,Tennessee
5391,20,2,18,99273A,Academy Robotics ,Patrician Academy,Ireland
5392,20,2,18,22008C,The Stars,Colin L. Powell Academy,Maryland
5393,20,2,18,4340B,TechLabs Hambot Jr,TechLabs,Switzerland
5394,20,2,18,19500A,Evergreen Institute of Excellence,Evergreen Institute of Excellence,California - North
5395,20,0,20,13653E,Wisdom Builder Team E,Wisdom Builders,Indiana - Region 2 - Central
5396,20,0,20,5689U,Golden BOT,ROBOCOD Monastir,Tunisia
5397,20,0,20,71317A,Plz go EZ,Alabama School of Fine Arts,Alabama
5398,20,0,20,37179F,Data Divas,THOMPSON'S STATION MIDDLE SCHOOL,Tennessee
5399,20,0,20,240B,TrailBlazers,Trailblazer Robotics Central Forsyth Branch,Georgia
5400,20,0,20,18213A,Poseidon’s programmers,Private,Virginia
5401,20,0,20,58510A,Sigma Bots,Sydney Girls High School,Australia
5402,20,0,20,55554C,THE ANCHORS,Harvest International School,Uganda
5403,20,0,20,44233B,CCA Rams,COVENANT CHRISTIAN ACADEMY,Georgia
5404,20,0,20,4951C,CDS Cyclones,The Country Day School,Ontario
5405,20,0,20,15551C,Falconators,SHIRLEY D. SIMMONS MIDDLE SCHOOL,Mississippi
5406,20,0,20,64792U,X STREAM,STREAM CHARTER,California - North
5407,20,0,20,19881U,UNIS Hanoi IQ 1,UNIS Hanoi,Vietnam
5408,20,0,20,4943A,Lions Of Babylon,AI Incubator/Al-Mustaqbal University,Iraq
5409,20,0,20,73037A,die albinis,Albinus-Gemeinschaftsschule Lauenburg/Elbe,Germany
5410,20,0,20,704Z,Kill Switch Cylons,Jo Mackey iLead Academy for the Digital Sciences,Nevada
5411,20,0,20,54944D,RoboSharks,SILVESTRI  CHARLES JHS,Nevada
5412,20,0,20,76240W,Double A Batteries,GAINESVILLE JH,Texas - Region 5
5413,20,0,20,93638B,Clairton Bears 2,CLAIRTON MIDDLE SCHOOL/HIGH SCHOOL,Pennsylvania - West
5414,20,0,20,33131A,Dolphinator A,MONTEBELLO ELEMENTARY/MIDDLE SCHIIK,Maryland
5415,20,0,20,47F,First Light,EVERGREEN MIDDLE SCHOOL PTSA,Washington
5416,20,0,20,5280U,67ers,SOARING HEIGHTS PK-8,Colorado
5417,20,0,20,48952Z,BEST-Beavers,BEST-Sabel Bildungseinrichtungen gGmbH,Germany
5418,20,0,20,81868A,Alpha,Mingwan School,South China
5419,20,0,20,7628B,The New Guys,GIBBS MIDDLE SCHOOL,Tennessee
5420,20,0,20,3113B,Timmy Tank Destroyers,Seymour Intermediate,Indiana - Region 3 - South
5421,20,0,20,15290B,Dragon Girls United,Campbell Drive K-8 Center,Florida - South
5422,20,0,20,77623Z,Mustangs2,Morey Middle School,Colorado
5423,20,0,20,1922D,We Don't Know,ST JAMES SCHOOL,Connecticut
5424,20,0,20,5451M,Cybernetic Ravens,Marvin Sedway Middle School,Nevada
5425,20,0,20,70220A,St. Matthew School,ST MATTHEW SCHOOL,Connecticut
5426,20,0,20,68473E,Elite Engineers,MARSHALL MIDDLE,Texas - Region 3
5427,20,0,20,21515A,Fleming Falcons,ALEXANDER FLEMING MIDDLE,California - South
5428,20,0,20,17621A,Robo Gators A,ORCHARD ACADEMIES 2C,California - South
5429,20,0,20,71964A,Taco Wolves,Lake Hamilton Middle School,Arkansas
5430,20,0,20,24112C,Magothy Robotics,MAGOTHY RIVER MIDDLE,Maryland
5431,20,0,20,64098D,D- Rusty Ducks,LAKE STEVENS MIDDLE SCHOOL,Washington
5432,20,0,20,29597B,The Bagels,Legacy Christian Academy,Texas - Region 5
5433,20,0,20,86595D,Lynx,Lincoln Junior High School,California - South
5434,20,0,20,15911A,Charger's Banana Slugs,Saint Louise School,Washington
5435,20,0,20,2098A,Dragons,Saint George School,Dominican Republic
5436,20,0,20,45277B,B,CENTENNIAL JR HIGH,Utah
5437,20,0,20,9985C,Gear Grinders,Robotics Club MOKNINE,Tunisia
5438,20,0,20,1024M,"GearCats ""Mechanics""",FALL CREEK VALLEY MIDDLE SCHOOL,Indiana - Region 2 - Central
5439,20,0,20,12180A,REZ Doggs,Mescalero Apache School,New Mexico
5440,20,0,20,63394B,LIS Red Devils,Lowell Intermediate School,Indiana - Region 1 - North
5441,20,0,20,51648A,Peck1,The Peck School,New Jersey
5442,19,17,2,7811D,Leopards,Adarsha Academy,Arizona
5443,19,9,10,5439D,Viking Tech - D,JASPER JUNIOR HIGH SCHOOL,Alabama
5444,19,0,19,56927A,Laker Breakers,LAKER MIDDLE SCHOOL,Michigan
5445,19,2,17,20230C,Team Apocalypse,South Island School,Hong Kong
5446,19,2,17,5450N,Avalanche 4.0,MARSHALL COUNTY CENTRAL HIGH,Minnesota
5447,19,2,17,4340C,TechLabs Roboter mit Senf,TechLabs,Switzerland
5448,19,0,19,5829S,Awtybots,The Awty International School,Texas - Region 3
5449,19,0,19,92923B,92923B,Mcnary Elementary School,Arizona
5450,19,0,19,91710C,SMMS Robotics 91710,St. Margeret Mary School,California - South
5451,19,0,19,81785Y,Kinsale VEX Cubs 2,Kinsale Community School,Ireland
5452,19,2,17,38501X,Waiakea Water Titans,WAIAKEA INTERMEDIATE SCHOOL,Hawaii
5453,19,2,17,63670E,Penguin Warriors,STE. GENEVIEVE MIDDLE SCHOOL,Missouri
5454,19,2,17,31408D,Ve!ocity-X,TAHLEQUAH MIDDLE SCHOOL,Oklahoma
5455,19,2,17,43399C,James River Day School,James River Day School,Virginia
5456,19,0,19,49564A,Hawks,RENBROOK SCHOOL,Connecticut
5457,19,0,19,38352D,Dr. Pepper,SOUTHERN MIDDLE SCHOOL,Kentucky
5458,19,0,19,68749B,Northwest Robotics,NORTHWEST MIDDLE SCHOOL,Tennessee
5459,19,0,19,29611V,Valkyries,Powdersville Middle School,South Carolina
5460,19,0,19,18345A,天工开物,沈阳VEX学苑,North China
5461,19,0,19,76873B,YellowJackets1,GREER MIDDLE SCHOOL,South Carolina
5462,19,0,19,1370D,Hornet Champions,Heritage Middle School,Tennessee
5463,19,0,19,55655A,VEX BnB,Brainy n Bright,New Jersey
5464,19,0,19,7360C,Alpha Bots,Great Valley 5/6 Center,Pennsylvania - East
5465,19,0,19,6109C,Team K00L Kidd,Chairo Christian School,Australia
5466,19,0,19,81800S,Dino Nuggies,Pedare Christian College,Australia
5467,19,0,19,12223Z,The Magic Mink,Pembroke School,Australia
5468,19,0,19,12819G,GAZ,Adelaide Botanic High School,Australia
5469,19,0,19,8940A,The Butlers @ Ralston School,ComRam,California - North
5470,19,0,19,23098A,Cyber Tigers,WEST-BEMIS MIDDLE SCHOOL,Tennessee
5471,19,0,19,49678A,Jackrabbits,SCHOOL FOR DEAF HIGH,Kansas
5472,19,0,19,54958B,WolfPack Titans,WOODLAND MIDDLE SCHOOL,Georgia
5473,19,0,19,46334B,Robotics,DELMAR INTERNATIONAL SCHOOL-3,Mexico
5474,19,0,19,15551E,Robo Steelers,SHIRLEY D. SIMMONS MIDDLE SCHOOL,Mississippi
5475,19,0,19,38505A,CyberPhoenix,New Colossus Academy,Tennessee
5476,19,0,19,18159E,Cheetos,ELEANOR LEMAIRE JUNIOR HIGH SCHOOL,Nevada
5477,19,0,19,34344D,Team Robert,CHICO JUNIOR HIGH,California - North
5478,19,0,19,43160B,Blue Monkeys,Washington Middle School,Ohio
5479,19,0,19,48307A,North Stars #1,NORTH SYRACUSE JUNIOR HIGH SCHOOL,New York-North
5480,19,0,19,19991H,Mini Menaces,Harvest Intermediate School,Wisconsin
5481,19,0,19,19991F,Digital Dominators 2.0,Harvest Intermediate School,Wisconsin
5482,19,0,19,37469A,#GOALS,Davis Youth Robotics,California - North
5483,19,0,19,23808B,RoboHawks,BOBBY JOE HILL PK-8,Texas - Region 1
5484,19,0,19,38742C,Finish Line,POLAND JUNIOR HIGH SCHOOL,Louisiana
5485,19,0,19,74801T,Turbo Tinkerers,WESTWOOD MIDDLE SCHOOL,Florida - North/Central
5486,19,0,19,34522F,The Master Builders,NORTHEAST ACADEMY OF AEROSPACE & ADVTECH,North Carolina
5487,19,0,19,91445C,The Fredisons,WILLIAM S GUY MIDDLE SCHOOL,Ohio
5488,19,0,19,8871D,Red White & Blue,WALTER JOHNSON JUNIOR HIGH SCHOOL ACADEMY OF INTERNATIONAL S,Nevada
5489,19,0,19,90418C,Mighty Ducks,Horizon Jr High,Utah
5490,19,0,19,3053C,Dawson County Robotics Team,DAWSON COUNTY MIDDLE SCHOOL,Georgia
5491,19,0,19,65630A,Monster Claws,TEXAS SCHOOL FOR THE DEAF,Texas - Region 4
5492,19,0,19,22966A,Kingswood Ctrl-Alt-Defeat,Kingswood School,United Kingdom
5493,19,0,19,50284C,NFC,Heritage International Xperiential School,India
5494,19,0,19,76700X,Warrior Cry Robotics,NEWPORT GRAMMAR SCHOOL,Tennessee
5495,19,0,19,1715F,Ferocious Circuits,Hopkinton Middle School,Massachusetts
5496,19,0,19,10515H,OmniBots,J WILLIAM FULBRIGHT JUNIOR HIGH SCHOOL,Arkansas
5497,19,0,19,12903A,RoboRangers,Portlaoise College,Ireland
5498,19,0,19,36117C,ASTRO-STARS,CARR MIDDLE SCHOOL,Alabama
5499,19,0,19,44873B,PRO-PAIN,Millcreek Junior High School,Utah
5500,19,0,19,64525B,ASHGO-UPT2,ACADEMIA STEM HIDALGO-UP TULANCINGO,Mexico
5501,19,0,19,89312A,RGS Robokai 2,RGS Newcastle,United Kingdom
5502,19,0,19,23808D,Young Hawks,BOBBY JOE HILL PK-8,Texas - Region 1
5503,19,0,19,93801A,Chargers - Team A,CHARLES MIDDLE,Texas - Region 1
5504,19,0,19,14581F,The Geeks,Charlotte Public Schools,Michigan
5505,19,0,19,99136E,The Phyrexians,Portland East Middle School,Tennessee
5506,19,0,19,64287A,OIA Upper,Oakland International Academy Upper School,Michigan
5507,19,0,19,48212A,RoboPanthers:  The Crash,CANIFF LIBERTY ACADEMY,Michigan
5508,19,0,19,1267X,Knights IQ,Delaware County Christian School,Pennsylvania - East
5509,19,0,19,97864F,Team Lightning Bolts,ST ANNES EPISCOPAL SCHOOL,Colorado
5510,19,0,19,11111D,St. Bridget School 11111D,ST BRIDGET SCHOOL,Connecticut
5511,19,0,19,929H,Hereford Zone Robotics,HEREFORD MIDDLE,Maryland
5512,19,0,19,87811B,Roaring Tigers,MINOR MIDDLE SCHOOL,Alabama
5513,19,0,19,36391B,Code Popsicles 2,Colaiste Dun Iascaigh,Ireland
5514,19,0,19,79261N,Robotrim-Clustertim,Robotrim,Mexico
5515,19,0,19,11311A,Kanapaha A,Kanapaha Middle School,Florida - North/Central
5516,19,0,19,2831G,Electric Eagles,South Forsyth Middle School,Georgia
5517,19,0,19,14204A,1420A,Crestwood Middle School,Virginia
5518,19,0,19,2413A,Bruinbots,Bearden Middle School,Tennessee
5519,19,0,19,39548C,Robo Raptors,Hale Area Schools,Michigan
5520,19,0,19,76240Z,Tech Titans,GAINESVILLE JH,Texas - Region 5
5521,19,0,19,76240Y,RobaNova,GAINESVILLE JH,Texas - Region 5
5522,19,0,19,27757A,RJB RoboTribe,R J BASKETT MIDDLE SCHOOL,Indiana - Region 1 - North
5523,19,0,19,91441B,SEAL 7,ISLAMIC ACADEMY OF ALABAMA,Alabama
5524,19,0,19,32688C,Crash Out Queens,THEODORE ROOSEVELT SCHOOL,Arizona
5525,19,0,19,7280G,The Hive,Anderson County Library VEX Robotics,South Carolina
5526,19,0,19,77414D,RoboFlashes D,Franklin Central Junior High,Indiana - Region 2 - Central
5527,19,0,19,17760E,Smart Pizzas,Capitol City Robotics,District of Columbia
5528,19,0,19,2434A,Boys & Girls Club,Boys & Girls Club of Seymour,Indiana - Region 3 - South
5529,19,0,19,63683C,The Bananas,ROY JR HIGH,Utah
5530,19,0,19,9985D,VIPER,Robotics Club MOKNINE,Tunisia
5531,19,0,19,6574H,VoltEagles,CodHub Sousse,Tunisia
5532,19,0,19,16323F,Crazy Cats,FRANKLIN AREA JSHS,Pennsylvania - West
5533,19,0,19,58695A,58695A,Crossett Middle School,Arkansas
5534,19,0,19,52815A,Robo Renegades,UNION 6TH-7TH GRADE CTR,Oklahoma
5535,19,0,19,10256D,Nuggets {[ Gray ]},KLONDIKE MIDDLE SCHOOL,Indiana - Region 1 - North
5536,19,0,19,51529A,Tech Tiger 1,HARMONY SCIENCE ACADEMY - DALLAS,Texas - Region 2
5537,19,0,19,75501S,Six Guys,TEXAS MIDDLE,Texas - Region 2
5538,19,0,19,97876A,Robo Bears,IRVING & BEATRICE PESKOE K-8 CENTER,Florida - South
5539,19,0,19,23232Z,SHAKAA,DOVE SCIENCE ACADEMY MIDDLE SCHOOL,Oklahoma
5540,19,0,19,45939D,Baron Bots D,DEKALB MIDDLE SCHOOL,Indiana - Region 1 - North
5541,19,0,19,390A,Soldier Tank,RIGBY MIDDLE SCHOOL,Idaho
5542,18,0,18,12839B,RoboticRoar,HUDSON FALLS MIDDLE SCHOOL,New York-North
5543,18,4,14,4410A,The Ducks,Troop 441,Connecticut
5544,18,2,16,10256B,Nuggets {[ White ]},KLONDIKE MIDDLE SCHOOL,Indiana - Region 1 - North
5545,18,0,18,81890C,RoboBisons,ROSEMONT SCHOOL,Texas - Region 2
5546,18,2,16,52152C,Mechanical Mermaids,MONROE TOWNSHIP MIDDLE SCHOOL,New Jersey
5547,18,2,16,10740B,The Great Quantum Dogs,OAK MOUNTAIN MIDDLE SCHOOL,Alabama
5548,18,2,16,7280E,Mega Biytes  Anderson Co. Library,Anderson County Library VEX Robotics,South Carolina
5549,18,0,18,16346D,Dominators,Cranberry Area Jshs,Pennsylvania - West
5550,18,0,18,73807M,The Surfers,GERMANTOWN MIDDLE SCHOOL,Mississippi
5551,18,0,18,74469B,Crazy Cub Bots,MONETT MIDDLE,Missouri
5552,18,0,18,19761B,Forrester Robocats,Forrester High School,United Kingdom
5553,18,0,18,17870C,Circuit Circus,BATESBURG-LEESVILLE MIDDLE SCHOOL,South Carolina
5554,18,0,18,37069X,GMS MOOSE,Grassland Middle School,Tennessee
5555,18,0,18,75485C,The Robo Brains,NORTHSIDE MIDDLE SCHOOL,Indiana - Region 3 - South
5556,18,0,18,42485H,Robohawks Gold,JEFFERSON CENTRAL SCHOOL,New York-North
5557,18,0,18,71023E,Astro Destroyers,Henderson Middle School,Georgia
5558,18,0,18,23394B,Edison Eagles B,THOMAS A. EDISON MIDDLE,California - South
5559,18,0,18,81626F,Munchers,Craig Middle School,Colorado
5560,18,0,18,97058B,The Alpha Nuggets,Wasco County 4-H & The Dalles Middle School,Oregon
5561,18,0,18,71931A,mozerella kids,Highvale Secondary College,Australia
5562,18,0,18,80781B,Cougar Cadets,KATHERINE H HANKINS MIDDLE SCHOOL,Alabama
5563,18,0,18,1024N,"GearCats ""Ninjas""",FALL CREEK VALLEY MIDDLE SCHOOL,Indiana - Region 2 - Central
5564,18,0,18,96237C,St. Michael Academy - C,St. Michael Academy,Tennessee
5565,18,0,18,2915Y,Lynfield Y,Lynfield College,New Zealand
5566,18,0,18,84T,Strawhats,TIMBERLINE MIDDLE SCHOOL,Washington
5567,18,0,18,67658D,Shekinah International,Shekinah International School,Uganda
5568,18,0,18,28102S,Super Nova,NORTH UNION MIDDLE SCHOOL,Ohio
5569,18,0,18,76897D,Baynaxcitos,DELMAR INTERNATIONAL SCHOOL,Mexico
5570,18,0,18,86442A,Galactic Guardians,Jackson Academic STEAM Academy,Tennessee
5571,18,0,18,91320F,BSIC BULLDOGS,Bernadine Sitts Intermediate Center,Kansas
5572,18,0,18,40422B,ACSEM Tigers Team B,ACADEMIR CHARTER SCHOOL EAST AT DORAL,Florida - South
5573,18,0,18,15911Z,Charger's Barbra Manatee,Saint Louise School,Washington
5574,18,0,18,67282A,Patana Mid #1,Bangkok Patana School,Thailand
5575,18,0,18,10775A,CyberEAGLES 10775A,SYCAMORE SCHOOL,Indiana - Region 2 - Central
5576,18,0,18,40638B,GSIS Team Blue,German Swiss International School,Hong Kong
5577,18,0,18,1740E,CHM Robotics,Chestnut Hill Middle School,New York-North
5578,18,0,18,3018T,Whatchamacallit,Techna Pwn Robotics,Iowa
5579,18,0,18,4202C,Chicholm Middle School Team C,CHISHOLM MIDDLE SCHOOL,Oklahoma
5580,18,0,18,2583C,Angle Lovers 67,ASIA PACIFIC INTERNATIONAL SCHOOL,Hawaii
5581,18,0,18,1359B,Autobots,Henry J. Mclaughlin Middle School,New Hampshire/Vermont
5582,18,0,18,34522D,Robot Rampage,NORTHEAST ACADEMY OF AEROSPACE & ADVTECH,North Carolina
5583,18,0,18,2376C,2376 C,Bidwell Junior High School,California - North
5584,18,0,18,77182Y,MECHA OOGWAY,Oak Hall School,Florida - North/Central
5585,18,0,18,2711B,RoboDragons - Ice,DON ESTRIDGE HIGH TECH MIDDLE SCHOOL,Florida - South
5586,18,0,18,35226B,RoboPOP-B,PRINCE OF PEACE CATHOLIC SCHOOL,Alabama
5587,18,0,18,78785A,Cougars 6a,PINECREST ACADEMY OF NEVADA CADENCE,Nevada
5588,18,0,18,54958D,Pack Paws,WOODLAND MIDDLE SCHOOL,Georgia
5589,18,0,18,94915D,Bob,Wuhan Yangtze International School,Middle China
5590,18,0,18,1695F,The Tech Titans,Walter Polson Middle School,Connecticut
5591,18,0,18,1955G,Altaria,DEEP CREEK MIDDLE,Virginia
5592,18,0,18,1603C,Control+Alt+Defeat,Florence Middle School,Alabama
5593,18,0,18,10931B,MSP B,MIDDLE SCHOOL OF PLAINVILLE,Connecticut
5594,18,0,18,17139D,Clanckers,SOUTH WASCO MIDDLE SCHOOL,Oregon
5595,18,0,18,32312A,Pumas - Team A,Pickering College,Ontario
5596,18,0,18,43826C,Robot Geeks,ERNEST R. GRAHAM K-8 ACADEMY,Florida - South
5597,18,0,18,33899C,Girl Power Wildcats,Winston Park K-8 Center,Florida - South
5598,18,0,18,73150A,Chennai Robo Rockers,SRF Foundation,India
5599,18,0,18,36658A,Lisa Jaguars,Lisa Academy Fayetteville,Arkansas
5600,18,0,18,61018M,M-Core,Malesus STEM Innovation Center,Tennessee
5601,18,0,18,7223A,FDT Roto Phantoms,SARAH ZUMWALT MIDDLE,Texas - Region 2
5602,18,0,18,3686C,Warrior Robotics-Geared Up,WOODLAND MIDDLE SCHOOL,Tennessee
5603,18,0,18,46945A,Precision Panthers,Decatur County Middle School,Tennessee
5604,18,0,18,53409A,CMS Cougars,E.B. Comstock Middles School,Texas - Region 2
5605,18,0,18,56565B,FoxBots,CADDO MILLS MIDDLE,Texas - Region 2
5606,18,0,18,78753A,Chill People,HARMONY SCIENCE ACADEMY - AUSTIN,Texas - Region 4
5607,18,0,18,46445D,Goat 2.0,LJHS Robotics Team,Arkansas
5608,18,0,18,10615A,Liberty Robotics,Liberty Middle School,Georgia
5609,18,0,18,15307A,St.Wolfgang Schule I,St.Wolfgang Schule,Germany
5610,18,0,18,65223D,Pretty Pink Unicorns,DE FOREST MIDDLE,Wisconsin
5611,18,0,18,1294G,Velocity VEXicons,Shanghai American School - Pudong Campus (SAS Pudong),East China
5612,18,0,18,1049X,BISS PUXI Team 2,"The British International School of Shanghai, Puxi",East China
5613,18,0,18,77517A,Suffield Middle 1,Suffield Middle School,Connecticut
5614,18,0,18,6318D,The Lions,LADY'S ISLAND MIDDLE,South Carolina
5615,18,0,18,52191E,Gaming Bananas,Edgewood Junior High School,Indiana - Region 3 - South
5616,18,0,18,375H,375H,ROBERT F BUMPUS MIDDLE SCHOOL,Alabama
5617,18,0,18,11028C,NCSA Robotics (MS),Newton County STEAM Academy,Georgia
5618,18,0,18,40422A,ACSEM Tigers,ACADEMIR CHARTER SCHOOL EAST AT DORAL,Florida - South
5619,18,0,18,605D,The Tanks,Braden River Middle School,Florida - North/Central
5620,18,0,18,15551D,The Goats,SHIRLEY D. SIMMONS MIDDLE SCHOOL,Mississippi
5621,18,0,18,97864G,3 Little Piggies,ST ANNES EPISCOPAL SCHOOL,Colorado
5622,18,0,18,1227G,Mech Men,BOLTON CENTER SCHOOL,Connecticut
5623,18,0,18,71716D,Program Winners,MUSCLE SHOALS MIDDLE SCHOOL,Alabama
5624,18,0,18,60425A,Dragon Robotics A,EASTWOOD KNOLLS INTERNATIONAL,Texas - Region 1
5625,18,0,18,71403D,Anacoco Dragons,ANACOCO ELEMENTARY SCHOOL,Louisiana
5626,18,0,18,243J,Circuit Sparks,FRONTIER SCHL OF INNOVATION-ELEMENTARY,Missouri
5627,18,0,18,1565G,HGS_Ctrl_Alt_Elite,Highgate School,United Kingdom
5628,18,0,18,86716B,ASCN CLARA Team 2,Ard Scoil Chiarain Naofa ,Ireland
5629,18,0,18,94694S,St Jude Robotics,St Jude Robotics,Tennessee
5630,18,0,18,96596A,PAJAZ,American Creativity Academy,Kuwait
5631,18,0,18,40020A,R.S.S. Innovators,Rawd Al Saleheen Bilangual School,Kuwait
5632,18,0,18,11311B,The Nebelungs,Kanapaha Middle School,Florida - North/Central
5633,18,0,18,74801C,Were Better-er-er-er-er,WESTWOOD MIDDLE SCHOOL,Florida - North/Central
5634,18,0,18,11029B,Robotic Racoons,ABRAHAM LINCOLN MIDDLE SCHOOL,Florida - North/Central
5635,18,0,18,79799A,Aldwickbury: Apex Alpha,Aldwickbury,United Kingdom
5636,18,0,18,37423A,Panda Velocity,OLIVE VISTA STEAM MAGNET,California - South
5637,18,0,18,37456A,Husky Havoquettes,CAROLINA SPRINGS MIDDLE,South Carolina
5638,18,0,18,37456B,Husky Havoc Elites,CAROLINA SPRINGS MIDDLE,South Carolina
5639,18,0,18,17806C,Guardians of the Dust Devils,VILLA DE PAZ ELEMENTARY SCHOOL,Arizona
5640,18,0,18,64098B,B- Tech Titans,LAKE STEVENS MIDDLE SCHOOL,Washington
5641,18,0,18,10740C,The Broken Robotz,OAK MOUNTAIN MIDDLE SCHOOL,Alabama
5642,18,0,18,495C,Hopewell,HOPEWELL JHS,Pennsylvania - West
5643,18,0,18,82922C,CTMS VexC,CLINTON TOWNSHIP MIDDLE SCHOOL,New Jersey
5644,18,0,18,73134B,Marauder Machines 3,MT VERNON MIDDLE,Indiana - Region 2 - Central
5645,18,0,18,2529R,Clay Trojan Robotics,CLAY MIDDLE SCHOOL,Indiana - Region 2 - Central
5646,18,0,18,15017A,Amazing Pirates,HARBOR BEACH MIDDLE SCHOOL,Michigan
5647,18,0,18,3432J,[Co.R.E.] - Jolly Ranchers,Sandy Creek Middle School,New York-North
5648,18,0,18,1740F,LMS Robotics,Liverpool Middle School,New York-North
5649,18,0,18,35363A,SpartiBots A,Imlay City Middle School,Michigan
5650,18,0,18,47494A,RCMS Robotics Panthers,RIDGEVIEW MIDDLE SCHOOL,Georgia
5651,18,0,18,74023A,Dancing Turtles,CUSHING MIDDLE SCHOOL,Oklahoma
5652,18,0,18,21901B,Clarion Jr. High Robotics 2,CLARION AREA JSHS,Pennsylvania - West
5653,18,0,18,1193C,I Like to Move It Move It,Jay County Robotics,Indiana - Region 1 - North
5654,18,0,18,26346A,R.A.P.N.67,Pannini Tech Academy,North Carolina
5655,18,0,18,81626R,Lemonade Robots,Craig Middle School,Colorado
5656,18,0,18,12042X,Avon West 2,AVON MIDDLE SCHOOL WEST,Indiana - Region 2 - Central
5657,18,0,18,54204D,PanthersD,ST VINCENT DE PAUL SCHOOL,Indiana - Region 1 - North
5658,18,0,18,17555D,Banana Bots,Hamilton Southeastern Intermediate & Junior High School,Indiana - Region 2 - Central
5659,18,0,18,80517M,Burgers,Estes Park Middle School,Colorado
5660,17,17,0,10478A,Scorpion,Greig City Academy,United Kingdom
5661,17,6,11,67960A,NMSD Robo-Runners,NM SCHOOL FOR THE DEAF,New Mexico
5662,17,4,13,64895C,Kelmo Krushers,COTTER HIGH SCHOOL,Arkansas
5663,17,0,17,41401D,Bo-bots,CORAL ACADEMY OF SCIENCE LAS VEGAS CENTENNIAL HILLS,Nevada
5664,17,4,13,6045A,Moon Melons,JACKSON MIDDLE SCHOOL NEISD,Texas - Region 4
5665,17,0,17,32868B,Chargers-B,SAGE PARK MIDDLE SCHOOL,Connecticut
5666,17,0,17,32596B,Cyber Storm,KELLY A BURLISON MIDDLE SCHOOL,Missouri
5667,17,0,17,94209R,MKL_Mavericks,Siegfried-von-Vegesack-Realschule Regen,Germany
5668,17,0,17,79114A,Team Olaves,St Olaves Grammar school,United Kingdom
5669,17,0,17,33719G,Ares,Central Coast Grammar School,Australia
5670,17,0,17,4516A,대구오성치킨먹고힘냄,오성중학교,South Korea
5671,17,0,17,1800B,HTS Hawks,Holy Trinity School,Ontario
5672,17,0,17,31097D,Unit 9,DRAKE JUNIOR HIGH SCHOOL,Colorado
5673,17,0,17,38565B,Athlone Community College (B),Athlone Community College,Ireland
5674,17,0,17,8111B,Dodson Vector Bot,Rudecinda Sepulveda Dodson Middle School,California - South
5675,17,0,17,29597A,The Humans,Legacy Christian Academy,Texas - Region 5
5676,17,0,17,6697B,R2,Prattville Junior High School,Alabama
5677,17,0,17,23235G,The Storm Dragons,St. Michael's Episcopal School,Virginia
5678,17,0,17,8019B,IES Manuel Vázquez Montalbán,IES Manuel Vázquez Montalbán,Spain
5679,17,0,17,6109D,Goofy Goobers,Chairo Christian School,Australia
5680,17,0,17,23660K,LK JS 10,Loreto Kirribilli,Australia
5681,17,0,17,1510X,Future Forge Hopper,Future Forge STEM Labs,California - North
5682,17,0,17,12223C,Terabots,Pembroke School,Australia
5683,17,0,17,79420V,79420V,Carey Baptist College,Australia
5684,17,0,17,36655F,Fantastic 4,Oxford Prep Academy SOC,California - South
5685,17,0,17,21350J,Rice-cream,Trinity Grammar Preparatory School,Australia
5686,17,0,17,94357B,High Tech Hawks,SKYCREST CHRISTIAN SCHOOL,Florida - North/Central
5687,17,0,17,4766A,Horsepower,DUCHESNE ACADEMY OF THE SACRED HEART,Texas - Region 3
5688,17,0,17,24250Z,VEX Vikings Team Zelda,BRENTWOOD MIDDLE SCHOOL,Tennessee
5689,17,0,17,80011A,Wild Boba Machine,Wild Boba Machine,California - South
5690,17,0,17,46511A,Las yapperas,DELMAR INTERNATIONAL SCHOOL-6,Mexico
5691,17,0,17,87385B,Mi reyes,DELMAR INTERNATIONAL SCHOOL-4,Mexico
5692,17,0,17,46334E,ChickcnStar,DELMAR INTERNATIONAL SCHOOL-3,Mexico
5693,17,0,17,76897C,PEV,DELMAR INTERNATIONAL SCHOOL,Mexico
5694,17,0,17,46511E,DELMAR GRUPO 6E,DELMAR INTERNATIONAL SCHOOL-6,Mexico
5695,17,0,17,35777T,Leones TLC 3,TREE OF LIFE INTERNATIONAL CHARTER,California - North
5696,17,0,17,48755A,The G.O.A.T.,Cross Lutheran School,Michigan
5697,17,0,17,2107A,ATIS CoreX,Atakamul International School,Kuwait
5698,17,0,17,40638A,GSIS Team Gray,German Swiss International School,Hong Kong
5699,17,0,17,4854D,FMS-Certified Forklift Operator,FARNSWORTH MIDDLE SCHOOL,Idaho
5700,17,0,17,8056Z,Team WA,Ralston Middle School,California - North
5701,17,0,17,1872M,QPCA - Harold & the Purple Crayons,QUEEN OF PEACE CATHOLIC ACADEMY,Florida - North/Central
5702,17,0,17,17754M,Dynamic Dragons,Niles Middle School,Ohio
5703,17,0,17,84125B,Electron Terror,The Gilberd School,United Kingdom
5704,17,0,17,16016A,TANG KING PO,Tang King Po School,Hong Kong
5705,17,0,17,75570C,Lion Pride,NEW BOSTON MIDDLE,Texas - Region 2
5706,17,0,17,64544C,Zoomies,FRANK WARD STRONG SCHOOL,Connecticut
5707,17,0,17,31055A,Caramel Apples,WHITE MIDDLE,Texas - Region 4
5708,17,0,17,15486M,The Norwegian Ridgebacks,VISTA SCHOOL,Utah
5709,17,0,17,1227F,The z00mi3s,BOLTON CENTER SCHOOL,Connecticut
5710,17,0,17,80190B,80HD,Jcib Middle School,Alabama
5711,17,0,17,76049A,Robo Ragers,ACTON MIDDLE,Texas - Region 5
5712,17,0,17,21169W,Oreos,Stamford American School Hong Kong,Hong Kong
5713,17,0,17,47201V,SpongeVob,CENTRAL MIDDLE SCHOOL,Indiana - Region 3 - South
5714,17,0,17,78777A,Adelphi STEP,Adelphi University STEP Program,New York-South
5715,17,0,17,30633B,Curry Middle School ,Curry Middle School,Alabama
5716,17,0,17,639D,Ithaca D,Ithaca City School District,New York-North
5717,17,0,17,64987E,Organized Chaos,PLAINFIELD COMMUNITY MIDDLE SCHOOL,Indiana - Region 2 - Central
5718,17,0,17,37183C,37183C,Cascade Middle School,Tennessee
5719,17,0,17,99483A,Robot Riot,OUR LADY OF CONSOLATION SCHOOL,Michigan
5720,17,0,17,81314T,Electra Elite,American International School of Guangzhou,South China
5721,17,0,17,74628B,Motorizers,THREE RIVERS SCHOOL,Illinois
5722,17,0,17,10425C,NFCS Robotics,NEW FOUNDATIONS CS,Pennsylvania - East
5723,17,0,17,4825E,Sakura Samurai,ROYAL LIVE OAKS ACADEMY FOR THE ARTS AND SCIENCES CHARTER,South Carolina
5724,17,0,17,8406A,CYBER SQUAD,Unidad Educativa Particular Ecuatoriano Suizo,Ecuador
5725,17,0,17,48010A,Five Guys,NORTH LAKE MIDDLE SCHOOL,Washington
5726,17,0,17,72051B,SCA Gold Team,ST CATHERINE OF ALEXANDRIA SCHOOL,California - South
5727,17,0,17,85288C,SSJ Prototypes,STS SIMON & JUDE SCHOOL,California - South
5728,17,0,17,90472A,TdS Sundevils A,Tierra del Sol Middle School,California - South
5729,17,0,17,4275A,CCK Robotic A,CMA Choi Cheung Kok Secondary School,Hong Kong
5730,17,0,17,35826E,Easington Robotics Team,Easington Academy,United Kingdom
5731,17,0,17,2820K,The Robots,Oyster River Middle School,New Hampshire/Vermont
5732,17,0,17,22438A,Allenstown Community School 22438A,Allenstown Community School,New Hampshire/Vermont
5733,17,0,17,605G,Pink Fluffy Unicorns,Braden River Middle School,Florida - North/Central
5734,17,0,17,67461A,Scarborough Knights,Scarborough Model Middle School ,Alabama
5735,17,0,17,1267T,Knights IQ,Delaware County Christian School,Pennsylvania - East
5736,17,0,17,9650A,PES-CATs,PLYMOUTH ELEMENTARY SCHOOL,New Hampshire/Vermont
5737,17,0,17,8056C,Team TA,Ralston Middle School,California - North
5738,17,0,17,43767G,RoboClaws,SEDALIA MIDDLE SCHOOL,Missouri
5739,17,0,17,9165A,ROS,private home,California - North
5740,17,0,17,64519A,OLMC Team 1,OUR LADY OF MOUNT CARMEL SCHOOL,Connecticut
5741,17,0,17,8600E,Super Panther - 8600E,HERITAGE SCHOOL,Michigan
5742,17,0,17,64519B,OLMC Team 2,OUR LADY OF MOUNT CARMEL SCHOOL,Connecticut
5743,17,0,17,27686A,RB_TRILE,Trường PTDT BT THCS Tri Lễ,Vietnam
5744,17,0,17,329C,RQ - Dibba Al Hisn 1,RQ Science & Technology - Khorfakkan,United Arab Emirates
5745,17,0,17,10635A,DMJBulls1,DR MONA JAIN MIDDLE SCHOOL,Florida - North/Central
5746,17,0,17,34533B,SGS Brainology,Sutton Grammar School,United Kingdom
5747,17,0,17,4217A,Colaiste Choilm Tullamore,Colaiste Choilm Tullamore,Ireland
5748,17,0,17,77023A,Ankkapaisti,"City of Riihimaki, Pohjolanrinteen koulu",Finland
5749,17,0,17,53435A,RBS Eagles,Alruya Bilingual School,Kuwait
5750,17,0,17,50257A,Rivals,New American School,Kuwait
5751,17,0,17,10478E,Team Dave,Greig City Academy,United Kingdom
5752,17,0,17,86424B,Bryson Bulldogs,Bryson Middle School,South Carolina
5753,17,0,17,4825H,Project Blue Lock,ROYAL LIVE OAKS ACADEMY FOR THE ARTS AND SCIENCES CHARTER,South Carolina
5754,17,0,17,22008B,Terrific Tacos,Colin L. Powell Academy,Maryland
5755,17,0,17,58240C,The Teslas,ROBERT ANDERSON MIDDLE,South Carolina
5756,17,0,17,387C,387C,PARKWAY ELEMENTARY,Washington
5757,17,0,17,90922A,Blue,AVON MIDDLE SCHOOL NORTH,Indiana - Region 2 - Central
5758,17,0,17,47229E,Crothersville MS Tiger Robotics,CROTHERSVILLE JR-SR HIGH SCHOOL,Indiana - Region 3 - South
5759,17,0,17,81338B,Jr. Panther Robotics,BABYLON JUNIOR-SENIOR HIGH SCHOOL,New York-South
5760,17,0,17,52352C,Champs,Abner Creek Middle School,South Carolina
5761,17,0,17,53486D,Moon & Back,WESTERN PENNSYLVANIA SCHOOL FOR THE DEAF,Pennsylvania - West
5762,17,0,17,49131C,The Quackers,NORTH CLARION CO JSHS SCHOOL ,Pennsylvania - West
5763,17,0,17,29627E,Pilot V2,Bixby Middle School,Oklahoma
5764,17,0,17,10695A,The Big Birds,St John's Episcopal School,California - South
5765,17,0,17,66282H,Mechanical Maniacs,NORTHWEST CABARRUS MIDDLE,North Carolina
5766,17,0,17,41558A,St John Catholic School A,St John Catholic School,Kentucky
5767,17,0,17,10462A,Northview Falcons A,NORTHVIEW MIDDLE SCHOOL,Indiana - Region 2 - Central
5768,17,0,17,12180B,Rez Bulls',Mescalero Apache School,New Mexico
5769,16,16,0,5573C,Blue Devils,NORTHEAST MIDDLE SCHOOL,Georgia
5770,16,7,9,85968B,SWA RoboKnights MS,Sinarmas World Academy,Indonesia
5771,16,2,14,92519A,JDS Lions A,CHARLES E SMITH JEWISH DAY SCHOOL,Maryland
5772,16,2,14,90007C,Revere Robotics Team C Kewies,PAUL REVERE CHARTER MIDDLE,California - South
5773,16,2,14,19994H,Crazy Bots,SOUTH MIDDLE SCHOOL,North Dakota
5774,16,0,16,86774A,Los 6-7,DELMAR INTERNATIONAL SCHOOL-5,Mexico
5775,16,0,16,29025A,Magnetic Vikings,South Gate Middle School Magnet,California - South
5776,16,0,16,38673C,AnxieTea,"Canyon Hills Middle School, CCTE/STEAM Pumas",Texas - Region 1
5777,16,0,16,85571C,BIA OWL's,BALTIMORE INTERNATIONAL ACADEMY,Maryland
5778,16,0,16,8135F,Grizzly Gears,PINEY GROVE MIDDLE SCHOOL,Georgia
5779,16,0,16,70543M,The Shadies,MARGARETTA MIDDLE SCHOOL,Ohio
5780,16,0,16,67113A,Block Blasters,PRAIRILAND J H,Texas - Region 2
5781,16,0,16,6909Z,The A Team,Alhuda Academy,Massachusetts
5782,16,0,16,51404B,5 Monkeys,St Andrew’s International School Bangkok,Thailand
5783,16,0,16,85301E,pURPLE   bANANAS,The International School of Macao,Macau
5784,16,0,16,88585B,Buccaneers,BELLINGRATH MIDDLE SCHOOL,Alabama
5785,16,0,16,3931A,Wall-E's,CAMPTON ELEMENTARY SCHOOL,New Hampshire/Vermont
5786,16,0,16,63278B,Carnegie Middle School,ANDREW CARNEGIE MIDDLE,California - South
5787,16,0,16,10789E,HACkerS,City of London School for Girls,United Kingdom
5788,16,0,16,1569B,Hawthorne Robotics 2,HAWTHORNE CHRISTIAN ACADEMY,South Carolina
5789,16,0,16,70692A,Stiern Sharknados,Walter Stiern Middle School,California - South
5790,16,0,16,91445G,The Mighty Leopards,WILLIAM S GUY MIDDLE SCHOOL,Ohio
5791,16,0,16,17807A,Team Rocket,RIO VISTA ELEMENTARY,Arizona
5792,16,0,16,3234A,Amazingness,Highland Elementary,Washington
5793,16,0,16,14323B,BOT-B,FAIRBANKS MIDDLE SCHOOL,Ohio
5794,16,0,16,12195A,RoboRoyals,Home Team,North Carolina
5795,16,0,16,4649E,Ninjabotics E,The American School in Japan,Japan
5796,16,0,16,9985B,Metal Mind,Robotics Club MOKNINE,Tunisia
5797,16,0,16,81626D,Ducks,Craig Middle School,Colorado
5798,16,0,16,2677B,Big Bots Inc.,Big Bots Inc.,Virginia
5799,15,4,11,20721E,Byte Club,Ravenswood School for Girls,Australia
5800,15,2,13,73807U,Hot Diggity Dogs,GERMANTOWN MIDDLE SCHOOL,Mississippi
5801,15,2,13,38501B,Iron Titans,WAIAKEA INTERMEDIATE SCHOOL,Hawaii
5802,15,0,15,75921D,Technology Destroyers,Hampton Park Christian School,South Carolina
5803,15,2,13,5643A,HF Robotics,Holy Family Catholic High School,United Kingdom
5804,15,0,15,9360Z,Bob the Building,Hong Kong International School,Hong Kong
5805,15,0,15,78802B,Tiny People,UBLY COMMUNITY ELEMENTARY SCHOOL,Michigan
5806,15,0,15,2226B,Insert Name Here,Yantai Huasheng International School (LifePlus),Middle China
5807,15,0,15,625A,Gangster Bots,Maplewood Middle School,Wisconsin
5808,15,0,15,605C,The Sinister 6,Braden River Middle School,Florida - North/Central
5809,15,0,15,84005D,Einsteins,ELMORE PARK MIDDLE SCHOOL,Tennessee
5810,15,0,15,29611X,Silly Gooses,Powdersville Middle School,South Carolina
5811,15,0,15,14163A,The Billionaire Ducks Back in Business,MONROEVILLE High SCHOOL,Ohio
5812,15,0,15,50491G,Smarties,GATEWAY SCIENCE ACADEMY MIDDLE,Missouri
5813,15,0,15,24120D,Triple ST,Inglewood Middle School,Washington
5814,15,0,15,58695C,58695C,Crossett Middle School,Arkansas
5815,15,0,15,68988B,Rossville Robotics Team,ROSSVILLE MIDDLE/SENIOR HIGH SCH,Indiana - Region 1 - North
5816,15,0,15,54204F,PanthersF,ST VINCENT DE PAUL SCHOOL,Indiana - Region 1 - North
5817,14,7,7,43160C,Blue Bots ,Washington Middle School,Ohio
5818,14,7,7,639J,Ithaca J,Ithaca City School District,New York-North
5819,14,7,7,55698B,C.O.D.E BCAD,Brighton College Abu Dhabi,United Arab Emirates
5820,14,0,14,5450M,Avalanche 3.0,MARSHALL COUNTY CENTRAL HIGH,Minnesota
5821,14,0,14,38298D,Robotic Executioner,BOB GRAHAM EDUCATION CENTER,Florida - South
5822,14,4,10,81800D,TechnoTitans,Pedare Christian College,Australia
5823,14,4,10,81424B,Apollo 5,Gus Almquist Middle School,Texas - Region 4
5824,14,4,10,10665C,Eagles,LEHMAN INTERMEDIATE SCH,Pennsylvania - East
5825,14,0,14,363A,The Dodgers,R4Creating,New Mexico
5826,14,0,14,263E,No Name Necessary,RIVERSIDE MIDDLE,South Carolina
5827,14,0,14,836F,RoboBees F,growingSTEMS,Maryland
5828,14,0,14,77414E,RoboFlashes E,Franklin Central Junior High,Indiana - Region 2 - Central
5829,14,0,14,11442A,Hewitt Robotics,THE HEWITT SCHOOL,New York-South
5830,14,0,14,4226A,Saint Stephen's College 1,Saint Stephen's College,Australia
5831,14,0,14,34790A,Team THS-Bumblebee,Tibagan High School,Philippines
5832,14,0,14,4951A,CDS Cyclones,The Country Day School,Ontario
5833,14,0,14,2376D,2376 C,Bidwell Junior High School,California - North
5834,14,0,14,127P,Persevering Half-Bloods,PACIFIC COAST ACADEMY,California - South
5835,14,0,14,20147A,FPT_ECO75,"Trường Tiểu học, Trung học cơ sở và Trung học phổ thông FPT",Vietnam
5836,14,0,14,19736A,ROBOSTARS,MILLENNIUM 6-12 COLLEGIATE ACADEMY,Florida - South
5837,14,0,14,19994F,The Builders,SOUTH MIDDLE SCHOOL,North Dakota
5838,14,0,14,14301B,Clanker Crushers,Gaskill Preparatory School,New York-North
5839,14,0,14,26888B,Houston Dragon Academy -B,Houston Dragon Academy,Texas - Region 3
5840,14,0,14,374C,*Insert Team Name Here*,Paxman Academy,United Kingdom
5841,14,0,14,67149A,Erwin Middle School - Obliterators -,ERWIN MIDDLE SCHOOL,Alabama
5842,14,0,14,91989C,MMS Robotics,MACDONALD MIDDLE SCHOOL,Michigan
5843,14,0,14,76956B,Phoenix B,"RIS - Ruamrudee, Minburi",Thailand
5844,14,0,14,80056A,CRESPIBOT,UNIDAD EDUCATIVA SALESIANA SANTO TOMAS APOSTOL,Ecuador
5845,14,0,14,10999N,Ashford Wolfbots,Ashford School,Connecticut
5846,14,0,14,14777E,Canyon Park 5,CANYON PARK MIDDLE SCHOOL,Washington
5847,14,0,14,41295B,Hankins Team B,KATHERINE H HANKINS MIDDLE SCHOOL,Alabama
5848,14,0,14,1971D,RQ - Zayed #2,Rubu Qarn,United Arab Emirates
5849,14,0,14,79114B,Real Deal,St Olaves Grammar school,United Kingdom
5850,14,0,14,11108D,Dirt Bots,William Mulholland Middle School,California - South
5851,14,0,14,58240A,Toast Empire,ROBERT ANDERSON MIDDLE,South Carolina
5852,14,0,14,30187A,CFMS Grizzlies Team 1,CAPE FEAR MIDDLE,North Carolina
5853,14,0,14,45908B,Hyper Lynx,LINDALE MIDDLE,Maryland
5854,14,0,14,1273B,Middle Lions,Heritage Homeschool Co-op,South Carolina
5855,14,0,14,22439B,Ultimate IQ,MILLBROOK MIDDLE SCHOOL,Alabama
5856,14,0,14,4270C,The Crusaders C,Saint Louis School,Hawaii
5857,14,0,14,31578B,MASE Middle Robotic Explorers,Memphis Academy Of Science Engineering Middle/hig,Tennessee
5858,14,0,14,1387X,Bedtime Furbies,H L HARSHMAN MIDDLE SCHOOL,Indiana - Region 2 - Central
5859,14,0,14,62026J,The Timmy T-Rexes,Fairfield Jr High,Utah
5860,14,0,14,46038A,SLDM MS Robotics A,St Louis De Montfort Catholic School,Indiana - Region 2 - Central
5861,14,0,14,72380A,Wildcat Robotics,WEST SIDE MIDDLE SCHOOL,Indiana - Region 1 - North
5862,14,0,14,9635F,RoboKnights,CHARLOTTE CHRISTIAN SCHOOL,North Carolina
5863,14,0,14,23235F,Ducks Out Of Pocket,St. Michael's Episcopal School,Virginia
5864,14,0,14,89221A,Whiteout,South Pointe Middle School,California - South
5865,14,0,14,10166F,IE Padre Roberto Arroyave,IE Padre Roberto Arroyave ,Colombia
5866,13,6,7,7628A,The Phantom Bots,GIBBS MIDDLE SCHOOL,Tennessee
5867,13,4,9,3722C,The Cyborgs,The Frazer School,Florida - North/Central
5868,13,0,13,92971A,RWJH Broncos - A,RICHARDSON WEST TECHNOLOGY AND ARTS MAGNET,Texas - Region 5
5869,13,2,11,3142A,Retro Raccoons,Northwood School,New Hampshire/Vermont
5870,13,0,13,5439C,Viking Tech - C,JASPER JUNIOR HIGH SCHOOL,Alabama
5871,13,0,13,3997C,NFMS - C,NORTH FORSYTH MIDDLE SCHOOL,Georgia
5872,13,0,13,76897E,VEXos,DELMAR INTERNATIONAL SCHOOL,Mexico
5873,13,0,13,64895D,Purple VEBO,COTTER HIGH SCHOOL,Arkansas
5874,13,0,13,27002B,27002B,EDUARDO MATA ELEMENTARY SCHOOL,Texas - Region 2
5875,13,0,13,69376B,Wallace2,P E WALLACE MIDDLE,Texas - Region 2
5876,13,0,13,2820Z,Pink Platypus,Oyster River Middle School,New Hampshire/Vermont
5877,13,0,13,7628E,Robo-Raptors,GIBBS MIDDLE,Tennessee
5878,13,0,13,65325C,St. Clare Disciples (C),St. Clare Catholic School,Wisconsin
5879,13,0,13,7236K,Robo Knights,Lake Middle School,Colorado
5880,13,0,13,605F,Bob the Builder,Braden River Middle School,Florida - North/Central
5881,13,0,13,4217B,Colaiste Choilm Tullamore,Colaiste Choilm Tullamore,Ireland
5882,13,0,13,42569A,GvS Robos,Gregor-von-Scherr Realschule,Germany
5883,13,0,13,58695B,58695B,Crossett Middle School,Arkansas
5884,13,0,13,76420C,Cardinals,ST CHARLES BORROMEO SCHOOL,Indiana - Region 1 - North
5885,13,0,13,16111A,WarriorBots,Cutler Bay Middle School,Florida - South
5886,13,0,13,78447C,Robos,NEW AUGUSTA PUBLIC ACADEMY - NORTH,Indiana - Region 2 - Central
5887,13,0,13,1650C,Huntington Robotics,J TAYLOR FINLEY MIDDLE SCHOOL,New York-South
5888,12,6,6,40155A,The Brain Stormers,African School of Innovations science and Technology/e2 Young Engineers Kampala-Uganda,Uganda
5889,12,4,8,21353A,Sussex Central Middle School Robotics 1,Sussex Central Middle School,Delmarva
5890,12,2,10,66902A,St Mary’s Secondary School,St. Mary’s Secondary School,Ireland
5891,12,2,10,77414C,RoboFlashes C,Franklin Central Junior High,Indiana - Region 2 - Central
5892,12,2,10,390J,the Creators ,RIGBY MIDDLE SCHOOL,Idaho
5893,12,0,12,1945D,The OGs,MINTO ELEMENTARY SCHOOL,North Dakota
5894,12,0,12,6039M,The Pedro Pony Fan Club,BrandywineBOTS Robotics,Delmarva
5895,12,0,12,3053B,Dawson County Robotics Team,DAWSON COUNTY MIDDLE SCHOOL,Georgia
5896,12,0,12,72375A,Circuit Breakers,EISENHOWER MIDDLE,Texas - Region 4
5897,12,0,12,92652D,5 Auntie Annies,Horizon Science Academy McKinley,Illinois
5898,12,0,12,76700E,Warrior Cry Robotics,NEWPORT GRAMMAR SCHOOL,Tennessee
5899,12,0,12,50099C,Countless,RB Hudson,Alabama
5900,12,0,12,44234S,RoboEagles,Vista Middle School,New Mexico
5901,12,0,12,9422A,9422A,Szkoła Podstawowa nr 94 I Marszałka Polski Józefa Piłsudskiego,Poland
5902,12,0,12,45939C,Baron Bots C,DEKALB MIDDLE SCHOOL,Indiana - Region 1 - North
5903,11,2,9,25016A,Vipers,Valley View Secondary School,Australia
5904,11,2,9,263B,CyberBots,RIVERSIDE MIDDLE,South Carolina
5905,11,2,9,22008A,Technically Technology Crew,Colin L. Powell Academy,Maryland
5906,11,2,9,494E,Mr.Robotnicks,Community School of Naples,Florida - South
5907,11,0,11,76540A,SMCESPS,St. Margaret's Co-educational English Secondary and Primary School,Hong Kong
5908,11,0,11,37167C,Robotic Dinos,THURMAN FRANCIS ARTS ACADEMY/MAGNET SCHOOL FOR THE ARTS,Tennessee
5909,11,0,11,73807E,Wings of Wonder,GERMANTOWN MIDDLE SCHOOL,Mississippi
5910,11,0,11,13699B,闪电队,最爱机器人,Middle China
5911,11,0,11,23098B,Cyber Tigers,WEST MIDDLE,Tennessee
5912,11,0,11,52122A,Mad Max,John F. Kennedy Day School,Arizona
5913,11,0,11,49678B,Bluebunnies,SCHOOL FOR DEAF HIGH,Kansas
5914,11,0,11,53115B,RoboHornets,Laurel Hall School,California - South
5915,11,0,11,15017C,Courageous Pirates,HARBOR BEACH MIDDLE SCHOOL,Michigan
5916,11,0,11,21244B,Arlington MID EagleBots,ARLINGTON BAPTIST SCHOOL,Maryland
5917,11,0,11,75794A,Trong Quan New Star,Trường THCS Trọng Quan,Vietnam
5918,11,0,11,56045A,Alpha,Cedars International School,Iraq
5919,11,0,11,12134A,TECH Giants - A,JOHN L MCCULLOCH JUNIOR HIGH SCH,Indiana - Region 1 - North
5920,11,0,11,15818E,AMS Panthers,ALIAMANU MIDDLE SCHOOL,Hawaii
5921,11,0,11,10999G,Ashford Wolfbots,ASHFORD SCHOOL,Connecticut
5922,11,0,11,6071A,Carver TechnoHornets,G. W Carver Middle School 33133,Florida - South
5923,11,0,11,91111B,Bot-Apocalypse,Southside Middle School,Indiana - Region 1 - North
5924,11,0,11,1370C,Teen Tech Titans,Heritage Middle School,Tennessee
5925,11,0,11,77430S,Magnificent Monkeys,Farmington Junior High School,Utah
5926,11,0,11,10425A,NFCS Robotics,NEW FOUNDATIONS CS,Pennsylvania - East
5927,11,0,11,10256F,Nuggets {[ Pink ]},KLONDIKE MIDDLE SCHOOL,Indiana - Region 1 - North
5928,11,0,11,44385A,Viking Nation 44385A,LANE MIDDLE SCHOOL,Indiana - Region 1 - North
5929,11,0,11,5363Z,Bryant Webster Bulldogs MS,BRYANT WEBSTER DUAL LANGUAGE ECE-8 SCHOOL,Colorado
5930,11,0,11,6443D,Redstone,"The Barn, A Non-profit youth organization",Connecticut
5931,11,0,11,91989D,The Spinners ,MACDONALD MIDDLE SCHOOL,Michigan
5932,11,0,11,60910D,The Spongebob Sprockets,RIVERVIEW MIDDLE SCHOOL,Indiana - Region 1 - North
5933,11,0,11,605H,Crazy Pickles,Braden River Middle School,Florida - North/Central
5934,11,0,11,1800A,HTS Hawks,Holy Trinity School,Ontario
5935,11,0,11,20490D,CAMS4 Curious George,COLORADO ACADEMY,Colorado
5936,11,0,11,53551A,Brains: Not Included,St. Paul Lutheran School,Wisconsin
5937,11,0,11,2831C,Electric Eagles,South Forsyth Middle School,Georgia
5938,11,0,11,1729Y,Zelda,International Robotics Academy,Kazakhstan
5939,11,0,11,23241X,The Evil Mice,St Bernadette,Nebraska
5940,11,0,11,8562D,KRAKEN,CODHUB Monastir,Tunisia
5941,11,0,11,40171A,The Blue Bolts,BECK ACADEMY,South Carolina
5942,11,0,11,58695D,58695D,Crossett Middle School,Arkansas
5943,11,0,11,60910C,The Rolling Pebbles,RIVERVIEW Middle SCHOOL,Indiana - Region 1 - North
5944,11,0,11,76420B,Cardinals,ST CHARLES BORROMEO SCHOOL,Indiana - Region 1 - North
5945,11,0,11,16046A,Somerset Prep Homestead Pythons,Somerset Prep Academy Homestead,Florida - South
5946,11,0,11,10009M,Mon.Tech.Ssori WALL-E,Montessori Oriente,Colombia
5947,11,0,11,17555C,8 Bit Turtles,Hamilton Southeastern Intermediate & Junior High School,Indiana - Region 2 - Central
5948,11,0,11,17555F,The Comets,Hamilton Southeastern Intermediate & Junior High School,Indiana - Region 2 - Central
5949,11,0,11,17555G,The Challengers,Hamilton Southeastern Intermediate & Junior High School,Indiana - Region 2 - Central
5950,11,0,11,97995B,Team B,TWIN PEAKS CHARTER ACADEMY,Colorado
5951,11,0,11,634A,DragonBots- A,ST RICHARD'S EPISCOPAL SCHOOL,Indiana - Region 2 - Central
5952,10,4,6,38029C,ISA Robotics,International School Of Arizona,Arizona
5953,10,2,8,20721F,Error...team not found,Ravenswood School for Girls,Australia
5954,10,2,8,63029B,Doral Academy Middle School Robotics,Doral Academy Charter Middle School Robotics,Florida - South
5955,10,2,8,9025D,The Taco Shop,DORAL ACADEMY CACTUS,Nevada
5956,10,2,8,85301G,Membean Time,The International School of Macao,Macau
5957,10,2,8,90418D,The Matrix,Horizon Jr High,Utah
5958,10,2,8,39548D,Hale Schools Robo Raptors,HALE ELEMENTARY MIDDLE SCHOOL,Michigan
5959,10,2,8,41321B,Aliens,WOODROW WILSON MIDDLE SCHOOL,Iowa
5960,10,0,10,44574A,Tech Titans,KITTSON CENTRAL SECONDARY,Minnesota
5961,10,0,10,29312C,Avada Kedavra,HAMPTON HIGH SCHOOL,Nebraska
5962,10,0,10,77739A,HHG Robotech,Staatliches Heinrich-Heine-Gymnasium Kaiserslautern,Germany
5963,10,0,10,494A,Pibbles,COMMUNITY SCHOOL OF NAPLES,Florida - South
5964,10,0,10,87959A,HPSC - Googly,Hampton Park secondary college,Australia
5965,10,0,10,12223V,The Grubgalab,Pembroke School,Australia
5966,10,0,10,76541C,GRACE RANGERS,GRACE PROJECT INTERNATIONAL SCHOOL,Uganda
5967,10,0,10,30040B,VCMS Robotics B,Vickery Creek Middle School,Georgia
5968,10,0,10,8181G,Gizmos,MANDARIN IMMERSION MAGNET SCHOOL,Texas - Region 3
5969,10,0,10,53115C,RoboHornets,Laurel Hall School,California - South
5970,10,0,10,45512B,Heartland Titans,Heartland Middle School,Texas - Region 2
5971,10,0,10,10726B,Bot-Tastic Burritos,Wood River Middle School,Idaho
5972,10,0,10,43210C,LFCD Delta,Landau Forte Derby College,United Kingdom
5973,10,0,10,39458A,Iguro,Barron Area School District,Wisconsin
5974,10,0,10,63369D,Da Beanz,RICE LAKE MIDDLE,Wisconsin
5975,10,0,10,2502J,Haile Storm Jolt Breakers,CARLOS E. HAILE MIDDLE SCHOOL,Florida - North/Central
5976,10,0,10,16147R,Nova,DYR,California - North
5977,10,0,10,7280H,No Puff Anderson Library,Anderson County Library VEX Robotics,South Carolina
5978,10,0,10,33777C,GSA C,Green Street Academy,Maryland
5979,10,0,10,80018A,RoboOwls,HAZELWOOD ELEMENTARY/MIDDLE,Maryland
5980,10,0,10,78411B,GHEMS 212 Lions Team B,Garrett Height Elementary Middle School,Maryland
5981,10,0,10,78411A,GHEMS 212 Lions,Garrett Height Elementary Middle School,Maryland
5982,10,0,10,77430M,Flaming Sprockets,Farmington Junior High School,Utah
5983,10,0,10,31510A,Iron Eagles A,St. Edwards Catholic School,California - South
5984,10,0,10,3585C,Lisbon Panthers,Lisbon Regional School,New Hampshire/Vermont
5985,10,0,10,63369A,Demolishers,RICE LAKE MIDDLE,Wisconsin
5986,10,0,10,79201A,Stokesley School,Stokesley School & Sixth Form College,United Kingdom
5987,10,0,10,32641C,Nerd Nation's - The Pink Cobras,NORWALK MIDDLE SCHOOL,Ohio
5988,10,0,10,50491A,The Height Difference,GATEWAY SCIENCE ACADEMY OF ST. LOUIS - MIDDLE,Missouri
5989,10,0,10,53855A,M&R,"Sacred Heart Schools, Atherton",California - North
5990,10,0,10,8135J,Grizzly Gears,PINEY GROVE MIDDLE SCHOOL,Georgia
5991,10,0,10,22015D,ICE ROBOTICS,ICE Robotics,Ontario
5992,10,0,10,6852A,Shawarma ,Harmony School of Endeavor,Texas - Region 4
5993,10,0,10,9339A,Hulcy Havoc,D A HULCY STEAM MIDDLE,Texas - Region 2
5994,10,0,10,51404A,Cyber Commander,St Andrew’s International School Bangkok,Thailand
5995,10,0,10,18055D,Whitnall Robotics Club,Whitnall Middle School Robotics,Wisconsin
5996,10,0,10,33054B,33054B,SPRINGFIELD INTERMEDIATE MIDDLE SCHOOL,Ohio
5997,10,0,10,10183A,I Don't Know,Grace Lutheran School,Maryland
5998,10,0,10,10999J,Ashford Wolfbots,Ashford School,Connecticut
5999,10,0,10,31510B,Iron Eagles B,St. Edwards Catholic School,California - South
6000,10,0,10,24120B,Robo Olympians,Inglewood Middle School,Washington
6001,10,0,10,2502B,Haile Storm Bananas,CARLOS E. HAILE MIDDLE SCHOOL,Florida - North/Central
6002,10,0,10,74484D,The Iron Knights,BENZIE CENTRAL MIDDLE SCHOOL,Michigan
6003,10,0,10,74484C,95th Regiment of Robloxia,BENZIE CENTRAL MIDDLE SCHOOL,Michigan
6004,10,0,10,14465A,I Don't Know,EMORY H MARKLE MIDDLE SCHOOL,Pennsylvania - East
6005,10,0,10,24351E,THE REBEL ROBOTS,Engage Robotics - GALS Denver,Colorado
6006,10,0,10,63369C,YEET,RICE LAKE MIDDLE,Wisconsin
6007,10,0,10,10789D,Pi,City of London School for Girls,United Kingdom
6008,10,0,10,47770D,The Clueless Tigers,Black River Falls Middle School,Wisconsin
6009,10,0,10,22440B,Ford Robotics - Vortex,W E PETE FORD MIDDLE,Texas - Region 5
6010,10,0,10,22088C,Reynolds Robotics,REYNOLDS MIDDLE,Texas - Region 5
6011,10,0,10,2401B,PCIS Team A,PHENIX CITY INTERMEDIATE SCHOOL,Alabama
6012,10,0,10,62026H,Phyrexians,Fairfield Jr High,Utah
6013,10,0,10,1942B,Quilchena - B,Maven Techlab Ltd.,British Columbia (BC)
6014,10,0,10,2098B,Space Mokies,Saint George School,Dominican Republic
6015,10,0,10,71630A,The Elite,CONNER MIDDLE SCHOOL,Arkansas
6016,10,0,10,20908A,Dielectrix,Americas Bicultural School,Dominican Republic
6017,10,0,10,5536D,Hampden Mustangs,HAMPDEN ELEMENTARY/MIDDLE,Maryland
6018,10,0,10,97050A,24K Gold Labubu X Travis Grott Mattcha Latte Inc,Yokota Middle School Robotics Club,Japan
6019,10,0,10,7686D,KRAGL,Harrisburg Public School District,South Dakota
6020,10,0,10,86424S,Bryson Bulldogs,Bryson Middle School,South Carolina
6021,10,0,10,63539A,PSA Soccer Bots,Premier Soccer Academy,Indiana - Region 2 - Central
6022,10,0,10,91049B,Saintly Robotics B,HUNTINGTON CATHOLIC SCHOOL,Indiana - Region 1 - North
6023,10,0,10,2927B,Cookers,Generation Tech SL (Technomatic Academy),Spain
6024,10,0,10,51648B,Peck2,The Peck School,New Jersey
6025,9,7,2,33044E,Sweet Chicken Clusters,OLD HIGH MIDDLE SCHOOL,Arkansas
6026,9,0,9,36658B,Lisa Mechanical Jagz,Lisa Academy Fayetteville,Arkansas
6027,9,0,9,36658D,Lisa Cheetos,Lisa Academy Fayetteville,Arkansas
6028,9,0,9,69219B,Wesleyan Wolves B,WESLEYAN SCHOOL,Georgia
6029,9,0,9,49564B,Hawks,RENBROOK SCHOOL,Connecticut
6030,9,0,9,7363C,mengmengzhaoduidui,河北保定师范附属学校,North China
6031,9,0,9,72375B,Gerbil Generals,EISENHOWER MIDDLE,Texas - Region 4
6032,9,0,9,18703A,WVSDB BearBots,West Virginia Schools for the Deaf and the Blind,West Virginia
6033,9,0,9,53855D,Salty Pringles,"Sacred Heart Schools, Atherton",California - North
6034,9,0,9,7659Z,bbotica  panthers,Bbotica Robotics,Uganda
6035,9,0,9,48300C,SAA-SDS 3,ST AGNES ACADEMY-ST DOMINIC SCHOOL,Tennessee
6036,9,0,9,76897B,Los tíos Habibis,DELMAR INTERNATIONAL SCHOOL,Mexico
6037,9,0,9,39194B,The Black Warriors,YAZOO COUNTY MIDDLE SCHOOL,Mississippi
6038,9,0,9,5255D,DragonBots,Somerset Oaks Leadership and Innovation,Florida - South
6039,9,0,9,11253B,Marsh Jr B - Flaming Shrimp,Marsh Junior High School,California - North
6040,9,0,9,3708U,Universal,Victoria Shanghai Academy,Hong Kong
6041,9,0,9,18014B, Team Basra VEXtrons ,Science camp,Iraq
6042,9,0,9,2826S,Sava School ,Sava Private School ,Iraq
6043,9,0,9,89227B,Beat Botz,GREENFIELD CENTRAL JUNIOR HIGH SCH,Indiana - Region 2 - Central
6044,9,0,9,13037C,Robo Bears,Chittenango Middle School,New York-North
6045,9,0,9,38402C,The Chipmunks,FOREST HILL JUNIOR HIGH SCHOOL,Louisiana
6046,9,0,9,36498B,MACS Falcons,MICROSOCIETY ACADEMY CHARTER SCHOOL OF SOUTHERN NH,New Hampshire/Vermont
6047,9,0,9,45512A,HMS Pixel Pirate,Heartland Middle School,Texas - Region 2
6048,9,0,9,60355D,Electromites,Mid-South Gifted Academy,Tennessee
6049,9,0,9,494D,S4-Prime,Community School of Naples,Florida - South
6050,9,0,9,39086A,Choi Hung A,Choi Hung Estate Catholic Secondary School,Hong Kong
6051,9,0,9,4009C,Cryptic Coders,Tavares Middle School,Florida - North/Central
6052,9,0,9,6057A,Harris Middle School,HARRIS MIDDLE,Texas - Region 4
6053,9,0,9,81890E,RoboBison2,ROSEMONT SCHOOL,Texas - Region 2
6054,9,0,9,65325A,St. Clare Disciples (A),St. Clare Catholic School,Wisconsin
6055,9,0,9,31542Z,Jacky,JEAN MASSIEU SCHOOL FOR THE DEAF,Utah
6056,9,0,9,89214A,The Radioactive Beaver,BEAVER LOCAL MIDDLE SCHOOL,Ohio
6057,9,0,9,68225B,Mach 5,HOLLENBECK MIDDLE,California - South
6058,9,0,9,80567B,ByteWarriors,Young Women STEAM Research and Preparatory Academy Robotics,Texas - Region 1
6059,9,0,9,41116C,Pirates Robotics,PHILLIPS PREPARATORY MIDDLE SCHOOL,Alabama
6060,9,0,9,70220C,St. Matthew School,ST MATTHEW SCHOOL,Connecticut
6061,9,0,9,11111B,St. Bridget School 11111B,St. Bridget School,Connecticut
6062,9,0,9,1603B,The Clank-O-Nauts,Florence Middle School,Alabama
6063,9,0,9,75954C,Cyberstorm- CMS,WALTER & LOIS CURTIS MIDDLE,Texas - Region 5
6064,9,0,9,10789K,TicTacs,City of London School for Girls,United Kingdom
6065,9,0,9,42352A,Oaklands Community College,Oaklands Community College,Ireland
6066,9,0,9,94703K,Clonfert College IQ ,Clonfert College,Ireland
6067,9,0,9,42352B,Oaklands Community College -Team 2,Oaklands Community College,Ireland
6068,9,0,9,8111D,Dodson Dolphins,Rudecinda Sepulveda Dodson Middle School,California - South
6069,9,0,9,58240B,Titan Turtle Tech,ROBERT ANDERSON MIDDLE,South Carolina
6070,9,0,9,184G,TBD,Timberline Middle School,Washington
6071,9,0,9,17807C,The Saja Robot Boyz,RIO VISTA ELEMENTARY,Arizona
6072,9,0,9,64098E,E- Rusty Batteries,LAKE STEVENS MIDDLE SCHOOL,Washington
6073,9,0,9,34926B,The Hot Wheels,Mosa-RT,Belgium
6074,9,0,9,88173E,THE DESTROYERS,All Hallows Catholic High School,United Kingdom
6075,9,0,9,33331A,Silver 1,Silver Trail Middle School,Florida - South
6076,9,0,9,8337R,Jr. TEDRoboteam,TED Rönesans Koleji,Türkiye
6077,9,0,9,61489Z,Los Piratas,Dominico Americano School,Dominican Republic
6078,9,0,9,7360A,Alpha Bots,Great Valley 5/6 Center,Pennsylvania - East
6079,9,0,9,72101D,Hamden Hall MS6 White,HAMDEN HALL COUNTRY DAY SCHOOL,Connecticut
6080,9,0,9,24424A,WE R NOT NRDZ!!,MOUNTAIN RIDGE MIDDLE SCHOOL,West Virginia
6081,9,0,9,53486A,The Lion Cubs,WESTERN PENNSYLVANIA SCHOOL FOR THE DEAF,Pennsylvania - West
6082,9,0,9,60910E,Hard Core Genius Dudes,Riverview Middle School,Indiana - Region 1 - North
6083,9,0,9,93518C,Hawkbot 3,Skyline Middle School,Virginia
6084,9,0,9,15158A,Falcons,JOHN F. KENNEDY MIDDLE SCHOOL,Florida - South
6085,9,0,9,11030C,Robotech Warriors,Robotech Educational Services Inc.,New Jersey
6086,9,0,9,11588C,BC C,BRIARCLIFF MIDDLE SCHOOL,New Jersey
6087,9,0,9,97995D,Team D,TWIN PEAKS CHARTER ACADEMY,Colorado
6088,8,2,6,5253C,Eagle Engineers 5253C,American International School Hong Kong,Hong Kong
6089,8,2,6,21353F,Sussex Central Middle School Robotics 6,Sussex Central Middle School,Delmarva
6090,8,2,6,51503A,The Galaxy Geeks,GERALD W KIRN MIDDLE SCHOOL,Iowa
6091,8,0,8,75839A,JESS Robotics,JESS,United Arab Emirates
6092,8,0,8,89221C,Cyb3r D3mons,South Pointe Middle School,California - South
6093,8,0,8,952E,Ridgely Robotics,Ridgely Middle School,Maryland
6094,8,0,8,41321A,Your local Dino Kids,WOODROW WILSON MIDDLE SCHOOL,Iowa
6095,8,0,8,6109B,Team IDK,Chairo Christian School,Australia
6096,8,0,8,36605B,ROARing Lions B,LILLIE B WILLIAMSON HIGH SCHOOL,Alabama
6097,8,0,8,36605A,ROARing Lions,LILLIE B WILLIAMSON HIGH SCHOOL,Alabama
6098,8,0,8,3997A,NFMS - A,NORTH FORSYTH MIDDLE SCHOOL,Georgia
6099,8,0,8,80512A,Tech Support,BIRCH LANE ELEMENTARY,California - North
6100,8,0,8,184D,Metal Madness,Timberline Middle School,Washington
6101,8,0,8,45512D,HMS Robo Pirates,Heartland Middle School,Texas - Region 2
6102,8,0,8,10779B,Indian Creek Robotics,Indian Creek Middle School,Georgia
6103,8,0,8,86442C,Planet Pioneers,Jackson Academic STEAM Academy,Tennessee
6104,8,0,8,2367N,Honorificabilitudinitatibus,R M Marrs Magnet Middle School,Nebraska
6105,8,0,8,53115A,RoboHornets,Laurel Hall School,California - South
6106,8,0,8,48755C,Crossbots,Cross Lutheran School,Michigan
6107,8,0,8,64895B,Kool-Aid Man,COTTER HIGH SCHOOL,Arkansas
6108,8,0,8,1850B,NLCS_VEX_Fusion,North London Collegiate School,United Kingdom
6109,8,0,8,13205S,TCCS S Team,Tung Chung Catholic School(Secondary Section),Hong Kong
6110,8,0,8,63369B,Whatever,RICE LAKE MIDDLE,Wisconsin
6111,8,0,8,5659C,Gales C,RUSSELLVILLE MIDDLE SCHOOL,Arkansas
6112,8,0,8,46947A,LJHS White,LOGANSPORT JUNIOR HIGH SCHOOL,Indiana - Region 1 - North
6113,8,0,8,40093F,The Four Knights,Simon Langton Grammar School for Boys,United Kingdom
6114,8,0,8,97058F,Axolotls With Goggles,Wasco County 4-H,Oregon
6115,8,0,8,75501T,Placeholders,TEXAS MIDDLE,Texas - Region 2
6116,8,0,8,56047D,River Valley RAD's,RIVER VALLEY TECHNICAL CENTER,New Hampshire/Vermont
6117,8,0,8,48755E,The Champions,Cross Lutheran School,Michigan
6118,8,0,8,33899A,Wildcats Return2,Winston Park K-8 Center,Florida - South
6119,8,0,8,83870C,Atoms Family,IRONDALE MIDDLE SCHOOL,Alabama
6120,8,0,8,46137B,JHS Jr High B,Jasper High School,Arkansas
6121,8,0,8,91148A,The Spongy Gang,OUR LADY OF THE HOLY SOULS,Arkansas
6122,8,0,8,91148C,Terabytes,OUR LADY OF THE HOLY SOULS,Arkansas
6123,8,0,8,72651C,Smarties,IMMANUEL LUTHERAN SCHOOL,Wisconsin
6124,8,0,8,66282E,Six Seveners,NORTHWEST CABARRUS MIDDLE,North Carolina
6125,8,0,8,3138B,BAMM,Seymour Middle School,Indiana - Region 3 - South
6126,8,0,8,98953A,Iron Eagles ,Canyon Ridge Middle School,Texas - Region 4
6127,8,0,8,55561A,Calloway Smith Middle School,CALLOWAY SMITH MIDDLE SCHOOL,Alabama
6128,8,0,8,29315A,Chastang Falcons,Chastang-Fournier K-8 School,Alabama
6129,8,0,8,5180C,Riverwatch C,RIVERWATCH MIDDLE SCHOOL,Georgia
6130,8,0,8,1294S,Team Spirit,Shanghai American School - Pudong Campus (SAS Pudong),East China
6131,8,0,8,77517C,Suffield Middle 3,Suffield Middle School,Connecticut
6132,8,0,8,88585A,Buccaneers,BELLINGRATH MIDDLE SCHOOL,Alabama
6133,8,0,8,10999H,Ashford Wolfbots,ASHFORD SCHOOL,Connecticut
6134,8,0,8,83061A,Wildcat Robotics Team,SOUTH MIAMI MIDDLE SCHOOL,Florida - South
6135,8,0,8,64777C,SCS-Red Riders,St Clement's School,Ontario
6136,8,0,8,5573B,Blue Devils,Northeast Middle Tift County Schools,Georgia
6137,8,0,8,12866C,TogaBots,Saratoga Robotics,New York-North
6138,8,0,8,72101A,Hamden Hall MS Green,HAMDEN HALL COUNTRY DAY SCHOOL,Connecticut
6139,8,0,8,68473B,Combat Bot,MARSHALL MIDDLE,Texas - Region 3
6140,8,0,8,86716A,ASCN CLARA Team !,Ard Scoil Chiarain Naofa ,Ireland
6141,8,0,8,16323C,Weird People,FRANKLIN AREA JSHS,Pennsylvania - West
6142,8,0,8,45908E,Hyper Lynx,LINDALE MIDDLE,Maryland
6143,8,0,8,8035C,FIRE Mid,FIRE NSBE Jr.,Maryland
6144,8,0,8,75954B,Pneumatic Ninjas- CMS,WALTER & LOIS CURTIS MIDDLE,Texas - Region 5
6145,8,0,8,553Z,553Z,Grantham Elementary,Washington
6146,8,0,8,7360B,Alpha Bots,Great Valley 5/6 Center,Pennsylvania - East
6147,8,0,8,6574G,Smart Squirrels,CodHub Sousse,Tunisia
6148,8,0,8,49131D,Code Blooded,NORTH CLARION CO JSHS SCHOOL ,Pennsylvania - West
6149,8,0,8,75861A,Autobots,CAYUGA MIDDLE,Texas - Region 2
6150,8,0,8,326D,SHARP - Sarah Heinz Advanced Robotics Program,Sarah Heinz House,Pennsylvania - West
6151,8,0,8,412R,Blubuds,ENVIRONMENTAL CHARTER SCHOOL AT FRICK PA,Pennsylvania - West
6152,7,0,7,93521A,RoBob the Builders,Washington Middle School,Arkansas
6153,7,0,7,1021S,Ten Ton Robotics,West Vancouver Secondary School,British Columbia (BC)
6154,7,0,7,96237A,St. Michael Academy - A,St. Michael Academy,Tennessee
6155,7,0,7,95856B,Kabooom,Montessori Academy of Celebration,Florida - North/Central
6156,7,0,7,42673S,Typhoon,Robo Hub,United Kingdom
6157,7,0,7,71023A,Hack to the Future,Henderson Middle School,Georgia
6158,7,0,7,77623M,Mustangs,Morey Middle School,Colorado
6159,7,0,7,57346A,Rockets 1,KATHERINE JOHNSON STEM ACADEMY,California - South
6160,7,0,7,20678T,COATCLAN,St. Thomas More School,Washington
6161,7,0,7,87554A,Purple Boot Mentoring Program,John Lancaster & W. Cecil Short Foundation,Maryland
6162,7,0,7,1056A,Electric Sting,Cabarrus Virtual Academy,North Carolina
6163,7,0,7,15819B,Oxley Burning Beans,Oxley High School,Australia
6164,7,0,7,3107T,Templestowe College,Templestowe College,Australia
6165,7,0,7,81800X,The Skibidi Gamers,Pedare Christian College,Australia
6166,7,0,7,55561B,Calloway Smith Middle School,CALLOWAY SMITH MIDDLE SCHOOL,Alabama
6167,7,0,7,99253K,Typhoon,创造思维,South China
6168,7,0,7,13201A,Lochinver Hurricanes,Lochinver House School,United Kingdom
6169,7,0,7,79420A,79420A,Carey Baptist College,Australia
6170,7,0,7,98420B,SISGLC2,SISGLC,South Korea
6171,7,0,7,15551F,The Giant Force,SHIRLEY D. SIMMONS MIDDLE SCHOOL,Mississippi
6172,7,0,7,63690A,63690A,HARMONY SCIENCE ACAD (ELEMENTARY SCHOOL PASO),Texas - Region 1
6173,7,0,7,87170B,VEX Champs,Porter Traditional School,Virginia
6174,7,0,7,3576A,Lions_Small_birds,Stamford American International School,Singapore
6175,7,0,7,30155B,DAFFODILS TITANS,DAFFODILS PRIMARY SCHOOL,Uganda
6176,7,0,7,29867K,RoboRangers,KABOJJA INTERNATIONAL SCHOOL,Uganda
6177,7,0,7,2401A,PCIS Team A,PHENIX CITY INTERMEDIATE SCHOOL,Alabama
6178,7,0,7,87385E,RoboGirls,DELMAR INTERNATIONAL SCHOOL-4,Mexico
6179,7,0,7,32688B,Rez Runner's,THEODORE ROOSEVELT SCHOOL,Arizona
6180,7,0,7,46334C,ROYAL KINGS,DELMAR INTERNATIONAL SCHOOL-3,Mexico
6181,7,0,7,56565C,FoxBots,Caddo Mills Middle School,Texas - Region 2
6182,7,0,7,36409B,Cheez Botz,MEAD MIDDLE SCHOOL,Colorado
6183,7,0,7,38648A,Lupton Junior High School,Lupton Junior High School,Alabama
6184,7,0,7,3708V,Penguinos,Victoria Shanghai Academy,Hong Kong
6185,7,0,7,66888K,66888K,佛山市南海区石实实验学校,South China
6186,7,0,7,46729G,The PowerPuff Tiger  Girls,In Math & Science Academy,Indiana - Region 2 - Central
6187,7,0,7,93993W,FPT_CREATE75,"Trường Tiểu học, Trung học cơ sở và Trung học phổ thông FPT",Vietnam
6188,7,0,7,73701A,Robotverse1,Robotverse Academy,Paraguay
6189,7,0,7,36240A,Loose Screws,Southwest Christian School-preparatory Campus,Texas - Region 5
6190,7,0,7,76240X,Hornets,GAINESVILLE JH,Texas - Region 5
6191,7,0,7,1359C,Goofy Goobers,Henry J. Mclaughlin Middle School,New Hampshire/Vermont
6192,7,0,7,6318B,Yappatronics,LADY'S ISLAND MIDDLE,South Carolina
6193,7,0,7,89086B,Robo Kai Team 2,PARKSIDE ELEMENTARY SCHOOL,Alabama
6194,7,0,7,74801S,The Amazing Robot Name,WESTWOOD MIDDLE SCHOOL,Florida - North/Central
6195,7,0,7,91445D,The Beep Boop Troop,WILLIAM S GUY MIDDLE SCHOOL,Ohio
6196,7,0,7,17760A,Ares III,Capitol City Robotics,District of Columbia
6197,7,0,7,33557A,3008,PICACHO MIDDLE,New Mexico
6198,7,0,7,15290C,Hydras,Campbell Drive K-8 Center,Florida - South
6199,7,0,7,74484E,Three Airheads,BENZIE CENTRAL MIDDLE SCHOOL,Michigan
6200,7,0,7,86006C,Popstars,YOUNG WOMEN'S STEAM ACADEMY AT BALCH SPRINGS MIDDL,Texas - Region 2
6201,7,0,7,14916E,HSC-Middle School,Hillfield Strathallan College,Ontario
6202,7,0,7,227C,ARSA Robotics,ANN RICHARDS STEAM Academy,Texas - Region 2
6203,7,0,7,46768D,Angel Architects 2,Fort Bend Christian Academy,Texas - Region 3
6204,7,0,7,10452P,Chicken Nuggets,Haslett Robotics Club,Michigan
6205,7,0,7,58660D,SGA Orca D,Shenzhen Foreign Languages GBA Academy,South China
6206,7,0,7,52197F,LiveTechVDI,VDI Haus Stuttgart,Germany
6207,7,0,7,85721B,The Invaders,SOUTHLAWN MIDDLE SCHOOL,Alabama
6208,7,0,7,63714C,Ingenium Lions,Wellington College International Shanghai,East China
6209,7,0,7,644Z,ICJ3,Iowa Colony Junior High,Texas - Region 3
6210,7,0,7,14777F,Canyon Park 6,Canyon Park Junior High School,Washington
6211,7,0,7,46052D,Tigers Robotics,Lebanon Middle School,Indiana - Region 2 - Central
6212,7,0,7,14777B,Canyon Park 2,CANYON PARK MIDDLE SCHOOL,Washington
6213,7,0,7,46052C,Tigers Robotics,Lebanon Middle School,Indiana - Region 2 - Central
6214,7,0,7,18750A,Wattzit,Nottingham Girls' High School,United Kingdom
6215,7,0,7,81493A,RGS Robokai 1,RGS Newcastle,United Kingdom
6216,7,0,7,67923C,Innovators,Ola Middle School Vex Robotics Team,Georgia
6217,7,0,7,28225A,The Engineers of Madison A,Madison Middle School,Connecticut
6218,7,0,7,64544B,Crackshot,FRANK WARD STRONG SCHOOL,Connecticut
6219,7,0,7,43472B,Crusader Crushers,ST RITA SCHOOL,Connecticut
6220,7,0,7,77806C,Nugget Knights,BASIS AHWATUKEE,Arizona
6221,7,0,7,6550S,SeaHawk3,Orville Wright Middle School,California - South
6222,7,0,7,2032A,Robo Tigears,Academir Charter School of Math and Science,Florida - South
6223,7,0,7,84263A,ESCA Streaming Eagles,East Shoreline Catholic Academy,Connecticut
6224,7,0,7,22088A,Reynolds Robotics,REYNOLDS MIDDLE,Texas - Region 5
6225,7,0,7,26079B,NeoMachina2,HSA Beaumont,Texas - Region 3
6226,7,0,7,93303B,Eastwood Eagles 2,EASTWOOD MIDDLE SCHOOL,Indiana - Region 2 - Central
6227,7,0,7,79692C,Tullamore College C,tullamorecollege.ie,Ireland
6228,7,0,7,50912A,Banagher College IQ,Banagher College,Ireland
6229,7,0,7,77024Z,Innovatorz,Le Conte Middle School,California - South
6230,7,0,7,77024A,RoboForce,Le Conte Middle School,California - South
6231,7,0,7,96517E,Awael Geniuses,Alawael Bilingual School,Kuwait
6232,7,0,7,67670W,Sotomayor Los Lobos Roboticos,Sotomayor Arts and Sciences Magnet,California - South
6233,7,0,7,10946D,PY Gaming,MAYWOOD CENTER FOR ENRICHED STUDIES,California - South
6234,7,0,7,21124C,Rockie Rockets,ELLEN OCHOA LEARNING CENTER,California - South
6235,7,0,7,75194J,Builder Bots,PORTER RANCH COMMUNITY,California - South
6236,7,0,7,16346J,Robo-weilers,Cranberry Area Jshs,Pennsylvania - West
6237,7,0,7,84005C,The Billy Bros,ELMORE PARK MIDDLE SCHOOL,Tennessee
6238,7,0,7,10740A,Hurricanes,OAK MOUNTAIN MIDDLE SCHOOL,Alabama
6239,7,0,7,80804A,Eye Don't Know,HARRISON MIDDLE SCHOOL,Washington
6240,7,0,7,61868C,BorntoWin,STEAM Azerbaijan,Azerbaijan
6241,7,0,7,33416B,Mighty DUCCs,Upper Canada College,Ontario
6242,7,0,7,19799B,WSC-B,Po On Commercial Association Wong Siu Ching Secondary School,Hong Kong
6243,7,0,7,62444A,HonWahIQ,Hon Wah College,Hong Kong
6244,7,0,7,7280B,The Lucky Lemons Anderson Co. Library,Anderson County Library VEX Robotics,South Carolina
6245,7,0,7,92020M,Tag Team II,SYRACUSE ACADEMY OF SCIENCE CHARTER SCHOOL,New York-North
6246,7,0,7,98546A,outlaws,JORDAN-ELBRIDGE MIDDLE SCHOOL,New York-North
6247,7,0,7,92323A,Unvexables,Cupertino Middle School Unvexables,California - North
6248,7,0,7,4649F,Ninjabotics F,The American School in Japan,Japan
6249,7,0,7,42904A,The Blue Jay Velocity,LEXINGTON SCHOOL FOR THE DEAF,New York-South
6250,7,0,7,15546C,Spartanburg Prep Trailblazers,The Allen Blash Foundation,South Carolina
6251,7,0,7,89214C,Bionic Beavers C,BEAVER LOCAL MIDDLE SCHOOL,Ohio
6252,7,0,7,15546A,Circuit Kings & Queens,The Allen Blash Foundation,South Carolina
6253,7,0,7,36397A,Jumpin' Jigglin' Jellies,SPRING MILLS MIDDLE SCHOOL,West Virginia
6254,7,0,7,1701A,Fantastic Four,J W Williams Middle School,Texas - Region 2
6255,7,0,7,21901A,Clarion Jr. High Robotics 1,CLARION AREA JSHS,Pennsylvania - West
6256,7,0,7,11935C,MS Rebel Robotics,SOUTHWESTERN MIDDLE SCHOOL,Indiana - Region 3 - South
6257,7,0,7,56400B,TigerBytes,JEFF H TOWLES INTERMEDIATE SCHOOL,Indiana - Region 1 - North
6258,7,0,7,23235J,Code of the Dragon,St. Michael's Episcopal School,Virginia
6259,7,0,7,20185D,Giblet Neutron,DELTA CHARTER SCHOOL MST,Louisiana
6260,7,0,7,17555H,Wither_Warriors,Hamilton Southeastern Intermediate & Junior High School,Indiana - Region 2 - Central
6261,7,0,7,18386D,Princeton Middle D,PRINCETON MIDDLE SCHOOL,West Virginia
6262,6,6,0,952X,Ridgely Robotics,Ridgely Middle School,Maryland
6263,6,4,2,1832A,C.S. Genius,RoboTomas C.S. Robot,Chinese Taipei
6264,6,0,6,20721D,PICKLEBOT,Ravenswood School for Girls,Australia
6265,6,2,4,51404E,Tech Takedown,St Andrew’s International School Bangkok,Thailand
6266,6,2,4,49868A,MCT Whippets A,MOBILE COUNTY TRAINING MIDDLE SCHOOL,Alabama
6267,6,0,6,38501Y,Titan Tigers,WAIAKEA INTERMEDIATE SCHOOL,Hawaii
6268,6,0,6,23660J,LK JS 9,Loreto Kirribilli,Australia
6269,6,0,6,57418J,Tundra,Burke Robots,Virginia
6270,6,0,6,65412A,The Phoney Pigeons,Emanuel School,Australia
6271,6,0,6,45512C,HMS Steel Pirates,Heartland Middle School,Texas - Region 2
6272,6,0,6,8135A,Grizzly Gears,PINEY GROVE MIDDLE SCHOOL,Georgia
6273,6,0,6,24112B,Magothy Robotics,MAGOTHY RIVER MIDDLE,Maryland
6274,6,0,6,19881A,UNIS Hanoi IQ 2,UNIS Hanoi,Vietnam
6275,6,0,6,3204J,SPC Bots Jorge Mario,St Peter's College,New Zealand
6276,6,0,6,65223A,403 Forbidden,DE FOREST MIDDLE,Wisconsin
6277,6,0,6,68006A,Little Mill Robostangs,LITTLE MILL MIDDLE SCHOOL,Georgia
6278,6,0,6,34522A,That #1 VEX Team,NORTHEAST ACADEMY OF AEROSPACE & ADVTECH,North Carolina
6279,6,0,6,15017B,Brave Pirates,HARBOR BEACH MIDDLE SCHOOL,Michigan
6280,6,0,6,49059B,Spartan Robotics,SOUTH KNOX MIDDLE-HIGH SCHOOL,Indiana - Region 3 - South
6281,6,0,6,10999C,Ashford Wolfbots,ASHFORD SCHOOL,Connecticut
6282,6,0,6,58196B,DJHS B,DAUPHIN JUNIOR HIGH SCHOOL,Alabama
6283,6,0,6,66282C,Robo-Pros,NORTHWEST CABARRUS MIDDLE,North Carolina
6284,6,0,6,14916C,HSC-Middle School,Hillfield Strathallan College,Ontario
6285,6,0,6,47399A,Machine Mayhem,SOCIAL CIRCLE MIDDLE SCHOOL,Georgia
6286,6,0,6,3113G,Valedictorians,Seymour Intermedaite,Indiana - Region 3 - South
6287,6,0,6,10999M,Ashford Wolfbots,Ashford School,Connecticut
6288,6,0,6,55906A,Atascadero Middle School Robotics,Atascadero Middle School,California - South
6289,6,0,6,62583E,Team Eldon,Eldon Grove Academy,United Kingdom
6290,6,0,6,7222A,NOLAN Team A,Nolan Middle School,Florida - North/Central
6291,6,0,6,68473D,Ingenious Geniuses,MARSHALL MIDDLE,Texas - Region 3
6292,6,0,6,36316C,Techno Knights - Blue,East Noble Middle School,Indiana - Region 1 - North
6293,6,0,6,14581C,Fred's Favorites,Charlotte Public Schools,Michigan
6294,6,0,6,16480A,iCode West Frisco Commanders,iCode West Frisco,Texas - Region 5
6295,6,0,6,84527A,Wired,Raha International School,United Arab Emirates
6296,6,0,6,10789H,RobotaTheBuilders,City of London School for Girls,United Kingdom
6297,6,0,6,91306H,91306B,Gallen Community School,Ireland
6298,6,0,6,16323A,Cult of Pipis,FRANKLIN AREA JSHS,Pennsylvania - West
6299,6,0,6,45885C,W.I.R.E.D - Krabby Patties,Waterford School District,Michigan
6300,6,0,6,32868A,Chargers-A,SAGE PARK MIDDLE SCHOOL,Connecticut
6301,6,0,6,8035B,FIRE Mid,FIRE NSBE Jr.,Maryland
6302,6,0,6,64098G,G- Pirate Parrots,LAKE STEVENS MIDDLE SCHOOL,Washington
6303,6,0,6,80804D,Boogie’s Bois,HARRISON MIDDLE SCHOOL,Washington
6304,6,0,6,80804B,Gen-C,HARRISON MIDDLE SCHOOL,Washington
6305,6,0,6,47W,NA,EVERGREEN MIDDLE SCHOOL PTSA,Washington
6306,6,0,6,6275B,Triple JM,HUGHES ACADEMY OF SCIENCE AND TECHNOLOGY,South Carolina
6307,6,0,6,16323D,NISO,FRANKLIN AREA JSHS,Pennsylvania - West
6308,6,0,6,46123D,Avon South 4,AVON MIDDLE SCHOOL SOUTH,Indiana - Region 2 - Central
6309,5,0,5,26808B,Built From Scatch,LONE OAK MIDDLE,Texas - Region 2
6310,4,4,0,88484A,Lincoln Braves and Maidens,Lincoln Middle School,Texas - Region 5
6311,4,2,2,6033C,RoboDogs,Belmont Middle School,New Hampshire/Vermont
6312,4,2,2,19057V,Raider Robotics,Sunnvale Middle School,Texas - Region 2
6313,4,2,2,3148C,Rockabots,Travis Intermediate,Texas - Region 2
6314,4,2,2,34926D,De Techniekers,Mosa-RT,Belgium
6315,4,2,2,4714D,NCollege Prep,Nelson College Preparatory School,New Zealand
6316,4,2,2,34565A,Merrimac SHS Alpha,Merrimac State High School,Australia
6317,4,2,2,58510B,Pink Fluffy Unicorns,Sydney Girls High School,Australia
6318,4,2,2,29820R,İrfanlı Nesiller,ÖZEL ÜMRANİYE MADENLER İRFAN ORTAOKULU,Türkiye
6319,4,2,2,35554A,The not so Fantastic Four,Pornaisten Yhtenäiskoulu,Finland
6320,4,2,2,53647A,Buccaneer Bots,Anderson Intermediate School,Indiana - Region 1 - North
6321,4,0,4,16346C,Pink Flamingos,Cranberry Jr Sr High School,Pennsylvania - West
6322,4,0,4,12920B,Spiderbot v3.0- OIS-B,OXFORD INTERMEDIATE SCHOOL,Mississippi
6323,4,0,4,28847M,Mauldin Robotics,Mauldin Robotics ,South Carolina
6324,4,0,4,51503K,The English Fries,GERALD W KIRN MIDDLE SCHOOL,Iowa
6325,4,0,4,3107C,Templestowe College,Templestowe College,Australia
6326,4,0,4,835D,SSMS Vexosaurous,SULPHUR SPRINGS MIDDLE,Texas - Region 2
6327,4,0,4,80018C,G-Force,HAZELWOOD ELEMENTARY/MIDDLE,Maryland
6328,4,0,4,84125A,The Golden Eagles,The Gilberd School,United Kingdom
6329,4,0,4,66366E,Kahn,MARTINEZ MIDDLE SCHOOL,Florida - North/Central
6330,4,0,4,18832A,New Plymouth Nano Ninjas,New Plymouth Boy's High School,New Zealand
6331,4,0,4,20471A,Team 1,VINEMONT MIDDLE SCHOOL,Alabama
6332,4,0,4,20658D,CasevilleD,Caseville Middle School,Michigan
6333,4,0,4,30004D,DeSana Robotics D,DESANA MIDDLE SCHOOL,Georgia
6334,4,0,4,83120A,New Dawn Team A,New Dawn Academy,Michigan
6335,4,0,4,16756E,RoboRaiders,WINNSBORO J H,Texas - Region 2
6336,4,0,4,46511B,Los Quesea,DELMAR INTERNATIONAL SCHOOL-6,Mexico
6337,4,0,4,63336B,White House Middle School Robotics Team B,White House Middle School,Tennessee
6338,4,0,4,8135C,Grizzly Gears,PINEY GROVE MIDDLE SCHOOL,Georgia
6339,4,0,4,51503C,The Critical Hits,GERALD W KIRN MIDDLE SCHOOL,Iowa
6340,4,0,4,17612J,SpiderBots Cancun,SpiderBots Colegio St Johns,Mexico
6341,4,0,4,43160A,Thee Diamonds,Washington Middle School,Ohio
6342,4,0,4,24250D,VEX Vikings Delta,BRENTWOOD MIDDLE SCHOOL,Tennessee
6343,4,0,4,15147C,Redeemer Robotic Rams,Redeemer Lutheran School,Pennsylvania - West
6344,4,0,4,6697D,The Dominators,Prattville Junior High School,Alabama
6345,4,0,4,89086A,Robo Kai Team 1,PARKSIDE ELEMENTARY SCHOOL,Alabama
6346,4,0,4,60675R,Robo Raiders,ROSE HILL SCHOOL,Tennessee
6347,4,0,4,58319B,Titan Attack,NORTH MOBILE COUNTY MIDDLE SCHOOL,Alabama
6348,4,0,4,494C,Piña Colados,COMMUNITY SCHOOL OF NAPLES,Florida - South
6349,4,0,4,3585B,Lisbon Panthers,Lisbon Regional School,New Hampshire/Vermont
6350,4,0,4,75485B,D1 Destroyers,NORTHSIDE MIDDLE SCHOOL,Indiana - Region 3 - South
6351,4,0,4,10999F,Ashford Wolfbots,ASHFORD SCHOOL,Connecticut
6352,4,0,4,67294A,RNM,Schroeder Middle School,North Dakota
6353,4,0,4,83870A,Atoms Family,IRONDALE MIDDLE SCHOOL,Alabama
6354,4,0,4,17057D,Colyton Grammar School,Colyton Grammar School,United Kingdom
6355,4,0,4,20603A,AXIS A,Achieve Xiamen International School,South China
6356,4,0,4,48604B,Robo Catz,PIKE CENTRAL MIDDLE SCHOOL,Indiana - Region 3 - South
6357,4,0,4,1715B,The Bumblebee Bots,Hopkinton Middle School,Massachusetts
6358,4,0,4,78880A,MS Team,ROCKSPRINGS ISD,Texas - Region 4
6359,4,0,4,30004B,DeSana Robotics B,DESANA MIDDLE SCHOOL,Georgia
6360,4,0,4,63714J,Ingenium Lions,Wellington College International Shanghai,East China
6361,4,0,4,32868D,Chargers-D,SAGE PARK MIDDLE SCHOOL,Connecticut
6362,4,0,4,10425X,NFCS Robotics,NEW FOUNDATIONS CS,Pennsylvania - East
6363,4,0,4,26503A,SUPERNOVA,Colegio Terranova,Ecuador
6364,4,0,4,32868C,Chargers-C,SAGE PARK MIDDLE SCHOOL,Connecticut
6365,4,0,4,64387A,Holy Family Electric Eagles,Holy Family Catholic Parish and School,Wisconsin
6366,4,0,4,14777A,Canyon Park 1,CANYON PARK MIDDLE SCHOOL,Washington
6367,4,0,4,72051D,SCA Blue Team,ST CATHERINE OF ALEXANDRIA SCHOOL,California - South
6368,4,0,4,64525C,ASHGO-UPT3,ACADEMIA STEM HIDALGO-UP TULANCINGO,Mexico
6369,4,0,4,44234V,RoboEagles,Vista Middle School,New Mexico
6370,4,0,4,25683A,Sandhill View,Sandhill View Academy,United Kingdom
6371,4,0,4,14465C,Colts,EMORY H MARKLE MIDDLE SCHOOL,Pennsylvania - East
6372,4,0,4,8600C,The Penguins - 8600C,HERITAGE SCHOOL,Michigan
6373,4,0,4,25131A,Bobby's Bobcats,Harmony Science Academy - Midland,Texas - Region 5
6374,4,0,4,1800D,HTS Hawks,Holy Trinity School,Ontario
6375,4,0,4,43767A,Tinkering Tigers,SEDALIA MIDDLE SCHOOL,Missouri
6376,4,0,4,51186C,Toxicity,St. Monica Catholic School,Indiana - Region 2 - Central
6377,4,0,4,91306B,91306B,Gallen Community School,Ireland
6378,4,0,4,87672K,Silver River Robotics,CNC Kilcormac,Ireland
6379,4,0,4,50912B,Banagher College IQ 1,Banagher College,Ireland
6380,4,0,4,68702K,Falcons,QSI Quality Schools International,South China
6381,4,0,4,7974C,7974C,NEW PROVIDENCE MIDDLE SCHOOL,New Jersey
6382,4,0,4,33331B,Teal 1,Silver Trail Middle School,Florida - South
6383,4,0,4,71193M,McKissick Megs,McKissick Academy,South Carolina
6384,4,0,4,5536C,Hampden Mustangs,HAMPDEN ELEMENTARY/MIDDLE,Maryland
6385,4,0,4,4649C,Ninjabotics C,The American School in Japan,Japan
6386,4,0,4,13330A,Al-Iman Girls,Al Iman School (Girls' Section),Bahrain
6387,4,0,4,52937E,Spartans,St John Bosco,Indiana - Region 1 - North
6388,4,0,4,61531A,Washington Catholic Cardinals,Washington Catholic Elementary School,Indiana - Region 3 - South
6389,4,0,4,61531B,Washington Catholic Cardinals,WASHINGTON Catholic Elementary School,Indiana - Region 3 - South
6390,4,0,4,1876W,Quakers,FRIENDS ACADEMY,New York-South
6391,4,0,4,1650B,Huntington Robotics,J TAYLOR FINLEY MIDDLE SCHOOL,New York-South
6392,3,0,3,61995A,AL-THIKR ROBOTICS,مجمع مدارس الذكر النموذجية,Saudi Arabia
6393,2,2,0,14916B,HSC-Middle School,Hillfield Strathallan College,Ontario
6394,2,2,0,50814A,Tech Core,Başkent Üniversitesi Özel Ayşeabla Okulları ,Türkiye
6395,2,2,0,31644D,RoboRocks,Code Ninjas Encino,California - South
6396,2,2,0,73807N,The Rage Baiters,GERMANTOWN MIDDLE SCHOOL,Mississippi
6397,2,2,0,91786A,Vikings,St. Joseph School,California - South
6398,2,2,0,1245R,Dragon,ROBOCOD Sousse,Tunisia
6399,2,0,2,43767F,The Tiger Engineers,SEDALIA MIDDLE SCHOOL,Missouri
6400,2,0,2,4340A,TechLabs Nasarala,TechLabs,Switzerland
6401,2,0,2,14916D,HSC-Middle School,Hillfield Strathallan College,Ontario
6402,2,0,2,30410A,Hilltopper Bots A,St. Johnsbury Academy Jeju,South Korea
6403,2,0,2,49562E,The Bone Crushers,CENTRAL SCHOOL,Illinois
6404,2,0,2,24270A,CUCCH1,CUHKFAA Chan Chun Ha Secondary School,Hong Kong
6405,2,0,2,95722A,Westfield Wizzes,Westfield School,United Kingdom
6406,2,0,2,65519K,SV_SESAN,Sao Viet inter level school,Vietnam
6407,2,0,2,21124A,The United Rockets,ELLEN OCHOA LEARNING CENTER,California - South
6408,2,0,2,15819E,Oxley The Claw,Oxley High School,Australia
6409,2,0,2,12819W,Roboto-Carlos,Adelaide Botanic High School,Australia
6410,2,0,2,2915N,Lynfield N,Lynfield College,New Zealand
6411,2,0,2,99258R,Valkyrie,Valkyrie Robotics,Georgia
6412,2,0,2,31208A,青龙队,广州EM少儿编程,South China
6413,2,0,2,67719D,CyberSpartans,ST EDWARD CATHOLIC SCHOOL,California - North
6414,2,0,2,86674C,The Marauders,South Coast Baptist College,Australia
6415,2,0,2,86442B,Cosmic Comets,Jackson Academic STEAM Academy,Tennessee
6416,2,0,2,2076C,Loading...,Knox Grammar School,Australia
6417,2,0,2,95979C,The Survivors,Liberty Middle School,Georgia
6418,2,0,2,28847A,Mauldin Robotics,Mauldin Robotics ,South Carolina
6419,2,0,2,9078F,Glizzy Gobblers,GRIFFITHS (GORDON) MIDDLE,California - South
6420,2,0,2,44233A,CCA Rams,COVENANT CHRISTIAN ACADEMY,Georgia
6421,2,0,2,30004A,DeSana Robotics A,DESANA MIDDLE SCHOOL,Georgia
6422,2,0,2,51608D,Precision Panthers,POPE SCHOOL,Tennessee
6423,2,0,2,38648B,Lupton Junior High School,Lupton Junior High School,Alabama
6424,2,0,2,8135D,Grizzly Gears,PINEY GROVE MIDDLE SCHOOL,Georgia
6425,2,0,2,36658C,Lisa Ghost Hunters,Lisa Academy Fayetteville,Arkansas
6426,2,0,2,38396A,Karvanopat,Pennalan koulu,Finland
6427,2,0,2,2158B,Robo+,Cedars International School,Iraq
6428,2,0,2,2158A,Cedars Stars,Cedars International School,Iraq
6429,2,0,2,5397B,BISK RoboRise,British International Schools in Iraq,Iraq
6430,2,0,2,66744A,Takobara,Dům Dětí a Mládeže hl. m. Prahy,Czech Republic
6431,2,0,2,62558A,The Rebellious 5,Apollo Middle School,Florida - South
6432,2,0,2,67719B,CyberSpartans,ST EDWARD CATHOLIC SCHOOL,California - North
6433,2,0,2,2502G,Haile Storm Grey Goobers,CARLOS E. HAILE MIDDLE SCHOOL,Florida - North/Central
6434,2,0,2,9025A,Hog Riders,DORAL ACADEMY CACTUS,Nevada
6435,2,0,2,36240X,Robo Rebels,Southwest Christian School-preparatory Campus,Texas - Region 5
6436,2,0,2,15147F,Redeemer Robotic Rams,Redeemer Lutheran School,Pennsylvania - West
6437,2,0,2,11509C,The Regal Eagles,JOSE J ALDERETE MIDDLE,Texas - Region 1
6438,2,0,2,1359D,Project Dynamic,Henry J. Mclaughlin Middle School,New Hampshire/Vermont
6439,2,0,2,16630A,Steamoji Plan C,Steamoji Redmond,Washington
6440,2,0,2,77430P,Vapor Busters,Farmington Junior High School,Utah
6441,2,0,2,17744B,Quantum Leap D,OXFORD ACADEMY,California - South
6442,2,0,2,70586A,Rock Lake I,Rock  Lake Middle School,Florida - North/Central
6443,2,0,2,91111A,Frosted Golden Apple Scraps,Southside Middle School,Indiana - Region 1 - North
6444,2,0,2,10999D,Ashford Wolfbots,ASHFORD SCHOOL,Connecticut
6445,2,0,2,6047A,The Mafia,WOOD MIDDLE,Texas - Region 4
6446,2,0,2,2664A,Water Buffalos,Rectory School,Connecticut
6447,2,0,2,97058D,Four Frogs In A Trench Coat,Wasco County 4-H & The Dalles Middle School,Oregon
6448,2,0,2,1511W,Loose Screws,EASTMARK HIGH SCHOOL,Arizona
6449,2,0,2,81314V,AISG - IQ - 2,American International School of Guangzhou,South China
6450,2,0,2,14581G,Bros and Gears,Charlotte Public Schools,Michigan
6451,2,0,2,37174B,Mustangs,SPRING STATION MIDDLE SCHOOL,Tennessee
6452,2,0,2,4140R,Charismatic French Geckos,St. Paul's Lutheran School,Wisconsin
6453,2,0,2,29617T,VERY GOOD name,LAKEVIEW MIDDLE,South Carolina
6454,2,0,2,45535A,Robotic Lab Rats,BREWBAKER MIDDLE SCHOOL,Alabama
6455,2,0,2,53475V,DUKE,YCIS PD,East China
6456,2,0,2,10425B,NFCS Robotics,NEW FOUNDATIONS CS,Pennsylvania - East
6457,2,0,2,82922A,CTMS VexA,CLINTON TOWNSHIP MIDDLE SCHOOL,New Jersey
6458,2,0,2,36373B,Braindians,WETUMPKA MIDDLE SCHOOL,Alabama
6459,2,0,2,92959A,DMHS Phoenices,Denver Montessori Junior High School,Colorado
6460,2,0,2,42024A,Robo Renegade,STEM Academy,California - South
6461,2,0,2,64525A,ASHGO-UPT1,ACADEMIA STEM HIDALGO-UP TULANCINGO,Mexico
6462,2,0,2,46302A,Shotton Hall,The Academy at Shotton Hall,United Kingdom
6463,2,0,2,20471B,Team 2,VINEMONT MIDDLE SCHOOL,Alabama
6464,2,0,2,13765B,MTS_MIX,Merchant Taylors' School,United Kingdom
6465,2,0,2,7222D,NOLAN Team D,Nolan Middle School,Florida - North/Central
6466,2,0,2,45885E,W.I.R.E.D - Middle School E,Waterford School District,Michigan
6467,2,0,2,43472A,Crusader Crushers,ST RITA SCHOOL,Connecticut
6468,2,0,2,24351D,BROKEN GEARS,Engage Robotics - GALS Denver,Colorado
6469,2,0,2,32212A,St. Mary School,ST MARY SCHOOL,Connecticut
6470,2,0,2,40401A,40401,CARBON VALLEY ACADEMY,Colorado
6471,2,0,2,84263C,ESCA Streaming Eagles 3,East Shoreline Catholic Academy,Connecticut
6472,2,0,2,72101C,Hamden Hall MS6 Green,HAMDEN HALL COUNTRY DAY SCHOOL,Connecticut
6473,2,0,2,68473C,Destroyers,MARSHALL MIDDLE,Texas - Region 3
6474,2,0,2,40401B,40402,CARBON VALLEY ACADEMY,Colorado
6475,2,0,2,10635C,DMJBulls3,DR MONA JAIN MIDDLE SCHOOL,Florida - North/Central
6476,2,0,2,14140E,SMW Robotics 5,Stephen M. White Middle School and S.T.E.A.M Magnet,California - South
6477,2,0,2,63278C,Carnegie Middle School,ANDREW CARNEGIE MIDDLE,California - South
6478,2,0,2,37565A,Pioneers,Rawd Alsaleheen bilingual school ,Kuwait
6479,2,0,2,35462G,Tech Terminators,ROBERT BROWN MIDDLE SCHOOL,Alabama
6480,2,0,2,86832F,ISB Dragons F,INTERNATIONAL SCHOOL OF BEIJING,North China
6481,2,0,2,36252K,ROBOT on TOUR 2,Johann-Simon-Mayr-Schule Staatl. Realschule Riedenburg,Germany
6482,2,0,2,37423D,Panda Dynamics,OLIVE VISTA STEAM MAGNET,California - South
6483,2,0,2,1387G,Mechanical Crashers,H L HARSHMAN MIDDLE SCHOOL,Indiana - Region 2 - Central
6484,2,0,2,37555C,Benebots,ST BENEDICT CATHOLIC SCHOOL,Alabama
6485,2,0,2,69315B,SMSTurkeys2,ST MARY'S EPISCOPAL SCHOOL,Tennessee
6486,2,0,2,9915A,BAMS#1,Bel Air Midldle,Texas - Region 1
6487,2,0,2,28134C,Otwell Robotics,Otwell Middle School,Georgia
6488,2,0,2,9635J,RoboKnights,CHARLOTTE CHRISTIAN SCHOOL,North Carolina
6489,2,0,2,81424D,RoboTakis,Gus Almquist Middle School,Texas - Region 4
6490,2,0,2,29023M,MAFI Eagles 1,Maya Angelou French Immersion ,Maryland
6491,2,0,2,14204B,1420B,Crestwood Middle School,Virginia
6492,2,0,2,1114B,Matrix Masters,Glebe Elementary School Parent Teacher Association,Virginia
6493,2,0,2,88738A,The Exploras,Seminole Junior High School,Texas - Region 5
6494,2,0,2,17807B,Quacker Squad 2.0,RIO VISTA ELEMENTARY,Arizona
6495,2,0,2,1771S,Bilim Start 3,Bilim Start,Kazakhstan
6496,2,0,2,61868G,Əjdahalar,STEAM Azerbaijan,Azerbaijan
6497,2,0,2,43952A,Thundering Herd,HARDING MIDDLE SCHOOL,Ohio
6498,2,0,2,93638C,Clairton Bears 3,CLAIRTON MIDDLE SCHOOL/HIGH SCHOOL,Pennsylvania - West
6499,2,0,2,10673G,UnderDawgs,Marshall Middle School,Pennsylvania - West
6500,2,0,2,20908B,Kraken Kinetics,Americas Bicultural School,Dominican Republic
6501,2,0,2,835B,SSMS The Main Characters,SULPHUR SPRINGS MIDDLE,Texas - Region 2
6502,2,0,2,50491E,The Cherry Rockk Stars,GATEWAY SCIENCE ACADEMY OF ST. LOUIS - MIDDLE,Missouri
6503,2,0,2,5536A,Hampden Mustangs,HAMPDEN ELEMENTARY/MIDDLE,Maryland
6504,2,0,2,8018A,Bulldogs,Johnston Stem Academy,Nevada
6505,2,0,2,4649A,Ninjabotics A,The American School in Japan,Japan
6506,2,0,2,74847D,The Buffoons,St. Mary's International School,Japan
6507,2,0,2,392R,Indains,DAHLONEGAH PUBLIC SCHOOL,Oklahoma
6508,2,0,2,11935B,Rebel Roboteers 2.0,Southwestern Elementary School,Indiana - Region 3 - South
6509,2,0,2,86424M,Bryson Bulldogs,Bryson Middle School,South Carolina
6510,2,0,2,93518A,Hawkbot 1,Skyline Middle School,Virginia
6511,2,0,2,51503B,Cobras,GERALD W KIRN MIDDLE SCHOOL,Iowa
6512,2,0,2,14981A,The Musselman Builders,Musselman Middle School,West Virginia
6513,2,0,2,435E,Robot Medical Institution,Noe Middle School,Kentucky
6514,2,0,2,89899A,Cerritos Chinese School Team Dragons,Chinese Culture Association of Southern California,California - South
6515,2,0,2,11177E,NeoBots,WESTLANE MIDDLE SCHOOL,Indiana - Region 2 - Central
6516,2,0,2,17555B,Girl Power,Hamilton Southeastern Intermediate & Junior High School,Indiana - Region 2 - Central
6517,1,1,0,4523P,BUZZ BEE,CodHub Ksar Hellal,Tunisia